index,z,y,x,padded_context,valid,positive,tp,fp,fn,iou,dice,precision,recall
0,320,0,0,1,18628,0,0,0,0,0.0,0.0,0.0,0.0
1,320,64,0,1,66461,0,0,0,0,0.0,0.0,0.0,0.0
2,320,64,64,0,50638,0,0,0,0,0.0,0.0,0.0,0.0
3,320,64,128,1,31451,0,0,0,0,0.0,0.0,0.0,0.0
4,320,128,0,1,212550,0,0,0,0,0.0,0.0,0.0,0.0
5,320,128,64,0,212541,0,0,0,0,0.0,0.0,0.0,0.0
6,320,128,128,1,132244,0,0,0,0,0.0,0.0,0.0,0.0
7,320,192,0,1,212971,0,0,0,0,0.0,0.0,0.0,0.0
8,320,192,64,0,212951,0,0,0,0,0.0,0.0,0.0,0.0
9,320,192,128,1,132343,0,0,0,0,0.0,0.0,0.0,0.0
10,320,256,0,1,212936,0,0,0,0,0.0,0.0,0.0,0.0
11,320,256,64,0,213371,0,0,0,0,0.0,0.0,0.0,0.0
12,320,256,128,1,132560,0,0,0,0,0.0,0.0,0.0,0.0
13,320,320,0,1,213768,0,0,0,0,0.0,0.0,0.0,0.0
14,320,320,64,0,213380,0,0,0,0,0.0,0.0,0.0,0.0
15,320,320,128,1,132766,0,0,0,0,0.0,0.0,0.0,0.0
16,320,384,0,1,213931,0,0,0,0,0.0,0.0,0.0,0.0
17,320,384,64,0,213560,0,0,0,0,0.0,0.0,0.0,0.0
18,320,384,128,1,133153,0,0,0,0,0.0,0.0,0.0,0.0
19,320,448,0,1,213978,0,0,0,0,0.0,0.0,0.0,0.0
20,320,448,64,0,213495,0,0,0,0,0.0,0.0,0.0,0.0
21,320,448,128,1,133944,0,0,0,0,0.0,0.0,0.0,0.0
22,320,512,0,1,213662,0,0,0,0,0.0,0.0,0.0,0.0
23,320,512,64,0,213035,0,0,0,0,0.0,0.0,0.0,0.0
24,320,512,128,1,134095,0,0,0,0,0.0,0.0,0.0,0.0
25,320,576,0,1,214240,0,0,0,0,0.0,0.0,0.0,0.0
26,320,576,64,0,213777,0,0,0,0,0.0,0.0,0.0,0.0
27,320,576,128,1,133660,0,0,0,0,0.0,0.0,0.0,0.0
28,320,640,0,1,213905,0,0,0,0,0.0,0.0,0.0,0.0
29,320,640,64,0,213296,0,0,0,0,0.0,0.0,0.0,0.0
30,320,640,128,1,133975,0,0,0,0,0.0,0.0,0.0,0.0
31,320,704,0,1,213934,0,0,0,0,0.0,0.0,0.0,0.0
32,320,704,64,0,213151,0,0,0,0,0.0,0.0,0.0,0.0
33,320,704,128,1,133753,0,0,0,0,0.0,0.0,0.0,0.0
34,320,768,0,1,214184,0,0,0,0,0.0,0.0,0.0,0.0
35,320,768,64,0,213604,0,0,0,0,0.0,0.0,0.0,0.0
36,320,768,128,1,133469,0,0,0,0,0.0,0.0,0.0,0.0
37,320,832,0,1,214361,0,0,0,0,0.0,0.0,0.0,0.0
38,320,832,64,0,214006,0,0,0,0,0.0,0.0,0.0,0.0
39,320,832,128,1,134191,0,0,0,0,0.0,0.0,0.0,0.0
40,320,896,0,1,214202,0,0,0,0,0.0,0.0,0.0,0.0
41,320,896,64,0,214207,0,0,0,0,0.0,0.0,0.0,0.0
42,320,896,128,1,134193,0,0,0,0,0.0,0.0,0.0,0.0
43,320,960,0,1,214308,0,0,0,0,0.0,0.0,0.0,0.0
44,320,960,64,0,214420,0,0,0,0,0.0,0.0,0.0,0.0
45,320,960,128,1,134290,0,0,0,0,0.0,0.0,0.0,0.0
46,320,1024,0,1,213853,0,0,0,0,0.0,0.0,0.0,0.0
47,320,1024,64,0,214086,0,0,0,0,0.0,0.0,0.0,0.0
48,320,1024,128,1,134482,0,0,0,0,0.0,0.0,0.0,0.0
49,320,1088,0,1,213600,0,0,0,0,0.0,0.0,0.0,0.0
50,320,1088,64,0,214097,0,0,0,0,0.0,0.0,0.0,0.0
51,320,1088,128,1,134344,0,0,0,0,0.0,0.0,0.0,0.0
52,320,1152,0,1,214241,0,0,0,0,0.0,0.0,0.0,0.0
53,320,1152,64,0,214420,0,0,0,0,0.0,0.0,0.0,0.0
54,320,1152,128,1,134183,0,0,0,0,0.0,0.0,0.0,0.0
55,320,1216,0,1,214142,0,0,0,0,0.0,0.0,0.0,0.0
56,320,1216,64,0,214645,0,0,0,0,0.0,0.0,0.0,0.0
57,320,1216,128,1,134157,0,0,0,0,0.0,0.0,0.0,0.0
58,320,1280,0,1,214333,0,0,0,0,0.0,0.0,0.0,0.0
59,320,1280,64,0,214988,0,0,0,0,0.0,0.0,0.0,0.0
60,320,1280,128,1,134460,0,0,0,0,0.0,0.0,0.0,0.0
61,320,1344,0,1,214342,0,0,0,0,0.0,0.0,0.0,0.0
62,320,1344,64,0,215060,0,0,0,0,0.0,0.0,0.0,0.0
63,320,1344,128,1,134379,0,0,0,0,0.0,0.0,0.0,0.0
64,320,1408,0,1,214325,0,0,0,0,0.0,0.0,0.0,0.0
65,320,1408,64,0,215122,0,0,0,0,0.0,0.0,0.0,0.0
66,320,1408,128,1,134561,0,0,0,0,0.0,0.0,0.0,0.0
67,320,1472,0,1,214572,0,0,0,0,0.0,0.0,0.0,0.0
68,320,1472,64,0,215012,0,0,0,0,0.0,0.0,0.0,0.0
69,320,1472,128,1,134433,0,0,0,0,0.0,0.0,0.0,0.0
70,320,1536,0,1,214824,0,0,0,0,0.0,0.0,0.0,0.0
71,320,1536,64,0,215084,0,0,0,0,0.0,0.0,0.0,0.0
72,320,1536,128,1,134331,0,0,0,0,0.0,0.0,0.0,0.0
73,320,1600,0,1,214856,0,0,0,0,0.0,0.0,0.0,0.0
74,320,1600,64,0,215525,0,0,0,0,0.0,0.0,0.0,0.0
75,320,1600,128,1,134566,0,0,0,0,0.0,0.0,0.0,0.0
76,320,1664,0,1,215528,0,0,0,0,0.0,0.0,0.0,0.0
77,320,1664,64,0,215165,0,0,0,0,0.0,0.0,0.0,0.0
78,320,1664,128,1,134436,0,0,0,0,0.0,0.0,0.0,0.0
79,320,1728,0,1,215261,0,0,0,0,0.0,0.0,0.0,0.0
80,320,1728,64,0,215532,0,0,0,0,0.0,0.0,0.0,0.0
81,320,1728,128,1,134181,0,0,0,0,0.0,0.0,0.0,0.0
82,320,1792,0,1,215472,0,0,0,0,0.0,0.0,0.0,0.0
83,320,1792,64,0,215757,0,0,0,0,0.0,0.0,0.0,0.0
84,320,1792,128,1,134424,0,0,0,0,0.0,0.0,0.0,0.0
85,320,1856,0,1,215697,0,0,0,0,0.0,0.0,0.0,0.0
86,320,1856,64,0,215526,0,0,0,0,0.0,0.0,0.0,0.0
87,320,1856,128,1,134378,0,0,0,0,0.0,0.0,0.0,0.0
88,320,1920,0,1,215274,0,0,0,0,0.0,0.0,0.0,0.0
89,320,1920,64,0,216135,0,0,0,0,0.0,0.0,0.0,0.0
90,320,1920,128,1,134419,0,0,0,0,0.0,0.0,0.0,0.0
91,320,1984,0,1,215513,0,0,0,0,0.0,0.0,0.0,0.0
92,320,1984,64,0,215720,0,0,0,0,0.0,0.0,0.0,0.0
93,320,1984,128,1,134706,0,0,0,0,0.0,0.0,0.0,0.0
94,320,2048,0,1,215425,0,0,0,0,0.0,0.0,0.0,0.0
95,320,2048,64,0,215670,0,0,0,0,0.0,0.0,0.0,0.0
96,320,2048,128,1,134626,0,0,0,0,0.0,0.0,0.0,0.0
97,320,2112,0,1,215631,0,0,0,0,0.0,0.0,0.0,0.0
98,320,2112,64,0,215678,0,0,0,0,0.0,0.0,0.0,0.0
99,320,2112,128,1,134545,0,0,0,0,0.0,0.0,0.0,0.0
100,320,2176,0,1,215392,0,0,0,0,0.0,0.0,0.0,0.0
101,320,2176,64,0,215996,0,0,0,0,0.0,0.0,0.0,0.0
102,320,2176,128,1,134535,0,0,0,0,0.0,0.0,0.0,0.0
103,320,2240,0,1,215773,0,0,0,0,0.0,0.0,0.0,0.0
104,320,2240,64,0,215695,0,0,0,0,0.0,0.0,0.0,0.0
105,320,2240,128,1,134693,0,0,0,0,0.0,0.0,0.0,0.0
106,320,2304,0,1,215552,0,0,0,0,0.0,0.0,0.0,0.0
107,320,2304,64,0,215817,0,0,0,0,0.0,0.0,0.0,0.0
108,320,2304,128,1,134728,0,0,0,0,0.0,0.0,0.0,0.0
109,320,2368,0,1,215223,0,0,0,0,0.0,0.0,0.0,0.0
110,320,2368,64,0,215534,0,0,0,0,0.0,0.0,0.0,0.0
111,320,2368,128,1,134709,0,0,0,0,0.0,0.0,0.0,0.0
112,320,2432,0,1,215368,0,0,0,0,0.0,0.0,0.0,0.0
113,320,2432,64,0,215914,0,0,0,0,0.0,0.0,0.0,0.0
114,320,2432,128,1,134697,0,0,0,0,0.0,0.0,0.0,0.0
115,320,2496,0,1,197051,0,0,0,0,0.0,0.0,0.0,0.0
116,320,2496,64,0,215459,0,0,0,0,0.0,0.0,0.0,0.0
117,320,2496,128,1,134662,0,0,0,0,0.0,0.0,0.0,0.0
118,320,2560,0,1,75211,0,0,0,0,0.0,0.0,0.0,0.0
119,320,2560,64,0,214843,0,0,0,0,0.0,0.0,0.0,0.0
120,320,2560,128,1,134815,0,0,0,0,0.0,0.0,0.0,0.0
121,320,2624,0,1,1334,0,0,0,0,0.0,0.0,0.0,0.0
122,320,2624,64,0,145108,0,0,0,0,0.0,0.0,0.0,0.0
123,320,2624,128,1,134833,0,0,0,0,0.0,0.0,0.0,0.0
124,320,2688,64,0,17021,0,0,0,0,0.0,0.0,0.0,0.0
125,320,2688,128,1,123647,0,0,0,0,0.0,0.0,0.0,0.0
126,320,2752,128,1,19875,0,0,0,0,0.0,0.0,0.0,0.0
127,384,0,0,1,23040,0,0,0,0,0.0,0.0,0.0,0.0
128,384,64,0,1,93916,0,0,0,0,0.0,0.0,0.0,0.0
129,384,64,64,0,75392,0,0,0,0,0.0,0.0,0.0,0.0
130,384,64,128,1,48286,0,0,0,0,0.0,0.0,0.0,0.0
131,384,128,0,1,262144,0,0,115,0,0.0,0.0,0.0,0.0
132,384,128,64,0,262144,0,0,0,0,0.0,0.0,0.0,0.0
133,384,128,128,1,163840,0,0,0,0,0.0,0.0,0.0,0.0
134,384,192,0,1,262144,0,0,64,0,0.0,0.0,0.0,0.0
135,384,192,64,0,262144,0,0,0,0,0.0,0.0,0.0,0.0
136,384,192,128,1,163840,0,0,194,0,0.0,0.0,0.0,0.0
137,384,256,0,1,262144,0,0,62,0,0.0,0.0,0.0,0.0
138,384,256,64,0,262144,0,0,0,0,0.0,0.0,0.0,0.0
139,384,256,128,1,163840,0,0,710,0,0.0,0.0,0.0,0.0
140,384,320,0,1,262144,0,0,0,0,0.0,0.0,0.0,0.0
141,384,320,64,0,262144,0,0,0,0,0.0,0.0,0.0,0.0
142,384,320,128,1,163840,0,0,209,0,0.0,0.0,0.0,0.0
143,384,384,0,1,262144,0,0,0,0,0.0,0.0,0.0,0.0
144,384,384,64,0,262144,0,0,0,0,0.0,0.0,0.0,0.0
145,384,384,128,1,163840,0,0,5,0,0.0,0.0,0.0,0.0
146,384,448,0,1,262144,0,0,19,0,0.0,0.0,0.0,0.0
147,384,448,64,0,262144,0,0,0,0,0.0,0.0,0.0,0.0
148,384,448,128,1,163840,0,0,146,0,0.0,0.0,0.0,0.0
149,384,512,0,1,262144,0,0,0,0,0.0,0.0,0.0,0.0
150,384,512,64,0,262144,0,0,4,0,0.0,0.0,0.0,0.0
151,384,512,128,1,163840,0,0,0,0,0.0,0.0,0.0,0.0
152,384,576,0,1,262144,0,0,0,0,0.0,0.0,0.0,0.0
153,384,576,64,0,262144,0,0,0,0,0.0,0.0,0.0,0.0
154,384,576,128,1,163840,0,0,0,0,0.0,0.0,0.0,0.0
155,384,640,0,1,262144,0,0,0,0,0.0,0.0,0.0,0.0
156,384,640,64,0,262144,0,0,0,0,0.0,0.0,0.0,0.0
157,384,640,128,1,163840,0,0,0,0,0.0,0.0,0.0,0.0
158,384,704,0,1,262144,0,0,0,0,0.0,0.0,0.0,0.0
159,384,704,64,0,262144,0,0,0,0,0.0,0.0,0.0,0.0
160,384,704,128,1,163840,0,0,0,0,0.0,0.0,0.0,0.0
161,384,768,0,1,262144,0,0,252,0,0.0,0.0,0.0,0.0
162,384,768,64,0,262144,0,0,0,0,0.0,0.0,0.0,0.0
163,384,768,128,1,163840,0,0,0,0,0.0,0.0,0.0,0.0
164,384,832,0,1,262144,0,0,0,0,0.0,0.0,0.0,0.0
165,384,832,64,0,262144,0,0,0,0,0.0,0.0,0.0,0.0
166,384,832,128,1,163840,0,0,0,0,0.0,0.0,0.0,0.0
167,384,896,0,1,262144,0,0,0,0,0.0,0.0,0.0,0.0
168,384,896,64,0,262144,0,0,0,0,0.0,0.0,0.0,0.0
169,384,896,128,1,163840,0,0,0,0,0.0,0.0,0.0,0.0
170,384,960,0,1,262144,0,0,0,0,0.0,0.0,0.0,0.0
171,384,960,64,0,262144,0,0,0,0,0.0,0.0,0.0,0.0
172,384,960,128,1,163840,0,0,0,0,0.0,0.0,0.0,0.0
173,384,1024,0,1,262144,0,0,0,0,0.0,0.0,0.0,0.0
174,384,1024,64,0,262144,0,0,0,0,0.0,0.0,0.0,0.0
175,384,1024,128,1,163840,0,0,0,0,0.0,0.0,0.0,0.0
176,384,1088,0,1,262144,0,0,0,0,0.0,0.0,0.0,0.0
177,384,1088,64,0,262144,0,0,0,0,0.0,0.0,0.0,0.0
178,384,1088,128,1,163840,0,0,0,0,0.0,0.0,0.0,0.0
179,384,1152,0,1,262144,0,0,0,0,0.0,0.0,0.0,0.0
180,384,1152,64,0,262144,0,0,0,0,0.0,0.0,0.0,0.0
181,384,1152,128,1,163840,0,0,0,0,0.0,0.0,0.0,0.0
182,384,1216,0,1,262144,0,0,0,0,0.0,0.0,0.0,0.0
183,384,1216,64,0,262144,0,0,0,0,0.0,0.0,0.0,0.0
184,384,1216,128,1,163840,0,0,0,0,0.0,0.0,0.0,0.0
185,384,1280,0,1,262144,0,0,0,0,0.0,0.0,0.0,0.0
186,384,1280,64,0,262144,0,0,0,0,0.0,0.0,0.0,0.0
187,384,1280,128,1,163840,0,0,0,0,0.0,0.0,0.0,0.0
188,384,1344,0,1,262144,0,0,0,0,0.0,0.0,0.0,0.0
189,384,1344,64,0,262144,0,0,0,0,0.0,0.0,0.0,0.0
190,384,1344,128,1,163840,0,0,0,0,0.0,0.0,0.0,0.0
191,384,1408,0,1,262144,0,0,0,0,0.0,0.0,0.0,0.0
192,384,1408,64,0,262144,0,0,0,0,0.0,0.0,0.0,0.0
193,384,1408,128,1,163840,0,0,0,0,0.0,0.0,0.0,0.0
194,384,1472,0,1,262144,0,0,0,0,0.0,0.0,0.0,0.0
195,384,1472,64,0,262144,0,0,0,0,0.0,0.0,0.0,0.0
196,384,1472,128,1,163840,0,0,0,0,0.0,0.0,0.0,0.0
197,384,1536,0,1,262144,0,0,0,0,0.0,0.0,0.0,0.0
198,384,1536,64,0,262144,0,0,0,0,0.0,0.0,0.0,0.0
199,384,1536,128,1,163840,0,0,0,0,0.0,0.0,0.0,0.0
200,384,1600,0,1,262144,0,0,0,0,0.0,0.0,0.0,0.0
201,384,1600,64,0,262144,0,0,0,0,0.0,0.0,0.0,0.0
202,384,1600,128,1,163840,0,0,0,0,0.0,0.0,0.0,0.0
203,384,1664,0,1,262144,0,0,0,0,0.0,0.0,0.0,0.0
204,384,1664,64,0,262144,0,0,0,0,0.0,0.0,0.0,0.0
205,384,1664,128,1,163840,0,0,0,0,0.0,0.0,0.0,0.0
206,384,1728,0,1,262144,0,0,0,0,0.0,0.0,0.0,0.0
207,384,1728,64,0,262144,0,0,0,0,0.0,0.0,0.0,0.0
208,384,1728,128,1,163840,0,0,0,0,0.0,0.0,0.0,0.0
209,384,1792,0,1,262144,0,0,0,0,0.0,0.0,0.0,0.0
210,384,1792,64,0,262144,0,0,0,0,0.0,0.0,0.0,0.0
211,384,1792,128,1,163840,0,0,0,0,0.0,0.0,0.0,0.0
212,384,1856,0,1,262144,0,0,0,0,0.0,0.0,0.0,0.0
213,384,1856,64,0,262144,0,0,0,0,0.0,0.0,0.0,0.0
214,384,1856,128,1,163840,0,0,0,0,0.0,0.0,0.0,0.0
215,384,1920,0,1,262144,0,0,0,0,0.0,0.0,0.0,0.0
216,384,1920,64,0,262144,0,0,0,0,0.0,0.0,0.0,0.0
217,384,1920,128,1,163840,0,0,0,0,0.0,0.0,0.0,0.0
218,384,1984,0,1,262144,0,0,0,0,0.0,0.0,0.0,0.0
219,384,1984,64,0,262144,0,0,0,0,0.0,0.0,0.0,0.0
220,384,1984,128,1,163840,0,0,0,0,0.0,0.0,0.0,0.0
221,384,2048,0,1,262144,0,0,0,0,0.0,0.0,0.0,0.0
222,384,2048,64,0,262144,0,0,0,0,0.0,0.0,0.0,0.0
223,384,2048,128,1,163840,0,0,0,0,0.0,0.0,0.0,0.0
224,384,2112,0,1,262144,0,0,0,0,0.0,0.0,0.0,0.0
225,384,2112,64,0,262144,0,0,0,0,0.0,0.0,0.0,0.0
226,384,2112,128,1,163840,0,0,0,0,0.0,0.0,0.0,0.0
227,384,2176,0,1,262144,0,0,0,0,0.0,0.0,0.0,0.0
228,384,2176,64,0,262144,0,0,0,0,0.0,0.0,0.0,0.0
229,384,2176,128,1,163840,0,0,0,0,0.0,0.0,0.0,0.0
230,384,2240,0,1,262144,0,0,0,0,0.0,0.0,0.0,0.0
231,384,2240,64,0,262144,0,0,0,0,0.0,0.0,0.0,0.0
232,384,2240,128,1,163840,0,0,0,0,0.0,0.0,0.0,0.0
233,384,2304,0,1,262144,0,0,0,0,0.0,0.0,0.0,0.0
234,384,2304,64,0,262144,0,0,0,0,0.0,0.0,0.0,0.0
235,384,2304,128,1,163840,0,0,0,0,0.0,0.0,0.0,0.0
236,384,2368,0,1,262144,0,0,0,0,0.0,0.0,0.0,0.0
237,384,2368,64,0,262144,0,0,0,0,0.0,0.0,0.0,0.0
238,384,2368,128,1,163840,0,0,0,0,0.0,0.0,0.0,0.0
239,384,2432,0,1,262144,0,0,0,0,0.0,0.0,0.0,0.0
240,384,2432,64,0,262144,0,0,0,0,0.0,0.0,0.0,0.0
241,384,2432,128,1,163840,0,0,0,0,0.0,0.0,0.0,0.0
242,384,2496,0,1,240064,0,0,0,0,0.0,0.0,0.0,0.0
243,384,2496,64,0,262144,0,0,0,0,0.0,0.0,0.0,0.0
244,384,2496,128,1,163840,0,0,0,0,0.0,0.0,0.0,0.0
245,384,2560,0,1,92224,0,0,0,0,0.0,0.0,0.0,0.0
246,384,2560,64,0,262144,0,0,0,0,0.0,0.0,0.0,0.0
247,384,2560,128,1,163840,0,0,0,0,0.0,0.0,0.0,0.0
248,384,2624,0,1,1664,0,0,0,0,0.0,0.0,0.0,0.0
249,384,2624,64,0,177472,0,0,0,0,0.0,0.0,0.0,0.0
250,384,2624,128,1,163840,0,0,0,0,0.0,0.0,0.0,0.0
251,384,2688,64,0,21184,0,0,0,0,0.0,0.0,0.0,0.0
252,384,2688,128,1,150656,0,0,0,0,0.0,0.0,0.0,0.0
253,384,2752,128,1,24704,0,0,0,0,0.0,0.0,0.0,0.0
254,448,0,0,1,23040,0,0,0,0,0.0,0.0,0.0,0.0
255,448,64,0,1,95424,0,0,0,0,0.0,0.0,0.0,0.0
256,448,64,64,0,77056,0,0,0,0,0.0,0.0,0.0,0.0
257,448,64,128,1,49664,0,0,0,0,0.0,0.0,0.0,0.0
258,448,128,0,1,262144,0,0,0,0,0.0,0.0,0.0,0.0
259,448,128,64,0,262144,0,0,0,0,0.0,0.0,0.0,0.0
260,448,128,128,1,163840,0,0,0,0,0.0,0.0,0.0,0.0
261,448,192,0,1,262144,0,0,0,0,0.0,0.0,0.0,0.0
262,448,192,64,0,262144,0,0,0,0,0.0,0.0,0.0,0.0
263,448,192,128,1,163840,0,0,0,0,0.0,0.0,0.0,0.0
264,448,256,0,1,262144,0,0,0,0,0.0,0.0,0.0,0.0
265,448,256,64,0,262144,0,0,0,0,0.0,0.0,0.0,0.0
266,448,256,128,1,163840,0,0,0,0,0.0,0.0,0.0,0.0
267,448,320,0,1,262144,0,0,0,0,0.0,0.0,0.0,0.0
268,448,320,64,0,262144,0,0,0,0,0.0,0.0,0.0,0.0
269,448,320,128,1,163840,0,0,0,0,0.0,0.0,0.0,0.0
270,448,384,0,1,262144,0,0,0,0,0.0,0.0,0.0,0.0
271,448,384,64,0,262144,0,0,0,0,0.0,0.0,0.0,0.0
272,448,384,128,1,163840,0,0,0,0,0.0,0.0,0.0,0.0
273,448,448,0,1,262144,0,0,0,0,0.0,0.0,0.0,0.0
274,448,448,64,0,262144,0,0,0,0,0.0,0.0,0.0,0.0
275,448,448,128,1,163840,0,0,83,0,0.0,0.0,0.0,0.0
276,448,512,0,1,262144,0,0,855,0,0.0,0.0,0.0,0.0
277,448,512,64,0,262144,0,0,11276,0,0.0,0.0,0.0,0.0
278,448,512,128,1,163840,0,0,0,0,0.0,0.0,0.0,0.0
279,448,576,0,1,262144,0,0,6,0,0.0,0.0,0.0,0.0
280,448,576,64,0,262144,0,0,4,0,0.0,0.0,0.0,0.0
281,448,576,128,1,163840,0,0,0,0,0.0,0.0,0.0,0.0
282,448,640,0,1,262144,0,0,0,0,0.0,0.0,0.0,0.0
283,448,640,64,0,262144,0,0,0,0,0.0,0.0,0.0,0.0
284,448,640,128,1,163840,0,0,0,0,0.0,0.0,0.0,0.0
285,448,704,0,1,262144,0,0,0,0,0.0,0.0,0.0,0.0
286,448,704,64,0,262144,0,0,0,0,0.0,0.0,0.0,0.0
287,448,704,128,1,163840,0,0,0,0,0.0,0.0,0.0,0.0
288,448,768,0,1,262144,0,0,0,0,0.0,0.0,0.0,0.0
289,448,768,64,0,262144,0,0,0,0,0.0,0.0,0.0,0.0
290,448,768,128,1,163840,0,0,0,0,0.0,0.0,0.0,0.0
291,448,832,0,1,262144,0,0,0,0,0.0,0.0,0.0,0.0
292,448,832,64,0,262144,0,0,0,0,0.0,0.0,0.0,0.0
293,448,832,128,1,163840,0,0,0,0,0.0,0.0,0.0,0.0
294,448,896,0,1,262144,0,0,0,0,0.0,0.0,0.0,0.0
295,448,896,64,0,262144,0,0,0,0,0.0,0.0,0.0,0.0
296,448,896,128,1,163840,0,0,0,0,0.0,0.0,0.0,0.0
297,448,960,0,1,262144,0,0,0,0,0.0,0.0,0.0,0.0
298,448,960,64,0,262144,0,0,0,0,0.0,0.0,0.0,0.0
299,448,960,128,1,163840,0,0,0,0,0.0,0.0,0.0,0.0
300,448,1024,0,1,262144,0,0,0,0,0.0,0.0,0.0,0.0
301,448,1024,64,0,262144,0,0,0,0,0.0,0.0,0.0,0.0
302,448,1024,128,1,163840,0,0,0,0,0.0,0.0,0.0,0.0
303,448,1088,0,1,262144,0,0,0,0,0.0,0.0,0.0,0.0
304,448,1088,64,0,262144,0,0,0,0,0.0,0.0,0.0,0.0
305,448,1088,128,1,163840,0,0,0,0,0.0,0.0,0.0,0.0
306,448,1152,0,1,262144,0,0,0,0,0.0,0.0,0.0,0.0
307,448,1152,64,0,262144,0,0,0,0,0.0,0.0,0.0,0.0
308,448,1152,128,1,163840,0,0,0,0,0.0,0.0,0.0,0.0
309,448,1216,0,1,262144,0,0,0,0,0.0,0.0,0.0,0.0
310,448,1216,64,0,262144,0,0,0,0,0.0,0.0,0.0,0.0
311,448,1216,128,1,163840,0,0,0,0,0.0,0.0,0.0,0.0
312,448,1280,0,1,262144,0,0,0,0,0.0,0.0,0.0,0.0
313,448,1280,64,0,262144,0,0,0,0,0.0,0.0,0.0,0.0
314,448,1280,128,1,163840,0,0,0,0,0.0,0.0,0.0,0.0
315,448,1344,0,1,262144,0,0,0,0,0.0,0.0,0.0,0.0
316,448,1344,64,0,262144,0,0,0,0,0.0,0.0,0.0,0.0
317,448,1344,128,1,163840,0,0,0,0,0.0,0.0,0.0,0.0
318,448,1408,0,1,262144,0,0,0,0,0.0,0.0,0.0,0.0
319,448,1408,64,0,262144,0,0,0,0,0.0,0.0,0.0,0.0
320,448,1408,128,1,163840,0,0,0,0,0.0,0.0,0.0,0.0
321,448,1472,0,1,262144,0,0,0,0,0.0,0.0,0.0,0.0
322,448,1472,64,0,262144,0,0,0,0,0.0,0.0,0.0,0.0
323,448,1472,128,1,163840,0,0,0,0,0.0,0.0,0.0,0.0
324,448,1536,0,1,262144,0,0,0,0,0.0,0.0,0.0,0.0
325,448,1536,64,0,262144,0,0,0,0,0.0,0.0,0.0,0.0
326,448,1536,128,1,163840,0,0,0,0,0.0,0.0,0.0,0.0
327,448,1600,0,1,262144,0,0,0,0,0.0,0.0,0.0,0.0
328,448,1600,64,0,262144,0,0,0,0,0.0,0.0,0.0,0.0
329,448,1600,128,1,163840,0,0,0,0,0.0,0.0,0.0,0.0
330,448,1664,0,1,262144,0,0,0,0,0.0,0.0,0.0,0.0
331,448,1664,64,0,262144,0,0,0,0,0.0,0.0,0.0,0.0
332,448,1664,128,1,163840,0,0,0,0,0.0,0.0,0.0,0.0
333,448,1728,0,1,262144,0,0,0,0,0.0,0.0,0.0,0.0
334,448,1728,64,0,262144,0,0,0,0,0.0,0.0,0.0,0.0
335,448,1728,128,1,163840,0,0,0,0,0.0,0.0,0.0,0.0
336,448,1792,0,1,262144,0,0,0,0,0.0,0.0,0.0,0.0
337,448,1792,64,0,262144,0,0,0,0,0.0,0.0,0.0,0.0
338,448,1792,128,1,163840,0,0,0,0,0.0,0.0,0.0,0.0
339,448,1856,0,1,262144,0,0,0,0,0.0,0.0,0.0,0.0
340,448,1856,64,0,262144,0,0,0,0,0.0,0.0,0.0,0.0
341,448,1856,128,1,163840,0,0,0,0,0.0,0.0,0.0,0.0
342,448,1920,0,1,262144,0,0,0,0,0.0,0.0,0.0,0.0
343,448,1920,64,0,262144,0,0,0,0,0.0,0.0,0.0,0.0
344,448,1920,128,1,163840,0,0,0,0,0.0,0.0,0.0,0.0
345,448,1984,0,1,262144,0,0,0,0,0.0,0.0,0.0,0.0
346,448,1984,64,0,262144,0,0,0,0,0.0,0.0,0.0,0.0
347,448,1984,128,1,163840,0,0,0,0,0.0,0.0,0.0,0.0
348,448,2048,0,1,262144,0,0,0,0,0.0,0.0,0.0,0.0
349,448,2048,64,0,262144,0,0,0,0,0.0,0.0,0.0,0.0
350,448,2048,128,1,163840,0,0,0,0,0.0,0.0,0.0,0.0
351,448,2112,0,1,262144,0,0,0,0,0.0,0.0,0.0,0.0
352,448,2112,64,0,262144,0,0,0,0,0.0,0.0,0.0,0.0
353,448,2112,128,1,163840,0,0,0,0,0.0,0.0,0.0,0.0
354,448,2176,0,1,262144,0,0,0,0,0.0,0.0,0.0,0.0
355,448,2176,64,0,262144,0,0,0,0,0.0,0.0,0.0,0.0
356,448,2176,128,1,163840,0,0,0,0,0.0,0.0,0.0,0.0
357,448,2240,0,1,262144,0,0,0,0,0.0,0.0,0.0,0.0
358,448,2240,64,0,262144,0,0,0,0,0.0,0.0,0.0,0.0
359,448,2240,128,1,163840,0,0,0,0,0.0,0.0,0.0,0.0
360,448,2304,0,1,262144,0,0,0,0,0.0,0.0,0.0,0.0
361,448,2304,64,0,262144,0,0,0,0,0.0,0.0,0.0,0.0
362,448,2304,128,1,163840,0,0,0,0,0.0,0.0,0.0,0.0
363,448,2368,0,1,262144,0,0,0,0,0.0,0.0,0.0,0.0
364,448,2368,64,0,262144,0,0,0,0,0.0,0.0,0.0,0.0
365,448,2368,128,1,163840,0,0,0,0,0.0,0.0,0.0,0.0
366,448,2432,0,1,262144,0,0,0,0,0.0,0.0,0.0,0.0
367,448,2432,64,0,262144,0,0,0,0,0.0,0.0,0.0,0.0
368,448,2432,128,1,163840,0,0,0,0,0.0,0.0,0.0,0.0
369,448,2496,0,1,240064,0,0,0,0,0.0,0.0,0.0,0.0
370,448,2496,64,0,262144,0,0,0,0,0.0,0.0,0.0,0.0
371,448,2496,128,1,163840,0,0,0,0,0.0,0.0,0.0,0.0
372,448,2560,0,1,92224,0,0,0,0,0.0,0.0,0.0,0.0
373,448,2560,64,0,262144,0,0,0,0,0.0,0.0,0.0,0.0
374,448,2560,128,1,163840,0,0,0,0,0.0,0.0,0.0,0.0
375,448,2624,0,1,1664,0,0,0,0,0.0,0.0,0.0,0.0
376,448,2624,64,0,177472,0,0,0,0,0.0,0.0,0.0,0.0
377,448,2624,128,1,163840,0,0,0,0,0.0,0.0,0.0,0.0
378,448,2688,64,0,21184,0,0,0,0,0.0,0.0,0.0,0.0
379,448,2688,128,1,150656,0,0,0,0,0.0,0.0,0.0,0.0
380,448,2752,128,1,24704,0,0,0,0,0.0,0.0,0.0,0.0
381,512,0,0,1,23040,0,0,0,0,0.0,0.0,0.0,0.0
382,512,64,0,1,97034,0,0,0,0,0.0,0.0,0.0,0.0
383,512,64,64,0,78834,0,0,0,0,0.0,0.0,0.0,0.0
384,512,64,128,1,50784,0,0,0,0,0.0,0.0,0.0,0.0
385,512,128,0,1,262144,0,0,306,0,0.0,0.0,0.0,0.0
386,512,128,64,0,262144,0,0,0,0,0.0,0.0,0.0,0.0
387,512,128,128,1,163840,0,0,0,0,0.0,0.0,0.0,0.0
388,512,192,0,1,262144,0,0,0,0,0.0,0.0,0.0,0.0
389,512,192,64,0,262144,0,0,0,0,0.0,0.0,0.0,0.0
390,512,192,128,1,163840,0,0,0,0,0.0,0.0,0.0,0.0
391,512,256,0,1,262144,0,0,0,0,0.0,0.0,0.0,0.0
392,512,256,64,0,262144,0,0,0,0,0.0,0.0,0.0,0.0
393,512,256,128,1,163840,0,0,0,0,0.0,0.0,0.0,0.0
394,512,320,0,1,262144,0,0,0,0,0.0,0.0,0.0,0.0
395,512,320,64,0,262144,0,0,0,0,0.0,0.0,0.0,0.0
396,512,320,128,1,163840,0,0,0,0,0.0,0.0,0.0,0.0
397,512,384,0,1,262144,3581,0,0,3581,0.0,0.0,0.0,0.0
398,512,384,64,0,262144,0,0,0,0,0.0,0.0,0.0,0.0
399,512,384,128,1,163840,0,0,0,0,0.0,0.0,0.0,0.0
400,512,448,0,1,262144,10508,0,0,10508,0.0,0.0,0.0,0.0
401,512,448,64,0,262144,1653,0,0,1653,0.0,0.0,0.0,0.0
402,512,448,128,1,163840,0,0,0,0,0.0,0.0,0.0,0.0
403,512,512,0,1,262144,0,0,142,0,0.0,0.0,0.0,0.0
404,512,512,64,0,262144,0,0,17654,0,0.0,0.0,0.0,0.0
405,512,512,128,1,163840,0,0,0,0,0.0,0.0,0.0,0.0
406,512,576,0,1,262144,0,0,0,0,0.0,0.0,0.0,0.0
407,512,576,64,0,262144,0,0,119,0,0.0,0.0,0.0,0.0
408,512,576,128,1,163840,0,0,214,0,0.0,0.0,0.0,0.0
409,512,640,0,1,262144,0,0,0,0,0.0,0.0,0.0,0.0
410,512,640,64,0,262144,0,0,0,0,0.0,0.0,0.0,0.0
411,512,640,128,1,163840,0,0,0,0,0.0,0.0,0.0,0.0
412,512,704,0,1,262144,0,0,0,0,0.0,0.0,0.0,0.0
413,512,704,64,0,262144,0,0,0,0,0.0,0.0,0.0,0.0
414,512,704,128,1,163840,0,0,0,0,0.0,0.0,0.0,0.0
415,512,768,0,1,262144,0,0,0,0,0.0,0.0,0.0,0.0
416,512,768,64,0,262144,0,0,0,0,0.0,0.0,0.0,0.0
417,512,768,128,1,163840,0,0,0,0,0.0,0.0,0.0,0.0
418,512,832,0,1,262144,0,0,0,0,0.0,0.0,0.0,0.0
419,512,832,64,0,262144,0,0,0,0,0.0,0.0,0.0,0.0
420,512,832,128,1,163840,0,0,0,0,0.0,0.0,0.0,0.0
421,512,896,0,1,262144,0,0,0,0,0.0,0.0,0.0,0.0
422,512,896,64,0,262144,0,0,0,0,0.0,0.0,0.0,0.0
423,512,896,128,1,163840,0,0,0,0,0.0,0.0,0.0,0.0
424,512,960,0,1,262144,0,0,0,0,0.0,0.0,0.0,0.0
425,512,960,64,0,262144,0,0,0,0,0.0,0.0,0.0,0.0
426,512,960,128,1,163840,0,0,0,0,0.0,0.0,0.0,0.0
427,512,1024,0,1,262144,0,0,0,0,0.0,0.0,0.0,0.0
428,512,1024,64,0,262144,0,0,0,0,0.0,0.0,0.0,0.0
429,512,1024,128,1,163840,0,0,0,0,0.0,0.0,0.0,0.0
430,512,1088,0,1,262144,0,0,0,0,0.0,0.0,0.0,0.0
431,512,1088,64,0,262144,0,0,0,0,0.0,0.0,0.0,0.0
432,512,1088,128,1,163840,0,0,0,0,0.0,0.0,0.0,0.0
433,512,1152,0,1,262144,0,0,0,0,0.0,0.0,0.0,0.0
434,512,1152,64,0,262144,0,0,0,0,0.0,0.0,0.0,0.0
435,512,1152,128,1,163840,0,0,0,0,0.0,0.0,0.0,0.0
436,512,1216,0,1,262144,0,0,0,0,0.0,0.0,0.0,0.0
437,512,1216,64,0,262144,0,0,0,0,0.0,0.0,0.0,0.0
438,512,1216,128,1,163840,0,0,0,0,0.0,0.0,0.0,0.0
439,512,1280,0,1,262144,0,0,0,0,0.0,0.0,0.0,0.0
440,512,1280,64,0,262144,0,0,0,0,0.0,0.0,0.0,0.0
441,512,1280,128,1,163840,0,0,0,0,0.0,0.0,0.0,0.0
442,512,1344,0,1,262144,0,0,0,0,0.0,0.0,0.0,0.0
443,512,1344,64,0,262144,0,0,0,0,0.0,0.0,0.0,0.0
444,512,1344,128,1,163840,0,0,0,0,0.0,0.0,0.0,0.0
445,512,1408,0,1,262144,0,0,0,0,0.0,0.0,0.0,0.0
446,512,1408,64,0,262144,0,0,0,0,0.0,0.0,0.0,0.0
447,512,1408,128,1,163840,0,0,0,0,0.0,0.0,0.0,0.0
448,512,1472,0,1,262144,0,0,0,0,0.0,0.0,0.0,0.0
449,512,1472,64,0,262144,0,0,0,0,0.0,0.0,0.0,0.0
450,512,1472,128,1,163840,0,0,0,0,0.0,0.0,0.0,0.0
451,512,1536,0,1,262144,0,0,0,0,0.0,0.0,0.0,0.0
452,512,1536,64,0,262144,0,0,0,0,0.0,0.0,0.0,0.0
453,512,1536,128,1,163840,0,0,0,0,0.0,0.0,0.0,0.0
454,512,1600,0,1,262144,0,0,0,0,0.0,0.0,0.0,0.0
455,512,1600,64,0,262144,0,0,0,0,0.0,0.0,0.0,0.0
456,512,1600,128,1,163840,0,0,0,0,0.0,0.0,0.0,0.0
457,512,1664,0,1,262144,0,0,0,0,0.0,0.0,0.0,0.0
458,512,1664,64,0,262144,0,0,0,0,0.0,0.0,0.0,0.0
459,512,1664,128,1,163840,0,0,0,0,0.0,0.0,0.0,0.0
460,512,1728,0,1,262144,0,0,0,0,0.0,0.0,0.0,0.0
461,512,1728,64,0,262144,0,0,0,0,0.0,0.0,0.0,0.0
462,512,1728,128,1,163840,0,0,0,0,0.0,0.0,0.0,0.0
463,512,1792,0,1,262144,0,0,0,0,0.0,0.0,0.0,0.0
464,512,1792,64,0,262144,0,0,0,0,0.0,0.0,0.0,0.0
465,512,1792,128,1,163840,0,0,0,0,0.0,0.0,0.0,0.0
466,512,1856,0,1,262144,0,0,0,0,0.0,0.0,0.0,0.0
467,512,1856,64,0,262144,0,0,0,0,0.0,0.0,0.0,0.0
468,512,1856,128,1,163840,0,0,0,0,0.0,0.0,0.0,0.0
469,512,1920,0,1,262144,0,0,0,0,0.0,0.0,0.0,0.0
470,512,1920,64,0,262144,0,0,0,0,0.0,0.0,0.0,0.0
471,512,1920,128,1,163840,0,0,0,0,0.0,0.0,0.0,0.0
472,512,1984,0,1,262144,0,0,0,0,0.0,0.0,0.0,0.0
473,512,1984,64,0,262144,0,0,0,0,0.0,0.0,0.0,0.0
474,512,1984,128,1,163840,0,0,0,0,0.0,0.0,0.0,0.0
475,512,2048,0,1,262144,0,0,0,0,0.0,0.0,0.0,0.0
476,512,2048,64,0,262144,0,0,0,0,0.0,0.0,0.0,0.0
477,512,2048,128,1,163840,0,0,0,0,0.0,0.0,0.0,0.0
478,512,2112,0,1,262144,0,0,0,0,0.0,0.0,0.0,0.0
479,512,2112,64,0,262144,0,0,0,0,0.0,0.0,0.0,0.0
480,512,2112,128,1,163840,0,0,0,0,0.0,0.0,0.0,0.0
481,512,2176,0,1,262144,0,0,0,0,0.0,0.0,0.0,0.0
482,512,2176,64,0,262144,0,0,0,0,0.0,0.0,0.0,0.0
483,512,2176,128,1,163840,0,0,0,0,0.0,0.0,0.0,0.0
484,512,2240,0,1,262144,0,0,0,0,0.0,0.0,0.0,0.0
485,512,2240,64,0,262144,0,0,0,0,0.0,0.0,0.0,0.0
486,512,2240,128,1,163840,0,0,0,0,0.0,0.0,0.0,0.0
487,512,2304,0,1,262144,0,0,0,0,0.0,0.0,0.0,0.0
488,512,2304,64,0,262144,0,0,0,0,0.0,0.0,0.0,0.0
489,512,2304,128,1,163840,0,0,0,0,0.0,0.0,0.0,0.0
490,512,2368,0,1,262144,0,0,0,0,0.0,0.0,0.0,0.0
491,512,2368,64,0,262144,0,0,0,0,0.0,0.0,0.0,0.0
492,512,2368,128,1,163840,0,0,0,0,0.0,0.0,0.0,0.0
493,512,2432,0,1,262144,0,0,0,0,0.0,0.0,0.0,0.0
494,512,2432,64,0,262144,0,0,0,0,0.0,0.0,0.0,0.0
495,512,2432,128,1,163840,0,0,0,0,0.0,0.0,0.0,0.0
496,512,2496,0,1,240064,0,0,0,0,0.0,0.0,0.0,0.0
497,512,2496,64,0,262144,0,0,0,0,0.0,0.0,0.0,0.0
498,512,2496,128,1,163840,0,0,0,0,0.0,0.0,0.0,0.0
499,512,2560,0,1,92224,0,0,0,0,0.0,0.0,0.0,0.0
500,512,2560,64,0,262144,0,0,0,0,0.0,0.0,0.0,0.0
501,512,2560,128,1,163840,0,0,0,0,0.0,0.0,0.0,0.0
502,512,2624,0,1,1664,0,0,0,0,0.0,0.0,0.0,0.0
503,512,2624,64,0,177472,0,0,0,0,0.0,0.0,0.0,0.0
504,512,2624,128,1,163840,0,0,0,0,0.0,0.0,0.0,0.0
505,512,2688,64,0,21184,0,0,0,0,0.0,0.0,0.0,0.0
506,512,2688,128,1,150656,0,0,0,0,0.0,0.0,0.0,0.0
507,512,2752,128,1,24704,0,0,0,0,0.0,0.0,0.0,0.0
508,576,0,0,1,23040,0,0,0,0,0.0,0.0,0.0,0.0
509,576,64,0,1,121033,0,0,0,0,0.0,0.0,0.0,0.0
510,576,64,64,0,101123,0,0,0,0,0.0,0.0,0.0,0.0
511,576,64,128,1,63859,0,0,0,0,0.0,0.0,0.0,0.0
512,576,128,0,1,262144,0,0,1830,0,0.0,0.0,0.0,0.0
513,576,128,64,0,262144,0,0,15874,0,0.0,0.0,0.0,0.0
514,576,128,128,1,163840,0,0,0,0,0.0,0.0,0.0,0.0
515,576,192,0,1,262144,0,0,2348,0,0.0,0.0,0.0,0.0
516,576,192,64,0,262144,0,0,9140,0,0.0,0.0,0.0,0.0
517,576,192,128,1,163840,0,0,190,0,0.0,0.0,0.0,0.0
518,576,256,0,1,262144,0,0,435,0,0.0,0.0,0.0,0.0
519,576,256,64,0,262144,0,0,4476,0,0.0,0.0,0.0,0.0
520,576,256,128,1,163840,0,0,1356,0,0.0,0.0,0.0,0.0
521,576,320,0,1,262144,0,0,0,0,0.0,0.0,0.0,0.0
522,576,320,64,0,262144,0,0,510,0,0.0,0.0,0.0,0.0
523,576,320,128,1,163840,0,0,13,0,0.0,0.0,0.0,0.0
524,576,384,0,1,262144,3977,0,121,3977,0.0,0.0,0.0,0.0
525,576,384,64,0,262144,0,0,361,0,0.0,0.0,0.0,0.0
526,576,384,128,1,163840,0,0,0,0,0.0,0.0,0.0,0.0
527,576,448,0,1,262144,37620,26604,19193,11016,0.46827310650731346,0.6378555929846434,0.5809114134113588,0.707177033492823
528,576,448,64,0,262144,8791,7408,11413,1383,0.3666600673134033,0.5365782992901637,0.39360289038839597,0.8426800136503242
529,576,448,128,1,163840,0,0,377,0,0.0,0.0,0.0,0.0
530,576,512,0,1,262144,3798,3764,2590,34,0.5892298058860364,0.7415287628053585,0.5923827510229777,0.9910479199578726
531,576,512,64,0,262144,6745,6648,29643,97,0.18269759261294932,0.3089506459708151,0.18318591386294122,0.9856189770200148
532,576,512,128,1,163840,0,0,9343,0,0.0,0.0,0.0,0.0
533,576,576,0,1,262144,0,0,8143,0,0.0,0.0,0.0,0.0
534,576,576,64,0,262144,0,0,22226,0,0.0,0.0,0.0,0.0
535,576,576,128,1,163840,0,0,2556,0,0.0,0.0,0.0,0.0
536,576,640,0,1,262144,0,0,790,0,0.0,0.0,0.0,0.0
537,576,640,64,0,262144,0,0,1552,0,0.0,0.0,0.0,0.0
538,576,640,128,1,163840,0,0,2390,0,0.0,0.0,0.0,0.0
539,576,704,0,1,262144,0,0,0,0,0.0,0.0,0.0,0.0
540,576,704,64,0,262144,0,0,0,0,0.0,0.0,0.0,0.0
541,576,704,128,1,163840,0,0,2065,0,0.0,0.0,0.0,0.0
542,576,768,0,1,262144,0,0,3175,0,0.0,0.0,0.0,0.0
543,576,768,64,0,262144,0,0,7525,0,0.0,0.0,0.0,0.0
544,576,768,128,1,163840,0,0,0,0,0.0,0.0,0.0,0.0
545,576,832,0,1,262144,0,0,583,0,0.0,0.0,0.0,0.0
546,576,832,64,0,262144,0,0,5028,0,0.0,0.0,0.0,0.0
547,576,832,128,1,163840,0,0,74,0,0.0,0.0,0.0,0.0
548,576,896,0,1,262144,0,0,0,0,0.0,0.0,0.0,0.0
549,576,896,64,0,262144,0,0,9960,0,0.0,0.0,0.0,0.0
550,576,896,128,1,163840,0,0,3491,0,0.0,0.0,0.0,0.0
551,576,960,0,1,262144,0,0,0,0,0.0,0.0,0.0,0.0
552,576,960,64,0,262144,0,0,2534,0,0.0,0.0,0.0,0.0
553,576,960,128,1,163840,0,0,458,0,0.0,0.0,0.0,0.0
554,576,1024,0,1,262144,0,0,991,0,0.0,0.0,0.0,0.0
555,576,1024,64,0,262144,0,0,1533,0,0.0,0.0,0.0,0.0
556,576,1024,128,1,163840,0,0,0,0,0.0,0.0,0.0,0.0
557,576,1088,0,1,262144,0,0,0,0,0.0,0.0,0.0,0.0
558,576,1088,64,0,262144,0,0,599,0,0.0,0.0,0.0,0.0
559,576,1088,128,1,163840,0,0,733,0,0.0,0.0,0.0,0.0
560,576,1152,0,1,262144,0,0,0,0,0.0,0.0,0.0,0.0
561,576,1152,64,0,262144,0,0,11,0,0.0,0.0,0.0,0.0
562,576,1152,128,1,163840,0,0,0,0,0.0,0.0,0.0,0.0
563,576,1216,0,1,262144,0,0,0,0,0.0,0.0,0.0,0.0
564,576,1216,64,0,262144,0,0,0,0,0.0,0.0,0.0,0.0
565,576,1216,128,1,163840,0,0,29,0,0.0,0.0,0.0,0.0
566,576,1280,0,1,262144,0,0,0,0,0.0,0.0,0.0,0.0
567,576,1280,64,0,262144,0,0,0,0,0.0,0.0,0.0,0.0
568,576,1280,128,1,163840,0,0,0,0,0.0,0.0,0.0,0.0
569,576,1344,0,1,262144,0,0,0,0,0.0,0.0,0.0,0.0
570,576,1344,64,0,262144,0,0,0,0,0.0,0.0,0.0,0.0
571,576,1344,128,1,163840,0,0,0,0,0.0,0.0,0.0,0.0
572,576,1408,0,1,262144,0,0,0,0,0.0,0.0,0.0,0.0
573,576,1408,64,0,262144,0,0,0,0,0.0,0.0,0.0,0.0
574,576,1408,128,1,163840,0,0,0,0,0.0,0.0,0.0,0.0
575,576,1472,0,1,262144,0,0,0,0,0.0,0.0,0.0,0.0
576,576,1472,64,0,262144,0,0,10,0,0.0,0.0,0.0,0.0
577,576,1472,128,1,163840,0,0,0,0,0.0,0.0,0.0,0.0
578,576,1536,0,1,262144,0,0,0,0,0.0,0.0,0.0,0.0
579,576,1536,64,0,262144,0,0,0,0,0.0,0.0,0.0,0.0
580,576,1536,128,1,163840,0,0,0,0,0.0,0.0,0.0,0.0
581,576,1600,0,1,262144,0,0,0,0,0.0,0.0,0.0,0.0
582,576,1600,64,0,262144,0,0,0,0,0.0,0.0,0.0,0.0
583,576,1600,128,1,163840,0,0,0,0,0.0,0.0,0.0,0.0
584,576,1664,0,1,262144,0,0,0,0,0.0,0.0,0.0,0.0
585,576,1664,64,0,262144,0,0,0,0,0.0,0.0,0.0,0.0
586,576,1664,128,1,163840,0,0,0,0,0.0,0.0,0.0,0.0
587,576,1728,0,1,262144,0,0,0,0,0.0,0.0,0.0,0.0
588,576,1728,64,0,262144,0,0,0,0,0.0,0.0,0.0,0.0
589,576,1728,128,1,163840,0,0,0,0,0.0,0.0,0.0,0.0
590,576,1792,0,1,262144,0,0,0,0,0.0,0.0,0.0,0.0
591,576,1792,64,0,262144,0,0,0,0,0.0,0.0,0.0,0.0
592,576,1792,128,1,163840,0,0,0,0,0.0,0.0,0.0,0.0
593,576,1856,0,1,262144,0,0,0,0,0.0,0.0,0.0,0.0
594,576,1856,64,0,262144,0,0,0,0,0.0,0.0,0.0,0.0
595,576,1856,128,1,163840,0,0,0,0,0.0,0.0,0.0,0.0
596,576,1920,0,1,262144,0,0,6,0,0.0,0.0,0.0,0.0
597,576,1920,64,0,262144,0,0,0,0,0.0,0.0,0.0,0.0
598,576,1920,128,1,163840,0,0,0,0,0.0,0.0,0.0,0.0
599,576,1984,0,1,262144,0,0,0,0,0.0,0.0,0.0,0.0
600,576,1984,64,0,262144,0,0,12,0,0.0,0.0,0.0,0.0
601,576,1984,128,1,163840,0,0,0,0,0.0,0.0,0.0,0.0
602,576,2048,0,1,262144,0,0,0,0,0.0,0.0,0.0,0.0
603,576,2048,64,0,262144,0,0,0,0,0.0,0.0,0.0,0.0
604,576,2048,128,1,163840,0,0,0,0,0.0,0.0,0.0,0.0
605,576,2112,0,1,262144,0,0,0,0,0.0,0.0,0.0,0.0
606,576,2112,64,0,262144,0,0,0,0,0.0,0.0,0.0,0.0
607,576,2112,128,1,163840,0,0,0,0,0.0,0.0,0.0,0.0
608,576,2176,0,1,262144,0,0,25,0,0.0,0.0,0.0,0.0
609,576,2176,64,0,262144,0,0,0,0,0.0,0.0,0.0,0.0
610,576,2176,128,1,163840,0,0,0,0,0.0,0.0,0.0,0.0
611,576,2240,0,1,262144,0,0,17,0,0.0,0.0,0.0,0.0
612,576,2240,64,0,262144,0,0,71,0,0.0,0.0,0.0,0.0
613,576,2240,128,1,163840,0,0,3,0,0.0,0.0,0.0,0.0
614,576,2304,0,1,262144,0,0,0,0,0.0,0.0,0.0,0.0
615,576,2304,64,0,262144,0,0,0,0,0.0,0.0,0.0,0.0
616,576,2304,128,1,163840,0,0,483,0,0.0,0.0,0.0,0.0
617,576,2368,0,1,262144,0,0,0,0,0.0,0.0,0.0,0.0
618,576,2368,64,0,262144,0,0,0,0,0.0,0.0,0.0,0.0
619,576,2368,128,1,163840,0,0,235,0,0.0,0.0,0.0,0.0
620,576,2432,0,1,262144,0,0,0,0,0.0,0.0,0.0,0.0
621,576,2432,64,0,262144,0,0,0,0,0.0,0.0,0.0,0.0
622,576,2432,128,1,163840,0,0,686,0,0.0,0.0,0.0,0.0
623,576,2496,0,1,240064,0,0,0,0,0.0,0.0,0.0,0.0
624,576,2496,64,0,262144,0,0,0,0,0.0,0.0,0.0,0.0
625,576,2496,128,1,163840,0,0,331,0,0.0,0.0,0.0,0.0
626,576,2560,0,1,92224,0,0,0,0,0.0,0.0,0.0,0.0
627,576,2560,64,0,262144,0,0,0,0,0.0,0.0,0.0,0.0
628,576,2560,128,1,163840,0,0,0,0,0.0,0.0,0.0,0.0
629,576,2624,0,1,1664,0,0,0,0,0.0,0.0,0.0,0.0
630,576,2624,64,0,177472,0,0,0,0,0.0,0.0,0.0,0.0
631,576,2624,128,1,163840,0,0,0,0,0.0,0.0,0.0,0.0
632,576,2688,64,0,21184,0,0,0,0,0.0,0.0,0.0,0.0
633,576,2688,128,1,150656,0,0,0,0,0.0,0.0,0.0,0.0
634,576,2752,128,1,24704,0,0,0,0,0.0,0.0,0.0,0.0
635,640,0,0,1,23040,0,0,0,0,0.0,0.0,0.0,0.0
636,640,64,0,1,150090,0,0,0,0,0.0,0.0,0.0,0.0
637,640,64,64,0,136877,0,0,0,0,0.0,0.0,0.0,0.0
638,640,64,128,1,86100,0,0,0,0,0.0,0.0,0.0,0.0
639,640,128,0,1,262144,0,0,1562,0,0.0,0.0,0.0,0.0
640,640,128,64,0,262144,0,0,2446,0,0.0,0.0,0.0,0.0
641,640,128,128,1,163840,0,0,0,0,0.0,0.0,0.0,0.0
642,640,192,0,1,262144,0,0,0,0,0.0,0.0,0.0,0.0
643,640,192,64,0,262144,0,0,343,0,0.0,0.0,0.0,0.0
644,640,192,128,1,163840,0,0,0,0,0.0,0.0,0.0,0.0
645,640,256,0,1,262144,0,0,392,0,0.0,0.0,0.0,0.0
646,640,256,64,0,262144,0,0,136,0,0.0,0.0,0.0,0.0
647,640,256,128,1,163840,0,0,29,0,0.0,0.0,0.0,0.0
648,640,320,0,1,262144,0,0,0,0,0.0,0.0,0.0,0.0
649,640,320,64,0,262144,0,0,1085,0,0.0,0.0,0.0,0.0
650,640,320,128,1,163840,0,0,159,0,0.0,0.0,0.0,0.0
651,640,384,0,1,262144,45,0,0,45,0.0,0.0,0.0,0.0
652,640,384,64,0,262144,0,0,0,0,0.0,0.0,0.0,0.0
653,640,384,128,1,163840,0,0,1,0,0.0,0.0,0.0,0.0
654,640,448,0,1,262144,32402,28295,16367,4107,0.5801841333634071,0.7343247171182394,0.6335363396175719,0.873248564903401
655,640,448,64,0,262144,18,4,90,14,0.037037037037037035,0.07142857142857142,0.0425531914893617,0.2222222222222222
656,640,448,128,1,163840,0,0,0,0,0.0,0.0,0.0,0.0
657,640,512,0,1,262144,13984,13946,10576,38,0.5678338762214984,0.7243546460291903,0.5687138080091346,0.9972826086956522
658,640,512,64,0,262144,25659,15130,12661,10529,0.3948329853862213,0.5661365762394761,0.5444208556726998,0.5896566506878678
659,640,512,128,1,163840,0,0,413,0,0.0,0.0,0.0,0.0
660,640,576,0,1,262144,0,0,0,0,0.0,0.0,0.0,0.0
661,640,576,64,0,262144,0,0,2399,0,0.0,0.0,0.0,0.0
662,640,576,128,1,163840,0,0,0,0,0.0,0.0,0.0,0.0
663,640,640,0,1,262144,0,0,0,0,0.0,0.0,0.0,0.0
664,640,640,64,0,262144,0,0,5,0,0.0,0.0,0.0,0.0
665,640,640,128,1,163840,4766,4062,10720,704,0.2623014335528865,0.41559238796807857,0.27479366797456367,0.8522870331514897
666,640,704,0,1,262144,0,0,0,0,0.0,0.0,0.0,0.0
667,640,704,64,0,262144,0,0,0,0,0.0,0.0,0.0,0.0
668,640,704,128,1,163840,92,92,863,0,0.09633507853403141,0.17574021012416427,0.09633507853403141,1.0
669,640,768,0,1,262144,0,0,1609,0,0.0,0.0,0.0,0.0
670,640,768,64,0,262144,0,0,4038,0,0.0,0.0,0.0,0.0
671,640,768,128,1,163840,0,0,146,0,0.0,0.0,0.0,0.0
672,640,832,0,1,262144,0,0,277,0,0.0,0.0,0.0,0.0
673,640,832,64,0,262144,0,0,244,0,0.0,0.0,0.0,0.0
674,640,832,128,1,163840,0,0,141,0,0.0,0.0,0.0,0.0
675,640,896,0,1,262144,0,0,0,0,0.0,0.0,0.0,0.0
676,640,896,64,0,262144,0,0,2417,0,0.0,0.0,0.0,0.0
677,640,896,128,1,163840,0,0,0,0,0.0,0.0,0.0,0.0
678,640,960,0,1,262144,0,0,0,0,0.0,0.0,0.0,0.0
679,640,960,64,0,262144,0,0,476,0,0.0,0.0,0.0,0.0
680,640,960,128,1,163840,0,0,102,0,0.0,0.0,0.0,0.0
681,640,1024,0,1,262144,0,0,0,0,0.0,0.0,0.0,0.0
682,640,1024,64,0,262144,0,0,3547,0,0.0,0.0,0.0,0.0
683,640,1024,128,1,163840,0,0,31,0,0.0,0.0,0.0,0.0
684,640,1088,0,1,262144,0,0,2377,0,0.0,0.0,0.0,0.0
685,640,1088,64,0,262144,0,0,0,0,0.0,0.0,0.0,0.0
686,640,1088,128,1,163840,0,0,0,0,0.0,0.0,0.0,0.0
687,640,1152,0,1,262144,0,0,15,0,0.0,0.0,0.0,0.0
688,640,1152,64,0,262144,0,0,460,0,0.0,0.0,0.0,0.0
689,640,1152,128,1,163840,0,0,52,0,0.0,0.0,0.0,0.0
690,640,1216,0,1,262144,0,0,0,0,0.0,0.0,0.0,0.0
691,640,1216,64,0,262144,0,0,52,0,0.0,0.0,0.0,0.0
692,640,1216,128,1,163840,0,0,203,0,0.0,0.0,0.0,0.0
693,640,1280,0,1,262144,0,0,0,0,0.0,0.0,0.0,0.0
694,640,1280,64,0,262144,0,0,115,0,0.0,0.0,0.0,0.0
695,640,1280,128,1,163840,0,0,0,0,0.0,0.0,0.0,0.0
696,640,1344,0,1,262144,0,0,0,0,0.0,0.0,0.0,0.0
697,640,1344,64,0,262144,0,0,246,0,0.0,0.0,0.0,0.0
698,640,1344,128,1,163840,0,0,0,0,0.0,0.0,0.0,0.0
699,640,1408,0,1,262144,0,0,205,0,0.0,0.0,0.0,0.0
700,640,1408,64,0,262144,0,0,8789,0,0.0,0.0,0.0,0.0
701,640,1408,128,1,163840,0,0,1033,0,0.0,0.0,0.0,0.0
702,640,1472,0,1,262144,930,0,3791,930,0.0,0.0,0.0,0.0
703,640,1472,64,0,262144,0,0,543,0,0.0,0.0,0.0,0.0
704,640,1472,128,1,163840,0,0,0,0,0.0,0.0,0.0,0.0
705,640,1536,0,1,262144,0,0,134,0,0.0,0.0,0.0,0.0
706,640,1536,64,0,262144,0,0,1380,0,0.0,0.0,0.0,0.0
707,640,1536,128,1,163840,0,0,0,0,0.0,0.0,0.0,0.0
708,640,1600,0,1,262144,0,0,0,0,0.0,0.0,0.0,0.0
709,640,1600,64,0,262144,0,0,0,0,0.0,0.0,0.0,0.0
710,640,1600,128,1,163840,0,0,0,0,0.0,0.0,0.0,0.0
711,640,1664,0,1,262144,0,0,0,0,0.0,0.0,0.0,0.0
712,640,1664,64,0,262144,0,0,0,0,0.0,0.0,0.0,0.0
713,640,1664,128,1,163840,0,0,449,0,0.0,0.0,0.0,0.0
714,640,1728,0,1,262144,0,0,198,0,0.0,0.0,0.0,0.0
715,640,1728,64,0,262144,0,0,0,0,0.0,0.0,0.0,0.0
716,640,1728,128,1,163840,0,0,1707,0,0.0,0.0,0.0,0.0
717,640,1792,0,1,262144,0,0,799,0,0.0,0.0,0.0,0.0
718,640,1792,64,0,262144,0,0,3518,0,0.0,0.0,0.0,0.0
719,640,1792,128,1,163840,0,0,1695,0,0.0,0.0,0.0,0.0
720,640,1856,0,1,262144,0,0,984,0,0.0,0.0,0.0,0.0
721,640,1856,64,0,262144,0,0,573,0,0.0,0.0,0.0,0.0
722,640,1856,128,1,163840,0,0,960,0,0.0,0.0,0.0,0.0
723,640,1920,0,1,262144,0,0,962,0,0.0,0.0,0.0,0.0
724,640,1920,64,0,262144,0,0,17097,0,0.0,0.0,0.0,0.0
725,640,1920,128,1,163840,0,0,159,0,0.0,0.0,0.0,0.0
726,640,1984,0,1,262144,0,0,3,0,0.0,0.0,0.0,0.0
727,640,1984,64,0,262144,0,0,2,0,0.0,0.0,0.0,0.0
728,640,1984,128,1,163840,0,0,0,0,0.0,0.0,0.0,0.0
729,640,2048,0,1,262144,0,0,2,0,0.0,0.0,0.0,0.0
730,640,2048,64,0,262144,0,0,6298,0,0.0,0.0,0.0,0.0
731,640,2048,128,1,163840,0,0,0,0,0.0,0.0,0.0,0.0
732,640,2112,0,1,262144,0,0,319,0,0.0,0.0,0.0,0.0
733,640,2112,64,0,262144,0,0,322,0,0.0,0.0,0.0,0.0
734,640,2112,128,1,163840,0,0,0,0,0.0,0.0,0.0,0.0
735,640,2176,0,1,262144,0,0,0,0,0.0,0.0,0.0,0.0
736,640,2176,64,0,262144,0,0,2296,0,0.0,0.0,0.0,0.0
737,640,2176,128,1,163840,0,0,19,0,0.0,0.0,0.0,0.0
738,640,2240,0,1,262144,0,0,0,0,0.0,0.0,0.0,0.0
739,640,2240,64,0,262144,0,0,618,0,0.0,0.0,0.0,0.0
740,640,2240,128,1,163840,0,0,0,0,0.0,0.0,0.0,0.0
741,640,2304,0,1,262144,0,0,0,0,0.0,0.0,0.0,0.0
742,640,2304,64,0,262144,0,0,0,0,0.0,0.0,0.0,0.0
743,640,2304,128,1,163840,0,0,0,0,0.0,0.0,0.0,0.0
744,640,2368,0,1,262144,0,0,0,0,0.0,0.0,0.0,0.0
745,640,2368,64,0,262144,0,0,0,0,0.0,0.0,0.0,0.0
746,640,2368,128,1,163840,0,0,0,0,0.0,0.0,0.0,0.0
747,640,2432,0,1,262144,0,0,0,0,0.0,0.0,0.0,0.0
748,640,2432,64,0,262144,0,0,0,0,0.0,0.0,0.0,0.0
749,640,2432,128,1,163840,0,0,0,0,0.0,0.0,0.0,0.0
750,640,2496,0,1,240064,0,0,0,0,0.0,0.0,0.0,0.0
751,640,2496,64,0,262144,0,0,0,0,0.0,0.0,0.0,0.0
752,640,2496,128,1,163840,0,0,0,0,0.0,0.0,0.0,0.0
753,640,2560,0,1,92224,0,0,0,0,0.0,0.0,0.0,0.0
754,640,2560,64,0,262144,0,0,0,0,0.0,0.0,0.0,0.0
755,640,2560,128,1,163840,0,0,0,0,0.0,0.0,0.0,0.0
756,640,2624,0,1,1664,0,0,0,0,0.0,0.0,0.0,0.0
757,640,2624,64,0,177472,0,0,0,0,0.0,0.0,0.0,0.0
758,640,2624,128,1,163840,0,0,0,0,0.0,0.0,0.0,0.0
759,640,2688,64,0,21184,0,0,0,0,0.0,0.0,0.0,0.0
760,640,2688,128,1,150656,0,0,0,0,0.0,0.0,0.0,0.0
761,640,2752,128,1,24704,0,0,0,0,0.0,0.0,0.0,0.0
762,704,0,0,1,23040,0,0,0,0,0.0,0.0,0.0,0.0
763,704,64,0,1,206006,0,0,0,0,0.0,0.0,0.0,0.0
764,704,64,64,0,199995,1315,1213,8050,102,0.12952482648158034,0.2293439213461902,0.13095109575731403,0.9224334600760457
765,704,64,128,1,125391,2,0,0,2,0.0,0.0,0.0,0.0
766,704,128,0,1,262144,0,0,0,0,0.0,0.0,0.0,0.0
767,704,128,64,0,262144,894,894,18985,0,0.044972081090598116,0.08607326818466278,0.044972081090598116,1.0
768,704,128,128,1,163840,7049,0,11089,7049,0.0,0.0,0.0,0.0
769,704,192,0,1,262144,11043,4277,10538,6766,0.19818358741485567,0.3308067135896048,0.2886938913263584,0.38730417459023814
770,704,192,64,0,262144,11647,5750,26531,5897,0.15061029912515062,0.2617920233108723,0.17812335429509618,0.4936893620674852
771,704,192,128,1,163840,0,0,225,0,0.0,0.0,0.0,0.0
772,704,256,0,1,262144,786,138,886,648,0.08253588516746412,0.15248618784530388,0.134765625,0.17557251908396945
773,704,256,64,0,262144,5927,1273,13398,4654,0.0658732212160414,0.12360423342072045,0.08676981800831572,0.21477982115741523
774,704,256,128,1,163840,342,0,538,342,0.0,0.0,0.0,0.0
775,704,320,0,1,262144,0,0,0,0,0.0,0.0,0.0,0.0
776,704,320,64,0,262144,2906,0,3335,2906,0.0,0.0,0.0,0.0
777,704,320,128,1,163840,0,0,8007,0,0.0,0.0,0.0,0.0
778,704,384,0,1,262144,0,0,0,0,0.0,0.0,0.0,0.0
779,704,384,64,0,262144,0,0,0,0,0.0,0.0,0.0,0.0
780,704,384,128,1,163840,0,0,0,0,0.0,0.0,0.0,0.0
781,704,448,0,1,262144,18791,16892,8292,1899,0.6237122918435919,0.7682546901648664,0.6707433290978398,0.8989409823851844
782,704,448,64,0,262144,0,0,0,0,0.0,0.0,0.0,0.0
783,704,448,128,1,163840,0,0,0,0,0.0,0.0,0.0,0.0
784,704,512,0,1,262144,29655,29408,16700,247,0.6344083701866033,0.7763156158019086,0.6378068881755877,0.9916708818074523
785,704,512,64,0,262144,39852,28189,29536,11663,0.4062518014642301,0.5777795997007491,0.48833261152013857,0.7073421660142527
786,704,512,128,1,163840,0,0,1349,0,0.0,0.0,0.0,0.0
787,704,576,0,1,262144,29,7,113,22,0.04929577464788732,0.09395973154362416,0.058333333333333334,0.2413793103448276
788,704,576,64,0,262144,6504,2421,7194,4083,0.17674113009198422,0.30039084310441094,0.2517940717628705,0.37223247232472323
789,704,576,128,1,163840,323,318,18600,5,0.016804946361570577,0.03305441505119276,0.016809387884554394,0.9845201238390093
790,704,640,0,1,262144,0,0,0,0,0.0,0.0,0.0,0.0
791,704,640,64,0,262144,11316,7981,18792,3335,0.26507904875780525,0.41907112289637427,0.29809883091173944,0.7052845528455285
792,704,640,128,1,163840,19736,12923,15872,6813,0.3629240620085374,0.532566812964909,0.4487931932627192,0.6547932711795703
793,704,704,0,1,262144,0,0,0,0,0.0,0.0,0.0,0.0
794,704,704,64,0,262144,0,0,0,0,0.0,0.0,0.0,0.0
795,704,704,128,1,163840,8367,8350,5721,17,0.5927030096536059,0.7442731081201533,0.593419088906261,0.9979682084379108
796,704,768,0,1,262144,0,0,0,0,0.0,0.0,0.0,0.0
797,704,768,64,0,262144,0,0,3,0,0.0,0.0,0.0,0.0
798,704,768,128,1,163840,0,0,0,0,0.0,0.0,0.0,0.0
799,704,832,0,1,262144,0,0,0,0,0.0,0.0,0.0,0.0
800,704,832,64,0,262144,0,0,0,0,0.0,0.0,0.0,0.0
801,704,832,128,1,163840,0,0,0,0,0.0,0.0,0.0,0.0
802,704,896,0,1,262144,0,0,0,0,0.0,0.0,0.0,0.0
803,704,896,64,0,262144,0,0,0,0,0.0,0.0,0.0,0.0
804,704,896,128,1,163840,0,0,0,0,0.0,0.0,0.0,0.0
805,704,960,0,1,262144,0,0,0,0,0.0,0.0,0.0,0.0
806,704,960,64,0,262144,0,0,0,0,0.0,0.0,0.0,0.0
807,704,960,128,1,163840,0,0,0,0,0.0,0.0,0.0,0.0
808,704,1024,0,1,262144,0,0,0,0,0.0,0.0,0.0,0.0
809,704,1024,64,0,262144,0,0,0,0,0.0,0.0,0.0,0.0
810,704,1024,128,1,163840,0,0,0,0,0.0,0.0,0.0,0.0
811,704,1088,0,1,262144,0,0,0,0,0.0,0.0,0.0,0.0
812,704,1088,64,0,262144,0,0,0,0,0.0,0.0,0.0,0.0
813,704,1088,128,1,163840,0,0,0,0,0.0,0.0,0.0,0.0
814,704,1152,0,1,262144,0,0,0,0,0.0,0.0,0.0,0.0
815,704,1152,64,0,262144,0,0,0,0,0.0,0.0,0.0,0.0
816,704,1152,128,1,163840,0,0,0,0,0.0,0.0,0.0,0.0
817,704,1216,0,1,262144,0,0,0,0,0.0,0.0,0.0,0.0
818,704,1216,64,0,262144,0,0,0,0,0.0,0.0,0.0,0.0
819,704,1216,128,1,163840,0,0,0,0,0.0,0.0,0.0,0.0
820,704,1280,0,1,262144,0,0,0,0,0.0,0.0,0.0,0.0
821,704,1280,64,0,262144,0,0,0,0,0.0,0.0,0.0,0.0
822,704,1280,128,1,163840,0,0,0,0,0.0,0.0,0.0,0.0
823,704,1344,0,1,262144,0,0,0,0,0.0,0.0,0.0,0.0
824,704,1344,64,0,262144,0,0,0,0,0.0,0.0,0.0,0.0
825,704,1344,128,1,163840,0,0,0,0,0.0,0.0,0.0,0.0
826,704,1408,0,1,262144,0,0,0,0,0.0,0.0,0.0,0.0
827,704,1408,64,0,262144,0,0,0,0,0.0,0.0,0.0,0.0
828,704,1408,128,1,163840,0,0,0,0,0.0,0.0,0.0,0.0
829,704,1472,0,1,262144,16661,5328,5820,11333,0.23700013344602108,0.3831852997231112,0.47793326157158234,0.319788728167577
830,704,1472,64,0,262144,0,0,547,0,0.0,0.0,0.0,0.0
831,704,1472,128,1,163840,0,0,0,0,0.0,0.0,0.0,0.0
832,704,1536,0,1,262144,36,36,2887,0,0.012316113581936367,0.024332544778641434,0.012316113581936367,1.0
833,704,1536,64,0,262144,0,0,848,0,0.0,0.0,0.0,0.0
834,704,1536,128,1,163840,0,0,0,0,0.0,0.0,0.0,0.0
835,704,1600,0,1,262144,0,0,0,0,0.0,0.0,0.0,0.0
836,704,1600,64,0,262144,0,0,0,0,0.0,0.0,0.0,0.0
837,704,1600,128,1,163840,0,0,0,0,0.0,0.0,0.0,0.0
838,704,1664,0,1,262144,0,0,0,0,0.0,0.0,0.0,0.0
839,704,1664,64,0,262144,0,0,0,0,0.0,0.0,0.0,0.0
840,704,1664,128,1,163840,0,0,0,0,0.0,0.0,0.0,0.0
841,704,1728,0,1,262144,0,0,0,0,0.0,0.0,0.0,0.0
842,704,1728,64,0,262144,0,0,0,0,0.0,0.0,0.0,0.0
843,704,1728,128,1,163840,0,0,0,0,0.0,0.0,0.0,0.0
844,704,1792,0,1,262144,0,0,0,0,0.0,0.0,0.0,0.0
845,704,1792,64,0,262144,0,0,0,0,0.0,0.0,0.0,0.0
846,704,1792,128,1,163840,0,0,0,0,0.0,0.0,0.0,0.0
847,704,1856,0,1,262144,0,0,0,0,0.0,0.0,0.0,0.0
848,704,1856,64,0,262144,0,0,0,0,0.0,0.0,0.0,0.0
849,704,1856,128,1,163840,0,0,0,0,0.0,0.0,0.0,0.0
850,704,1920,0,1,262144,0,0,0,0,0.0,0.0,0.0,0.0
851,704,1920,64,0,262144,0,0,70,0,0.0,0.0,0.0,0.0
852,704,1920,128,1,163840,0,0,0,0,0.0,0.0,0.0,0.0
853,704,1984,0,1,262144,0,0,0,0,0.0,0.0,0.0,0.0
854,704,1984,64,0,262144,0,0,0,0,0.0,0.0,0.0,0.0
855,704,1984,128,1,163840,0,0,0,0,0.0,0.0,0.0,0.0
856,704,2048,0,1,262144,0,0,0,0,0.0,0.0,0.0,0.0
857,704,2048,64,0,262144,0,0,0,0,0.0,0.0,0.0,0.0
858,704,2048,128,1,163840,0,0,0,0,0.0,0.0,0.0,0.0
859,704,2112,0,1,262144,0,0,0,0,0.0,0.0,0.0,0.0
860,704,2112,64,0,262144,0,0,0,0,0.0,0.0,0.0,0.0
861,704,2112,128,1,163840,0,0,0,0,0.0,0.0,0.0,0.0
862,704,2176,0,1,262144,0,0,0,0,0.0,0.0,0.0,0.0
863,704,2176,64,0,262144,0,0,0,0,0.0,0.0,0.0,0.0
864,704,2176,128,1,163840,0,0,0,0,0.0,0.0,0.0,0.0
865,704,2240,0,1,262144,0,0,0,0,0.0,0.0,0.0,0.0
866,704,2240,64,0,262144,0,0,0,0,0.0,0.0,0.0,0.0
867,704,2240,128,1,163840,0,0,0,0,0.0,0.0,0.0,0.0
868,704,2304,0,1,262144,0,0,0,0,0.0,0.0,0.0,0.0
869,704,2304,64,0,262144,0,0,0,0,0.0,0.0,0.0,0.0
870,704,2304,128,1,163840,0,0,0,0,0.0,0.0,0.0,0.0
871,704,2368,0,1,262144,0,0,0,0,0.0,0.0,0.0,0.0
872,704,2368,64,0,262144,0,0,0,0,0.0,0.0,0.0,0.0
873,704,2368,128,1,163840,0,0,0,0,0.0,0.0,0.0,0.0
874,704,2432,0,1,262144,0,0,0,0,0.0,0.0,0.0,0.0
875,704,2432,64,0,262144,0,0,0,0,0.0,0.0,0.0,0.0
876,704,2432,128,1,163840,0,0,0,0,0.0,0.0,0.0,0.0
877,704,2496,0,1,240064,0,0,0,0,0.0,0.0,0.0,0.0
878,704,2496,64,0,262144,0,0,0,0,0.0,0.0,0.0,0.0
879,704,2496,128,1,163840,0,0,0,0,0.0,0.0,0.0,0.0
880,704,2560,0,1,92224,0,0,0,0,0.0,0.0,0.0,0.0
881,704,2560,64,0,262144,0,0,0,0,0.0,0.0,0.0,0.0
882,704,2560,128,1,163840,0,0,0,0,0.0,0.0,0.0,0.0
883,704,2624,0,1,1664,0,0,0,0,0.0,0.0,0.0,0.0
884,704,2624,64,0,177472,0,0,0,0,0.0,0.0,0.0,0.0
885,704,2624,128,1,163840,0,0,0,0,0.0,0.0,0.0,0.0
886,704,2688,64,0,21184,0,0,0,0,0.0,0.0,0.0,0.0
887,704,2688,128,1,150656,0,0,0,0,0.0,0.0,0.0,0.0
888,704,2752,128,1,24704,0,0,0,0,0.0,0.0,0.0,0.0
889,768,0,0,1,23040,0,0,0,0,0.0,0.0,0.0,0.0
890,768,64,0,1,233809,596,0,2919,596,0.0,0.0,0.0,0.0
891,768,64,64,0,229429,7498,5488,12087,2010,0.2802144498340567,0.43776173573166355,0.31226173541963015,0.7319285142704721
892,768,64,128,1,144993,18270,6649,2991,11621,0.31273223272658857,0.47646005016123255,0.6897302904564315,0.36392993979200877
893,768,128,0,1,262144,173,3,8435,170,0.00034851301115241634,0.0006967831842991523,0.000355534486845224,0.017341040462427744
894,768,128,64,0,262144,22505,19836,28400,2669,0.38966702681465476,0.5608063216522243,0.41122812836885314,0.8814041324150189
895,768,128,128,1,163840,9244,2168,8632,7076,0.12127992839561423,0.21632408700858113,0.20074074074074075,0.2345305062743401
896,768,192,0,1,262144,22873,15467,17696,7406,0.38125169464369346,0.5520379755871225,0.46639326960769534,0.6762121278363136
897,768,192,64,0,262144,23864,15601,19779,8263,0.3574685516577687,0.5266693673620957,0.44095534200113057,0.6537462286288971
898,768,192,128,1,163840,12976,4065,8901,8911,0.18581158294098826,0.31339141161051576,0.3135122628412772,0.31327065351418004
899,768,256,0,1,262144,5010,0,0,5010,0.0,0.0,0.0,0.0
900,768,256,64,0,262144,53643,19279,34101,34364,0.21971872720641866,0.36027769731739906,0.36116523042337956,0.3593945155938333
901,768,256,128,1,163840,9859,4994,10814,4865,0.24157113142746578,0.3891378034051506,0.315915991902834,0.5065422456638604
902,768,320,0,1,262144,0,0,0,0,0.0,0.0,0.0,0.0
903,768,320,64,0,262144,4917,250,262,4667,0.04827186715582159,0.09209799226376865,0.48828125,0.0508440105755542
904,768,320,128,1,163840,0,0,254,0,0.0,0.0,0.0,0.0
905,768,384,0,1,262144,0,0,0,0,0.0,0.0,0.0,0.0
906,768,384,64,0,262144,0,0,0,0,0.0,0.0,0.0,0.0
907,768,384,128,1,163840,0,0,0,0,0.0,0.0,0.0,0.0
908,768,448,0,1,262144,14975,3412,983,11563,0.21381125454317584,0.3522973670624677,0.7763367463026166,0.22784641068447412
909,768,448,64,0,262144,0,0,0,0,0.0,0.0,0.0,0.0
910,768,448,128,1,163840,0,0,0,0,0.0,0.0,0.0,0.0
911,768,512,0,1,262144,58768,40137,20282,18631,0.5077419354838709,0.6735130509199829,0.6643108955792052,0.6829737271984754
912,768,512,64,0,262144,22208,17095,5818,5113,0.6099693142082352,0.7577402983089914,0.7460830096451796,0.76976765129683
913,768,512,128,1,163840,0,0,0,0,0.0,0.0,0.0,0.0
914,768,576,0,1,262144,10957,7676,7152,3281,0.42387762990778066,0.5953849137095211,0.5176692743458322,0.7005567217304006
915,768,576,64,0,262144,31083,22873,24143,8210,0.41417086155071886,0.5857437355151794,0.4864939595031479,0.7358684811633369
916,768,576,128,1,163840,20321,13060,14625,7261,0.3737194528701425,0.5440986543348748,0.4717355968936247,0.642684907238817
917,768,640,0,1,262144,2063,1970,7881,93,0.19810941271118263,0.33070337418163503,0.19997969749264033,0.954920019389239
918,768,640,64,0,262144,40918,25204,26701,15714,0.37273547375737587,0.5430550617842561,0.48557942394759657,0.6159636345862457
919,768,640,128,1,163840,29420,22466,16722,6954,0.4868883013306749,0.6549090485074627,0.5732877411452485,0.7636301835486063
920,768,704,0,1,262144,0,0,0,0,0.0,0.0,0.0,0.0
921,768,704,64,0,262144,210,210,1422,0,0.12867647058823528,0.2280130293159609,0.12867647058823528,1.0
922,768,704,128,1,163840,24228,21038,15671,3190,0.5272813854983834,0.690483614224527,0.5731019640959982,0.8683341588245006
923,768,768,0,1,262144,0,0,0,0,0.0,0.0,0.0,0.0
924,768,768,64,0,262144,0,0,14110,0,0.0,0.0,0.0,0.0
925,768,768,128,1,163840,0,0,0,0,0.0,0.0,0.0,0.0
926,768,832,0,1,262144,0,0,5797,0,0.0,0.0,0.0,0.0
927,768,832,64,0,262144,0,0,9530,0,0.0,0.0,0.0,0.0
928,768,832,128,1,163840,0,0,0,0,0.0,0.0,0.0,0.0
929,768,896,0,1,262144,0,0,0,0,0.0,0.0,0.0,0.0
930,768,896,64,0,262144,0,0,0,0,0.0,0.0,0.0,0.0
931,768,896,128,1,163840,0,0,0,0,0.0,0.0,0.0,0.0
932,768,960,0,1,262144,0,0,0,0,0.0,0.0,0.0,0.0
933,768,960,64,0,262144,0,0,2655,0,0.0,0.0,0.0,0.0
934,768,960,128,1,163840,0,0,0,0,0.0,0.0,0.0,0.0
935,768,1024,0,1,262144,0,0,0,0,0.0,0.0,0.0,0.0
936,768,1024,64,0,262144,0,0,7941,0,0.0,0.0,0.0,0.0
937,768,1024,128,1,163840,0,0,0,0,0.0,0.0,0.0,0.0
938,768,1088,0,1,262144,2,0,0,2,0.0,0.0,0.0,0.0
939,768,1088,64,0,262144,0,0,0,0,0.0,0.0,0.0,0.0
940,768,1088,128,1,163840,0,0,0,0,0.0,0.0,0.0,0.0
941,768,1152,0,1,262144,2903,318,216,2585,0.10195575504969541,0.18504509746872272,0.5955056179775281,0.10954185325525319
942,768,1152,64,0,262144,0,0,0,0,0.0,0.0,0.0,0.0
943,768,1152,128,1,163840,0,0,0,0,0.0,0.0,0.0,0.0
944,768,1216,0,1,262144,0,0,0,0,0.0,0.0,0.0,0.0
945,768,1216,64,0,262144,0,0,0,0,0.0,0.0,0.0,0.0
946,768,1216,128,1,163840,0,0,0,0,0.0,0.0,0.0,0.0
947,768,1280,0,1,262144,0,0,0,0,0.0,0.0,0.0,0.0
948,768,1280,64,0,262144,0,0,0,0,0.0,0.0,0.0,0.0
949,768,1280,128,1,163840,0,0,0,0,0.0,0.0,0.0,0.0
950,768,1344,0,1,262144,0,0,0,0,0.0,0.0,0.0,0.0
951,768,1344,64,0,262144,29,23,94,6,0.18699186991869918,0.3150684931506849,0.19658119658119658,0.7931034482758621
952,768,1344,128,1,163840,0,0,0,0,0.0,0.0,0.0,0.0
953,768,1408,0,1,262144,0,0,483,0,0.0,0.0,0.0,0.0
954,768,1408,64,0,262144,4515,3979,6025,536,0.3775142314990512,0.548109373923824,0.3977409036385446,0.8812846068660022
955,768,1408,128,1,163840,13778,4356,942,9422,0.29592391304347826,0.4566995177185993,0.8221970554926388,0.31615619102917697
956,768,1472,0,1,262144,9350,8624,3237,726,0.6851513466274728,0.8131629814718778,0.7270887783492117,0.9223529411764706
957,768,1472,64,0,262144,7352,3126,7902,4226,0.2049298544644028,0.34015233949945595,0.2834602829162133,0.4251904243743199
958,768,1472,128,1,163840,7528,4591,1466,2937,0.5104514120524795,0.6758925285241074,0.7579659897639095,0.6098565356004251
959,768,1536,0,1,262144,34106,33181,13163,925,0.7019611161649284,0.8248850217526414,0.7159718625927844,0.9728786723743623
960,768,1536,64,0,262144,18615,18397,15307,218,0.5423324096456577,0.7032626770389342,0.5458402563493947,0.9882890142358313
961,768,1536,128,1,163840,8049,7373,6383,676,0.5108786031042128,0.6762669112588856,0.535984297760977,0.916014411728165
962,768,1600,0,1,262144,0,0,0,0,0.0,0.0,0.0,0.0
963,768,1600,64,0,262144,0,0,0,0,0.0,0.0,0.0,0.0
964,768,1600,128,1,163840,323,311,334,12,0.4733637747336377,0.6425619834710744,0.4821705426356589,0.9628482972136223
965,768,1664,0,1,262144,0,0,0,0,0.0,0.0,0.0,0.0
966,768,1664,64,0,262144,0,0,0,0,0.0,0.0,0.0,0.0
967,768,1664,128,1,163840,0,0,0,0,0.0,0.0,0.0,0.0
968,768,1728,0,1,262144,0,0,0,0,0.0,0.0,0.0,0.0
969,768,1728,64,0,262144,303,14,19,289,0.043478260869565216,0.08333333333333333,0.42424242424242425,0.0462046204620462
970,768,1728,128,1,163840,0,0,0,0,0.0,0.0,0.0,0.0
971,768,1792,0,1,262144,6004,723,1088,5281,0.10194585448392555,0.18502879078694817,0.3992269464384318,0.1204197201865423
972,768,1792,64,0,262144,674,152,1421,522,0.07255369928400955,0.1352914997774811,0.09663064208518754,0.22551928783382788
973,768,1792,128,1,163840,0,0,0,0,0.0,0.0,0.0,0.0
974,768,1856,0,1,262144,135,0,0,135,0.0,0.0,0.0,0.0
975,768,1856,64,0,262144,235,211,714,24,0.22233930453108536,0.36379310344827587,0.2281081081081081,0.8978723404255319
976,768,1856,128,1,163840,0,0,32,0,0.0,0.0,0.0,0.0
977,768,1920,0,1,262144,0,0,0,0,0.0,0.0,0.0,0.0
978,768,1920,64,0,262144,0,0,0,0,0.0,0.0,0.0,0.0
979,768,1920,128,1,163840,384,0,421,384,0.0,0.0,0.0,0.0
980,768,1984,0,1,262144,0,0,0,0,0.0,0.0,0.0,0.0
981,768,1984,64,0,262144,0,0,0,0,0.0,0.0,0.0,0.0
982,768,1984,128,1,163840,0,0,491,0,0.0,0.0,0.0,0.0
983,768,2048,0,1,262144,1152,1124,9505,28,0.105470582715586,0.19081572022748494,0.10574842412268322,0.9756944444444444
984,768,2048,64,0,262144,1479,709,1809,770,0.21563260340632603,0.3547660745559169,0.28157267672756153,0.4793779580797836
985,768,2048,128,1,163840,0,0,5,0,0.0,0.0,0.0,0.0
986,768,2112,0,1,262144,3402,3379,5441,23,0.38211014361641976,0.5529373261332025,0.38310657596371883,0.9932392710170488
987,768,2112,64,0,262144,3039,2973,3933,66,0.42641996557659206,0.5978883861236802,0.43049522154648134,0.9782823297137216
988,768,2112,128,1,163840,0,0,5,0,0.0,0.0,0.0,0.0
989,768,2176,0,1,262144,0,0,0,0,0.0,0.0,0.0,0.0
990,768,2176,64,0,262144,0,0,0,0,0.0,0.0,0.0,0.0
991,768,2176,128,1,163840,0,0,80,0,0.0,0.0,0.0,0.0
992,768,2240,0,1,262144,0,0,0,0,0.0,0.0,0.0,0.0
993,768,2240,64,0,262144,0,0,0,0,0.0,0.0,0.0,0.0
994,768,2240,128,1,163840,0,0,0,0,0.0,0.0,0.0,0.0
995,768,2304,0,1,262144,0,0,0,0,0.0,0.0,0.0,0.0
996,768,2304,64,0,262144,0,0,0,0,0.0,0.0,0.0,0.0
997,768,2304,128,1,163840,0,0,0,0,0.0,0.0,0.0,0.0
998,768,2368,0,1,262144,0,0,0,0,0.0,0.0,0.0,0.0
999,768,2368,64,0,262144,0,0,0,0,0.0,0.0,0.0,0.0
1000,768,2368,128,1,163840,0,0,0,0,0.0,0.0,0.0,0.0
1001,768,2432,0,1,262144,0,0,0,0,0.0,0.0,0.0,0.0
1002,768,2432,64,0,262144,0,0,0,0,0.0,0.0,0.0,0.0
1003,768,2432,128,1,163840,0,0,298,0,0.0,0.0,0.0,0.0
1004,768,2496,0,1,240064,0,0,0,0,0.0,0.0,0.0,0.0
1005,768,2496,64,0,262144,0,0,0,0,0.0,0.0,0.0,0.0
1006,768,2496,128,1,163840,0,0,725,0,0.0,0.0,0.0,0.0
1007,768,2560,0,1,92224,0,0,15,0,0.0,0.0,0.0,0.0
1008,768,2560,64,0,262144,0,0,0,0,0.0,0.0,0.0,0.0
1009,768,2560,128,1,163840,0,0,136,0,0.0,0.0,0.0,0.0
1010,768,2624,0,1,1664,0,0,0,0,0.0,0.0,0.0,0.0
1011,768,2624,64,0,177472,0,0,8,0,0.0,0.0,0.0,0.0
1012,768,2624,128,1,163840,0,0,0,0,0.0,0.0,0.0,0.0
1013,768,2688,64,0,21184,0,0,0,0,0.0,0.0,0.0,0.0
1014,768,2688,128,1,150656,0,0,0,0,0.0,0.0,0.0,0.0
1015,768,2752,128,1,24704,0,0,0,0,0.0,0.0,0.0,0.0
1016,832,0,0,1,26235,412,0,0,412,0.0,0.0,0.0,0.0
1017,832,0,64,1,628,0,0,0,0,0.0,0.0,0.0,0.0
1018,832,0,128,1,28,0,0,0,0,0.0,0.0,0.0,0.0
1019,832,64,0,1,255340,21544,8628,23484,12916,0.1916141067780048,0.3216042940211719,0.2686846038863976,0.4004827330115113
1020,832,64,64,0,252280,12076,3331,1479,8745,0.24573957949096276,0.39452801137036597,0.6925155925155925,0.2758363696588274
1021,832,64,128,1,155292,28558,5496,8594,23062,0.1479328165374677,0.2577377602701182,0.39006387508871543,0.1924504517123048
1022,832,128,0,1,262144,16395,4519,16299,11876,0.1382210803205481,0.24287211458361324,0.21707176481890672,0.2756328148825862
1023,832,128,64,0,262144,36557,28354,33452,8203,0.40500507077661446,0.5765175929973669,0.45875804938031906,0.7756106901551002
1024,832,128,128,1,163840,13144,3322,409,9822,0.2451117833689958,0.3937185185185185,0.8903779147681586,0.2527388922702374
1025,832,192,0,1,262144,15667,9291,13766,6376,0.3156660890836816,0.47985745274248526,0.40295788697575574,0.5930299355332865
1026,832,192,64,0,262144,50700,27270,26663,23430,0.352494086320334,0.5212504659141953,0.5056273524558248,0.5378698224852071
1027,832,192,128,1,163840,44163,25657,18571,18506,0.4089807759747505,0.5805342172845652,0.5801076241295107,0.580961438308086
1028,832,256,0,1,262144,744,0,0,744,0.0,0.0,0.0,0.0
1029,832,256,64,0,262144,45863,10390,17327,35473,0.1644247507517012,0.28241369937483013,0.37486019410470106,0.2265442731613719
1030,832,256,128,1,163840,31457,13037,14571,18420,0.2832406361345268,0.4414458647253026,0.4722181976238771,0.41443875766919924
1031,832,320,0,1,262144,0,0,0,0,0.0,0.0,0.0,0.0
1032,832,320,64,0,262144,0,0,0,0,0.0,0.0,0.0,0.0
1033,832,320,128,1,163840,0,0,0,0,0.0,0.0,0.0,0.0
1034,832,384,0,1,262144,0,0,0,0,0.0,0.0,0.0,0.0
1035,832,384,64,0,262144,0,0,0,0,0.0,0.0,0.0,0.0
1036,832,384,128,1,163840,0,0,0,0,0.0,0.0,0.0,0.0
1037,832,448,0,1,262144,15518,0,209,15518,0.0,0.0,0.0,0.0
1038,832,448,64,0,262144,0,0,0,0,0.0,0.0,0.0,0.0
1039,832,448,128,1,163840,0,0,0,0,0.0,0.0,0.0,0.0
1040,832,512,0,1,262144,35255,25981,13867,9274,0.5289076177680062,0.6918764896209206,0.6520026099176872,0.7369451141682031
1041,832,512,64,0,262144,8376,4397,7011,3979,0.28576070709040097,0.4445006065507481,0.3854312762973352,0.5249522445081184
1042,832,512,128,1,163840,1617,235,54,1382,0.14063435068821065,0.2465897166841553,0.8131487889273357,0.1453308596165739
1043,832,576,0,1,262144,23696,22873,11614,823,0.6477768337581422,0.7862434044308475,0.6632354220430887,0.9652683997299122
1044,832,576,64,0,262144,42832,38551,32607,4281,0.5110221503466377,0.6763926660233354,0.5417662104050142,0.900051363466567
1045,832,576,128,1,163840,25617,17402,22773,8215,0.35961975614796443,0.5290004863813229,0.43315494710640945,0.6793145177030878
1046,832,640,0,1,262144,11267,10127,10138,1140,0.47311375846764775,0.6423315996448052,0.4997285961016531,0.8988195615514334
1047,832,640,64,0,262144,44589,33551,31147,11038,0.4429993662194993,0.6139980052522258,0.5185786268509073,0.7524501558680392
1048,832,640,128,1,163840,26794,17409,14721,9385,0.4193424063591473,0.5908967483538117,0.5418300653594771,0.6497350153019332
1049,832,704,0,1,262144,36,0,97,36,0.0,0.0,0.0,0.0
1050,832,704,64,0,262144,6894,6891,6722,3,0.5060957696827262,0.6720631979324133,0.5062073018438258,0.9995648389904265
1051,832,704,128,1,163840,29760,25880,13066,3880,0.6043057955447625,0.7533548743923384,0.6645098341293072,0.8696236559139785
1052,832,768,0,1,262144,8575,6291,25039,2284,0.18715416195632772,0.31529883473248965,0.2007979572294925,0.7336443148688047
1053,832,768,64,0,262144,239,87,82,152,0.27102803738317754,0.4264705882352941,0.514792899408284,0.36401673640167365
1054,832,768,128,1,163840,94,94,288,0,0.24607329842931938,0.3949579831932773,0.24607329842931938,1.0
1055,832,832,0,1,262144,3868,3311,9225,557,0.2528832200412434,0.40368202877346987,0.2641193363114231,0.8559979317476732
1056,832,832,64,0,262144,17766,7261,17292,10505,0.20711392549489419,0.3431555566057799,0.2957276096607339,0.4087020150849938
1057,832,832,128,1,163840,4134,82,1620,4052,0.014250955856795273,0.02810143934201508,0.0481786133960047,0.01983551040154814
1058,832,896,0,1,262144,0,0,901,0,0.0,0.0,0.0,0.0
1059,832,896,64,0,262144,21600,7932,11519,13668,0.23949998490292582,0.38644612798713796,0.40779394375610506,0.3672222222222222
1060,832,896,128,1,163840,1712,3,0,1709,0.0017523364485981308,0.003498542274052478,1.0,0.0017523364485981308
1061,832,960,0,1,262144,0,0,0,0,0.0,0.0,0.0,0.0
1062,832,960,64,0,262144,2622,1708,3278,914,0.2894915254237288,0.4490010515247108,0.3425591656638588,0.6514111365369947
1063,832,960,128,1,163840,1990,40,125,1950,0.018912529550827423,0.037122969837587005,0.24242424242424243,0.020100502512562814
1064,832,1024,0,1,262144,0,0,162,0,0.0,0.0,0.0,0.0
1065,832,1024,64,0,262144,6276,3942,5847,2334,0.32516703786191536,0.4907563025210084,0.40269690468893654,0.6281070745697896
1066,832,1024,128,1,163840,15365,6064,2110,9301,0.34701001430615164,0.515230043757169,0.7418644482505505,0.3946631955743573
1067,832,1088,0,1,262144,11752,10170,1478,1582,0.7687074829931972,0.8692307692307693,0.8731112637362637,0.8653846153846154
1068,832,1088,64,0,262144,0,0,14,0,0.0,0.0,0.0,0.0
1069,832,1088,128,1,163840,2466,1096,689,1370,0.3473851030110935,0.5156433780286991,0.6140056022408964,0.4444444444444444
1070,832,1152,0,1,262144,19992,18231,16911,1761,0.4940248760263393,0.6613342039394928,0.5187809458767287,0.9119147659063626
1071,832,1152,64,0,262144,27404,13570,14040,13834,0.3274297847698099,0.4933289708074308,0.4914885910901847,0.4951831849365056
1072,832,1152,128,1,163840,0,0,0,0,0.0,0.0,0.0,0.0
1073,832,1216,0,1,262144,0,0,2092,0,0.0,0.0,0.0,0.0
1074,832,1216,64,0,262144,0,0,256,0,0.0,0.0,0.0,0.0
1075,832,1216,128,1,163840,0,0,0,0,0.0,0.0,0.0,0.0
1076,832,1280,0,1,262144,0,0,1056,0,0.0,0.0,0.0,0.0
1077,832,1280,64,0,262144,1927,1927,23275,0,0.07646218554083009,0.14206200007372186,0.07646218554083009,1.0
1078,832,1280,128,1,163840,0,0,0,0,0.0,0.0,0.0,0.0
1079,832,1344,0,1,262144,0,0,0,0,0.0,0.0,0.0,0.0
1080,832,1344,64,0,262144,17700,16937,24895,763,0.3976288296748445,0.5690049049250823,0.4048814304838401,0.9568926553672317
1081,832,1344,128,1,163840,0,0,0,0,0.0,0.0,0.0,0.0
1082,832,1408,0,1,262144,33,4,126,29,0.025157232704402517,0.049079754601226995,0.03076923076923077,0.12121212121212122
1083,832,1408,64,0,262144,7919,5476,5761,2443,0.4002923976608187,0.5717268740864481,0.48731867936281925,0.6915014522035611
1084,832,1408,128,1,163840,31280,18932,7600,12348,0.4869341563786008,0.654950529301875,0.7135534448967285,0.6052429667519181
1085,832,1472,0,1,262144,19354,12172,5834,7182,0.4832459901540416,0.6516059957173448,0.6759968899255804,0.6289139196031828
1086,832,1472,64,0,262144,39037,26176,6663,12861,0.5727789934354486,0.7283655183927876,0.7971010079478669,0.670543330686272
1087,832,1472,128,1,163840,31051,27268,5438,3783,0.7472937049521774,0.8553727433850401,0.8337308139179356,0.8781681749380053
1088,832,1536,0,1,262144,46602,41357,7112,5245,0.7699482444055553,0.8700234561538219,0.8532670366626091,0.8874511823526887
1089,832,1536,64,0,262144,46974,45147,13454,1827,0.7471205401469517,0.8552592943405162,0.7704134741727957,0.9611061438242432
1090,832,1536,128,1,163840,19579,19314,11587,265,0.6197137906693191,0.7652139461172741,0.6250283162357205,0.9864650901476071
1091,832,1600,0,1,262144,0,0,0,0,0.0,0.0,0.0,0.0
1092,832,1600,64,0,262144,0,0,0,0,0.0,0.0,0.0,0.0
1093,832,1600,128,1,163840,12153,11528,7170,625,0.5965947316669254,0.7473339600012966,0.616536527970906,0.9485723689623962
1094,832,1664,0,1,262144,0,0,0,0,0.0,0.0,0.0,0.0
1095,832,1664,64,0,262144,6968,1064,347,5904,0.14545454545454545,0.25396825396825395,0.7540751240255138,0.15269804822043628
1096,832,1664,128,1,163840,538,0,0,538,0.0,0.0,0.0,0.0
1097,832,1728,0,1,262144,6143,4731,439,1412,0.7187784867821331,0.8363829223017767,0.9150870406189555,0.7701448803516198
1098,832,1728,64,0,262144,28238,21580,10943,6658,0.550777162400143,0.7103240565494314,0.6635304246225748,0.7642184290672144
1099,832,1728,128,1,163840,9360,6933,5028,2427,0.48185988323603,0.6503447305473476,0.5796338098821169,0.7407051282051282
1100,832,1792,0,1,262144,43370,22686,3612,20684,0.4828657783832106,0.6512602629614744,0.8626511521788729,0.5230804703712243
1101,832,1792,64,0,262144,35729,23065,12318,12664,0.48005078360771747,0.6486950163122961,0.6518667156544103,0.6455540317389236
1102,832,1792,128,1,163840,12269,6617,4250,5652,0.4005690417095466,0.5720089903181189,0.6089077022177234,0.539326758497025
1103,832,1856,0,1,262144,8236,4856,4210,3380,0.3901655150249076,0.5613223904750896,0.5356276196779175,0.5896066051481301
1104,832,1856,64,0,262144,1018,555,2325,463,0.16601854621597367,0.28476141611082606,0.19270833333333334,0.5451866404715128
1105,832,1856,128,1,163840,5623,4909,5531,714,0.44011117088040164,0.611218327834153,0.47021072796934865,0.8730215187622266
1106,832,1920,0,1,262144,1550,1155,1689,395,0.3565915405989503,0.5257168866636323,0.4061181434599156,0.7451612903225806
1107,832,1920,64,0,262144,0,0,0,0,0.0,0.0,0.0,0.0
1108,832,1920,128,1,163840,6261,0,0,6261,0.0,0.0,0.0,0.0
1109,832,1984,0,1,262144,0,0,0,0,0.0,0.0,0.0,0.0
1110,832,1984,64,0,262144,0,0,0,0,0.0,0.0,0.0,0.0
1111,832,1984,128,1,163840,1063,0,0,1063,0.0,0.0,0.0,0.0
1112,832,2048,0,1,262144,11301,7520,17327,3781,0.2626798938102557,0.41606727896425805,0.3026522316577454,0.6654278382444031
1113,832,2048,64,0,262144,10418,8426,10947,1992,0.3943833372337936,0.5656741969051056,0.434935219119393,0.8087924745632559
1114,832,2048,128,1,163840,1913,0,0,1913,0.0,0.0,0.0,0.0
1115,832,2112,0,1,262144,35508,26989,11559,8519,0.5734166188624726,0.7288808469266501,0.7001400850887206,0.7600822349892982
1116,832,2112,64,0,262144,33203,26418,13238,6785,0.5688507999397084,0.7251815149809907,0.6661791406092394,0.7956509953919827
1117,832,2112,128,1,163840,1520,0,34,1520,0.0,0.0,0.0,0.0
1118,832,2176,0,1,262144,0,0,0,0,0.0,0.0,0.0,0.0
1119,832,2176,64,0,262144,0,0,0,0,0.0,0.0,0.0,0.0
1120,832,2176,128,1,163840,0,0,0,0,0.0,0.0,0.0,0.0
1121,832,2240,0,1,262144,0,0,0,0,0.0,0.0,0.0,0.0
1122,832,2240,64,0,262144,0,0,0,0,0.0,0.0,0.0,0.0
1123,832,2240,128,1,163840,612,0,0,612,0.0,0.0,0.0,0.0
1124,832,2304,0,1,262144,0,0,0,0,0.0,0.0,0.0,0.0
1125,832,2304,64,0,262144,10262,9045,9612,1217,0.45511723860320014,0.6255403022234517,0.48480463096960924,0.8814071331124537
1126,832,2304,128,1,163840,0,0,0,0,0.0,0.0,0.0,0.0
1127,832,2368,0,1,262144,0,0,0,0,0.0,0.0,0.0,0.0
1128,832,2368,64,0,262144,0,0,0,0,0.0,0.0,0.0,0.0
1129,832,2368,128,1,163840,0,0,0,0,0.0,0.0,0.0,0.0
1130,832,2432,0,1,262144,0,0,0,0,0.0,0.0,0.0,0.0
1131,832,2432,64,0,262144,0,0,0,0,0.0,0.0,0.0,0.0
1132,832,2432,128,1,163840,0,0,0,0,0.0,0.0,0.0,0.0
1133,832,2496,0,1,240064,0,0,0,0,0.0,0.0,0.0,0.0
1134,832,2496,64,0,262144,0,0,0,0,0.0,0.0,0.0,0.0
1135,832,2496,128,1,163840,0,0,0,0,0.0,0.0,0.0,0.0
1136,832,2560,0,1,92224,0,0,22,0,0.0,0.0,0.0,0.0
1137,832,2560,64,0,262144,0,0,0,0,0.0,0.0,0.0,0.0
1138,832,2560,128,1,163840,0,0,0,0,0.0,0.0,0.0,0.0
1139,832,2624,0,1,1664,0,0,0,0,0.0,0.0,0.0,0.0
1140,832,2624,64,0,177472,0,0,0,0,0.0,0.0,0.0,0.0
1141,832,2624,128,1,163840,423,0,0,423,0.0,0.0,0.0,0.0
1142,832,2688,64,0,21184,0,0,0,0,0.0,0.0,0.0,0.0
1143,832,2688,128,1,150656,0,0,0,0,0.0,0.0,0.0,0.0
1144,832,2752,128,1,24704,0,0,0,0,0.0,0.0,0.0,0.0
1145,896,0,0,1,45414,0,0,161,0,0.0,0.0,0.0,0.0
1146,896,0,64,1,18896,0,0,0,0,0.0,0.0,0.0,0.0
1147,896,0,128,1,5480,0,0,0,0,0.0,0.0,0.0,0.0
1148,896,64,0,1,262144,17084,9283,18634,7801,0.25989697071504564,0.41256860958645364,0.33252140272951963,0.5433739171154296
1149,896,64,64,0,262144,9730,1,1,9729,0.0001027643613194944,0.0002055076037813399,0.5,0.00010277492291880781
1150,896,64,128,1,163202,35547,3493,345,32054,0.09731973698874401,0.17737717405103465,0.9101094319958312,0.09826426983993024
1151,896,128,0,1,262144,40120,21686,20346,18434,0.35864783514702475,0.5279481935923653,0.5159402360106585,0.5405284147557328
1152,896,128,64,0,262144,45981,32276,30499,13705,0.4220188284518828,0.5935488616719997,0.5141537236160892,0.7019421065222592
1153,896,128,128,1,163840,38554,24772,16776,13782,0.447713717693837,0.6185113979675914,0.5962260517955136,0.6425273642164238
1154,896,192,0,1,262144,286,75,955,211,0.060435132957292505,0.11398176291793313,0.07281553398058252,0.26223776223776224
1155,896,192,64,0,262144,49934,21610,26647,28324,0.28218487614421334,0.44016254035502234,0.4478106803158091,0.43277125806064004
1156,896,192,128,1,163840,23093,8743,5639,14350,0.30429486287066687,0.4666044029352902,0.6079126686135448,0.3785995756289785
1157,896,256,0,1,262144,0,0,0,0,0.0,0.0,0.0,0.0
1158,896,256,64,0,262144,12524,0,120,12524,0.0,0.0,0.0,0.0
1159,896,256,128,1,163840,29502,22185,18808,7317,0.4592216932312151,0.6294063408752394,0.5411899592613373,0.7519829164124466
1160,896,320,0,1,262144,0,0,0,0,0.0,0.0,0.0,0.0
1161,896,320,64,0,262144,0,0,63,0,0.0,0.0,0.0,0.0
1162,896,320,128,1,163840,0,0,1729,0,0.0,0.0,0.0,0.0
1163,896,384,0,1,262144,0,0,0,0,0.0,0.0,0.0,0.0
1164,896,384,64,0,262144,0,0,0,0,0.0,0.0,0.0,0.0
1165,896,384,128,1,163840,0,0,0,0,0.0,0.0,0.0,0.0
1166,896,448,0,1,262144,14502,294,22,14208,0.020242357477278986,0.03968146848427588,0.930379746835443,0.02027306578402979
1167,896,448,64,0,262144,0,0,0,0,0.0,0.0,0.0,0.0
1168,896,448,128,1,163840,0,0,0,0,0.0,0.0,0.0,0.0
1169,896,512,0,1,262144,13772,11748,5938,2024,0.5960426179604261,0.7469006294106427,0.6642542123713672,0.853035143769968
1170,896,512,64,0,262144,16400,10149,12375,6251,0.3527019982623805,0.5214777515157744,0.45058604155567394,0.6188414634146342
1171,896,512,128,1,163840,9170,5008,4036,4162,0.379221565954869,0.5499066652025915,0.5537372843874392,0.5461286804798255
1172,896,576,0,1,262144,34455,33590,21367,865,0.6017340833363191,0.7513532859124055,0.6112051240060411,0.9748947903061965
1173,896,576,64,0,262144,35508,31817,18130,3691,0.593180208061449,0.744649230589199,0.6370152361503193,0.8960515940069843
1174,896,576,128,1,163840,19159,13799,17283,5360,0.3786564952527304,0.5493123146434187,0.44395470046972524,0.7202359204551386
1175,896,640,0,1,262144,20256,17770,17113,2486,0.4755278439348123,0.644552857324217,0.5094171946220222,0.8772709320695102
1176,896,640,64,0,262144,37110,27003,27228,10107,0.41970530635083464,0.5912569382862023,0.4979255407423798,0.7276475343573161
1177,896,640,128,1,163840,19462,14336,11954,5126,0.4563279857397504,0.6266829865361077,0.5453023963484215,0.7366149419381358
1178,896,704,0,1,262144,13470,2496,4322,10974,0.14028776978417265,0.24605678233438485,0.3660897623936638,0.18530066815144766
1179,896,704,64,0,262144,19795,19278,18154,517,0.5079975756936942,0.6737379209114579,0.5150138918572345,0.9738822935084618
1180,896,704,128,1,163840,30057,22722,11265,7335,0.5498765790620008,0.7095746674161514,0.66854973960632,0.7559636690288452
1181,896,768,0,1,262144,34986,21230,26669,13756,0.34433541480820695,0.5122760451227605,0.4432242844318253,0.6068141542331218
1182,896,768,64,0,262144,11053,8914,4949,2139,0.5570553680789901,0.71552416118157,0.6430065642357354,0.8064778793087849
1183,896,768,128,1,163840,6277,6087,4161,190,0.5831576930446446,0.7367019667170953,0.5939695550351288,0.9697307631033933
1184,896,832,0,1,262144,19449,12500,6585,6949,0.4801413536145041,0.6487777028079099,0.6549646319098769,0.6427065658902771
1185,896,832,64,0,262144,39278,16319,24280,22959,0.25675760722489693,0.40860322746222316,0.4019557131949063,0.4154743113193136
1186,896,832,128,1,163840,7361,74,13,7287,0.010035259018171955,0.01987110633727175,0.8505747126436781,0.010052981931802743
1187,896,896,0,1,262144,32269,20041,19099,12228,0.3901456159476717,0.5613017966922937,0.5120337250894226,0.6210604605038892
1188,896,896,64,0,262144,55788,22970,5538,32818,0.3745556533933405,0.5449843408939926,0.8057387400028062,0.4117372911737291
1189,896,896,128,1,163840,27327,5723,4827,21604,0.17798718666417865,0.302188663304908,0.5424644549763034,0.20942657445017748
1190,896,960,0,1,262144,1011,927,6975,84,0.11607813673929376,0.20801077078424773,0.11731207289293849,0.9169139465875371
1191,896,960,64,0,262144,33117,25091,35028,8026,0.3682001614205004,0.5382255781028787,0.4173555781034282,0.757647129872875
1192,896,960,128,1,163840,23292,8508,3255,14784,0.32048819075601764,0.4854086435601198,0.7232848763070645,0.36527563111798045
1193,896,1024,0,1,262144,8376,0,0,8376,0.0,0.0,0.0,0.0
1194,896,1024,64,0,262144,20116,18285,17888,1831,0.48113356488790654,0.6496828865320045,0.5054875183147651,0.9089779280174985
1195,896,1024,128,1,163840,29369,20586,10102,8783,0.5215474652276355,0.6855487287077277,0.6708159541188738,0.7009431713711737
1196,896,1088,0,1,262144,42671,35955,12040,6716,0.6571804573120579,0.7931308318443518,0.7491405354724451,0.8426097349487942
1197,896,1088,64,0,262144,13452,12690,3422,762,0.7520445656038877,0.8584765255039913,0.7876117179741807,0.9433541480820696
1198,896,1088,128,1,163840,0,0,0,0,0.0,0.0,0.0,0.0
1199,896,1152,0,1,262144,5300,2229,2936,3071,0.27064108790675084,0.4259913999044434,0.43155856727976766,0.42056603773584905
1200,896,1152,64,0,262144,29770,23151,13706,6619,0.5325006900358819,0.6949434913773695,0.6281303415904713,0.777662075915351
1201,896,1152,128,1,163840,0,0,553,0,0.0,0.0,0.0,0.0
1202,896,1216,0,1,262144,8430,6959,15527,1471,0.29047877447092707,0.4501876051235606,0.309481455127635,0.8255041518386714
1203,896,1216,64,0,262144,3094,3088,4896,6,0.3864831038798498,0.5575013540350243,0.3867735470941884,0.9980607627666451
1204,896,1216,128,1,163840,0,0,0,0,0.0,0.0,0.0,0.0
1205,896,1280,0,1,262144,0,0,1353,0,0.0,0.0,0.0,0.0
1206,896,1280,64,0,262144,16086,16084,33623,2,0.3235631374600173,0.48892739349170883,0.3235761562757761,0.999875668282979
1207,896,1280,128,1,163840,0,0,0,0,0.0,0.0,0.0,0.0
1208,896,1344,0,1,262144,0,0,0,0,0.0,0.0,0.0,0.0
1209,896,1344,64,0,262144,22211,21974,34476,237,0.38763737717642494,0.5587012623790697,0.38926483613817536,0.9893296114537842
1210,896,1344,128,1,163840,274,259,70,15,0.752906976744186,0.8590381426202321,0.7872340425531915,0.9452554744525548
1211,896,1408,0,1,262144,0,0,0,0,0.0,0.0,0.0,0.0
1212,896,1408,64,0,262144,2370,2115,4154,255,0.32418761496014714,0.48964000463016555,0.3373743818790876,0.8924050632911392
1213,896,1408,128,1,163840,21041,6918,1693,14123,0.3043019266297176,0.46661270740590854,0.8033910114969225,0.3287866546266812
1214,896,1472,0,1,262144,16876,16433,11860,443,0.5718610801781737,0.7276229272288517,0.5808150425900399,0.973749703721261
1215,896,1472,64,0,262144,44830,41091,15619,3739,0.6797631060894308,0.8093559188497144,0.724581202609769,0.9165960294445684
1216,896,1472,128,1,163840,46670,41032,11629,5638,0.7038199626065628,0.8261670576154474,0.7791724426045841,0.8791943432611956
1217,896,1536,0,1,262144,47450,40942,10808,6508,0.702770434961722,0.8254435483870968,0.7911497584541063,0.8628451001053741
1218,896,1536,64,0,262144,45000,41936,8851,3064,0.778741341850662,0.8756094250785598,0.8257231181207789,0.9319111111111111
1219,896,1536,128,1,163840,4729,4713,2448,16,0.6566810645116344,0.792767031118587,0.6581483033095936,0.996616620850074
1220,896,1600,0,1,262144,316,108,23,208,0.3185840707964602,0.48322147651006714,0.8244274809160306,0.34177215189873417
1221,896,1600,64,0,262144,299,299,376,0,0.44296296296296295,0.6139630390143738,0.44296296296296295,1.0
1222,896,1600,128,1,163840,24197,23408,14879,789,0.5990377725458081,0.7492478074387043,0.6113824535743203,0.9673926519816506
1223,896,1664,0,1,262144,0,0,3317,0,0.0,0.0,0.0,0.0
1224,896,1664,64,0,262144,30017,6488,17429,23529,0.13674493107954305,0.24059035116994845,0.2712714805368566,0.21614418496185495
1225,896,1664,128,1,163840,2185,0,31,2185,0.0,0.0,0.0,0.0
1226,896,1728,0,1,262144,36812,30716,8171,6096,0.682835737945446,0.8115298748992721,0.789878365520611,0.8344018254916875
1227,896,1728,64,0,262144,49179,30252,11328,18927,0.4999752094798949,0.6666446302845999,0.7275613275613275,0.6151406087964375
1228,896,1728,128,1,163840,35862,23403,8011,12459,0.5334260251179541,0.6957310184909923,0.7449863118354874,0.6525849088171324
1229,896,1792,0,1,262144,33811,20910,8770,12901,0.49106408961743503,0.6586760328235498,0.7045148247978437,0.6184377865191801
1230,896,1792,64,0,262144,46733,28935,13255,17798,0.48234646929385877,0.6507877601970244,0.685826025124437,0.6191556287847988
1231,896,1792,128,1,163840,26902,11537,3843,15365,0.37524800780614737,0.5457168535074027,0.7501300390117035,0.4288528733923128
1232,896,1856,0,1,262144,36468,19107,10137,17361,0.40997747022851627,0.5815376186997808,0.6533647927780057,0.523938795656466
1233,896,1856,64,0,262144,11296,816,18,10480,0.07212303340993459,0.13454245671887882,0.9784172661870504,0.07223796033994334
1234,896,1856,128,1,163840,2236,2044,3294,192,0.369620253164557,0.5397412199630314,0.38291494941925813,0.9141323792486583
1235,896,1920,0,1,262144,7742,2890,120,4852,0.3675909437802086,0.5375744047619048,0.9601328903654485,0.3732885559287006
1236,896,1920,64,0,262144,22818,20540,7347,2278,0.6809215978783358,0.8101765111921901,0.7365439093484419,0.9001665351915155
1237,896,1920,128,1,163840,21684,13833,4183,7851,0.5347740364170565,0.6968765743073048,0.7678174955595026,0.6379358052019922
1238,896,1984,0,1,262144,10,0,0,10,0.0,0.0,0.0,0.0
1239,896,1984,64,0,262144,0,0,0,0,0.0,0.0,0.0,0.0
1240,896,1984,128,1,163840,11016,6813,8900,4203,0.3420867644105242,0.5097833813461035,0.43359002100171834,0.6184640522875817
1241,896,2048,0,1,262144,44226,31866,12502,12360,0.5617331829079114,0.7193715150010158,0.7182203389830508,0.7205263871930538
1242,896,2048,64,0,262144,35959,27165,8930,8794,0.6051593931698189,0.754017819968357,0.7525973126471811,0.7554436997691816
1243,896,2048,128,1,163840,9880,1263,150,8617,0.1259222333000997,0.22367838484016647,0.8938428874734607,0.127834008097166
1244,896,2112,0,1,262144,42216,32506,12255,9710,0.5967579078775862,0.7474619727054279,0.7262125511047564,0.7699924199355694
1245,896,2112,64,0,262144,49865,40244,12452,9621,0.6457948874303961,0.7847817396476243,0.7637012296948535,0.8070590594605435
1246,896,2112,128,1,163840,46155,21160,3478,24995,0.42632925674450467,0.5977992174367522,0.8588359444760126,0.4584552052865345
1247,896,2176,0,1,262144,0,0,0,0,0.0,0.0,0.0,0.0
1248,896,2176,64,0,262144,6050,5162,11917,888,0.28730450269939334,0.446366033983311,0.3022425200538673,0.8532231404958678
1249,896,2176,128,1,163840,10560,9987,7650,573,0.5484349258649094,0.708373231194808,0.566252764075523,0.9457386363636363
1250,896,2240,0,1,262144,2765,0,0,2765,0.0,0.0,0.0,0.0
1251,896,2240,64,0,262144,0,0,0,0,0.0,0.0,0.0,0.0
1252,896,2240,128,1,163840,17159,15151,7258,2008,0.6205103002006799,0.7658208653457339,0.676112276317551,0.8829768634535812
1253,896,2304,0,1,262144,4055,3662,12170,393,0.22570107858243452,0.36828078644340523,0.23130368873168267,0.9030826140567201
1254,896,2304,64,0,262144,32134,28529,11388,3605,0.6555075593952484,0.79191128506197,0.7147080191397149,0.8878135308396091
1255,896,2304,128,1,163840,0,0,0,0,0.0,0.0,0.0,0.0
1256,896,2368,0,1,262144,0,0,0,0,0.0,0.0,0.0,0.0
1257,896,2368,64,0,262144,0,0,0,0,0.0,0.0,0.0,0.0
1258,896,2368,128,1,163840,0,0,0,0,0.0,0.0,0.0,0.0
1259,896,2432,0,1,262144,961,0,0,961,0.0,0.0,0.0,0.0
1260,896,2432,64,0,262144,0,0,0,0,0.0,0.0,0.0,0.0
1261,896,2432,128,1,163840,0,0,0,0,0.0,0.0,0.0,0.0
1262,896,2496,0,1,240064,1610,0,0,1610,0.0,0.0,0.0,0.0
1263,896,2496,64,0,262144,0,0,0,0,0.0,0.0,0.0,0.0
1264,896,2496,128,1,163840,0,0,0,0,0.0,0.0,0.0,0.0
1265,896,2560,0,1,92224,0,0,0,0,0.0,0.0,0.0,0.0
1266,896,2560,64,0,262144,0,0,0,0,0.0,0.0,0.0,0.0
1267,896,2560,128,1,163840,733,0,0,733,0.0,0.0,0.0,0.0
1268,896,2624,0,1,1664,0,0,0,0,0.0,0.0,0.0,0.0
1269,896,2624,64,0,177472,0,0,4160,0,0.0,0.0,0.0,0.0
1270,896,2624,128,1,163840,15672,0,1383,15672,0.0,0.0,0.0,0.0
1271,896,2688,64,0,21184,0,0,0,0,0.0,0.0,0.0,0.0
1272,896,2688,128,1,150656,0,0,0,0,0.0,0.0,0.0,0.0
1273,896,2752,128,1,24704,0,0,0,0,0.0,0.0,0.0,0.0
1274,960,0,0,1,80664,0,0,194,0,0.0,0.0,0.0,0.0
1275,960,0,64,1,60996,2358,0,0,2358,0.0,0.0,0.0,0.0
1276,960,0,128,1,33696,5307,0,0,5307,0.0,0.0,0.0,0.0
1277,960,64,0,1,262144,3828,3752,33990,76,0.09921201544238194,0.18051479432282896,0.099411795877272,0.9801462904911181
1278,960,64,64,0,262144,10254,427,42,9827,0.04147241647241647,0.07964189126177376,0.9104477611940298,0.04164228593719524
1279,960,64,128,1,163840,45685,22102,9143,23583,0.40311519661486833,0.5746002859742623,0.7073771803488558,0.48379117872386995
1280,960,128,0,1,262144,28226,18504,29007,9722,0.3233099785089022,0.4886383141661275,0.38946770221632887,0.6555657904060086
1281,960,128,64,0,262144,26722,10679,34091,16043,0.17560390048180488,0.298746712918928,0.23853026580299308,0.3996332609834593
1282,960,128,128,1,163840,27728,18492,8843,9236,0.5056465505455142,0.6716669996186186,0.6764953356502652,0.6669070975187537
1283,960,192,0,1,262144,0,0,1830,0,0.0,0.0,0.0,0.0
1284,960,192,64,0,262144,33786,23783,43831,10003,0.3064148318023113,0.46909270216962523,0.35174667968172274,0.7039306221511868
1285,960,192,128,1,163840,30688,8450,9112,22238,0.21231155778894473,0.35025906735751294,0.4811524883270698,0.275351929092805
1286,960,256,0,1,262144,0,0,0,0,0.0,0.0,0.0,0.0
1287,960,256,64,0,262144,254,254,5668,0,0.04289091523134076,0.0822538860103627,0.04289091523134076,1.0
1288,960,256,128,1,163840,24142,16709,25072,7433,0.3395172105498435,0.5069247455364592,0.3999186232976712,0.6921133294673184
1289,960,320,0,1,262144,0,0,0,0,0.0,0.0,0.0,0.0
1290,960,320,64,0,262144,0,0,0,0,0.0,0.0,0.0,0.0
1291,960,320,128,1,163840,0,0,462,0,0.0,0.0,0.0,0.0
1292,960,384,0,1,262144,0,0,0,0,0.0,0.0,0.0,0.0
1293,960,384,64,0,262144,0,0,0,0,0.0,0.0,0.0,0.0
1294,960,384,128,1,163840,0,0,142,0,0.0,0.0,0.0,0.0
1295,960,448,0,1,262144,127,0,0,127,0.0,0.0,0.0,0.0
1296,960,448,64,0,262144,0,0,0,0,0.0,0.0,0.0,0.0
1297,960,448,128,1,163840,0,0,0,0,0.0,0.0,0.0,0.0
1298,960,512,0,1,262144,3185,2838,1287,347,0.6346153846153846,0.7764705882352941,0.688,0.8910518053375196
1299,960,512,64,0,262144,14504,7769,8629,6735,0.3358405740716725,0.5028153517571678,0.47377728991340406,0.5356453392167678
1300,960,512,128,1,163840,21786,8878,9456,12908,0.28416874719928303,0.44257228315054836,0.4842369368386604,0.40750940971265953
1301,960,576,0,1,262144,36751,35339,23258,1412,0.5888949990834708,0.7412635818265721,0.603085482191921,0.961579276754374
1302,960,576,64,0,262144,18036,16783,9225,1253,0.6156413924654268,0.7621015348288076,0.6453014457090126,0.930527833222444
1303,960,576,128,1,163840,7080,5753,6743,1327,0.41619040729219414,0.5877605230894973,0.460387323943662,0.8125706214689266
1304,960,640,0,1,262144,51190,39983,20762,11207,0.5556899043806982,0.714396748112744,0.658210552308832,0.7810705215862473
1305,960,640,64,0,262144,37872,25397,33525,12475,0.35571522612994944,0.5247639316486559,0.43102746003190656,0.6706009716941276
1306,960,640,128,1,163840,11335,9615,4598,1720,0.6034645076256826,0.7527007984969469,0.6764933511573912,0.8482576091751213
1307,960,704,0,1,262144,27,0,492,27,0.0,0.0,0.0,0.0
1308,960,704,64,0,262144,33909,30202,27689,3707,0.4903081268872366,0.6579956427015251,0.5217045827503412,0.8906779910938099
1309,960,704,128,1,163840,26144,14180,8794,11964,0.4058618123533116,0.5773850726821125,0.6172194654827196,0.5423806609547124
1310,960,768,0,1,262144,33956,13529,6047,20427,0.33819963502737294,0.5054546813121124,0.6911013485901103,0.39842737660501826
1311,960,768,64,0,262144,17108,10822,19188,6286,0.2981595768128719,0.4593573581221614,0.3606131289570143,0.632569558101473
1312,960,768,128,1,163840,17897,15702,10996,2195,0.5434534316270377,0.7042045072317524,0.5881339426174246,0.8773537464379505
1313,960,832,0,1,262144,60928,28715,16971,32213,0.36861833913143943,0.5386722194083329,0.6285295276452305,0.47129398634453784
1314,960,832,64,0,262144,48663,22694,23995,25969,0.3123400038536706,0.4760046983807366,0.48606738203859584,0.4663502044674599
1315,960,832,128,1,163840,16690,11,0,16679,0.0006590772917914919,0.0013172863900365248,1.0,0.0006590772917914919
1316,960,896,0,1,262144,45654,23972,19031,21682,0.37059596506145165,0.540780761812378,0.5574494802688185,0.5250799491829851
1317,960,896,64,0,262144,53558,35529,22889,18029,0.46475335853597916,0.6345824105165393,0.6081858331336232,0.6633742858209791
1318,960,896,128,1,163840,31573,14131,16223,17442,0.29565235584567745,0.4563760556784601,0.46553996178427887,0.44756595825547146
1319,960,960,0,1,262144,2955,122,344,2833,0.036980903304031525,0.07132417421806489,0.26180257510729615,0.04128595600676819
1320,960,960,64,0,262144,41417,31354,32496,10063,0.4242014260008388,0.595704256794627,0.4910571652310102,0.7570321365622812
1321,960,960,128,1,163840,33853,11001,8882,22852,0.2574236574236574,0.40944618133095134,0.5532867273550269,0.3249638141375949
1322,960,1024,0,1,262144,12156,9758,14784,2398,0.36221232368225686,0.531800098097989,0.39760410724472334,0.8027311615663048
1323,960,1024,64,0,262144,2590,2546,6347,44,0.2848830703815598,0.44343812592528087,0.2862925896772743,0.983011583011583
1324,960,1024,128,1,163840,22890,14922,16742,7968,0.3765139281388777,0.5470542948271437,0.47126073774633653,0.6519003931847969
1325,960,1088,0,1,262144,44994,38379,19427,6615,0.5957529377066485,0.7466731517509727,0.6639276199702453,0.8529803973863181
1326,960,1088,64,0,262144,40361,30177,16908,10184,0.5269342925491977,0.6901859433250235,0.6409047467346288,0.7476772131513094
1327,960,1088,128,1,163840,0,0,0,0,0.0,0.0,0.0,0.0
1328,960,1152,0,1,262144,9237,3110,4201,6127,0.23143324899538623,0.3758762388204013,0.42538640404869377,0.33668940132077513
1329,960,1152,64,0,262144,3021,2551,10422,470,0.18976418954102506,0.31899462298361886,0.19663917366838818,0.8444223766964581
1330,960,1152,128,1,163840,0,0,2472,0,0.0,0.0,0.0,0.0
1331,960,1216,0,1,262144,8204,8179,18737,25,0.30358932482090495,0.4657744874715262,0.30387130331401396,0.9969527059970746
1332,960,1216,64,0,262144,11160,11138,14579,22,0.4327285442324877,0.604062152561217,0.43309872846755065,0.9980286738351255
1333,960,1216,128,1,163840,0,0,0,0,0.0,0.0,0.0,0.0
1334,960,1280,0,1,262144,0,0,0,0,0.0,0.0,0.0,0.0
1335,960,1280,64,0,262144,18649,18649,37042,0,0.33486559767287355,0.5017218186709712,0.33486559767287355,1.0
1336,960,1280,128,1,163840,0,0,0,0,0.0,0.0,0.0,0.0
1337,960,1344,0,1,262144,0,0,0,0,0.0,0.0,0.0,0.0
1338,960,1344,64,0,262144,17400,17352,29529,48,0.3697500479447676,0.5398795911700192,0.37012862353618736,0.9972413793103448
1339,960,1344,128,1,163840,5099,4979,3131,120,0.6049817739975699,0.7538799303505186,0.6139334155363748,0.9764659737203373
1340,960,1408,0,1,262144,0,0,0,0,0.0,0.0,0.0,0.0
1341,960,1408,64,0,262144,0,0,1226,0,0.0,0.0,0.0,0.0
1342,960,1408,128,1,163840,15447,15114,18885,333,0.4402306885704299,0.6113335760223274,0.44454248654372186,0.9784424160031074
1343,960,1472,0,1,262144,10020,9878,4955,142,0.6596327212020033,0.7949140948778819,0.6659475493831322,0.9858283433133732
1344,960,1472,64,0,262144,44322,41442,17800,2880,0.6671066610862496,0.8003167123710943,0.6995374902940481,0.935020982807635
1345,960,1472,128,1,163840,49648,37862,13455,11786,0.6000031694214221,0.7500024761055811,0.7378061850848646,0.7626087657106027
1346,960,1536,0,1,262144,41251,32270,14963,8981,0.5740562849112321,0.7293974051805976,0.6832087735269833,0.7822840658408281
1347,960,1536,64,0,262144,34767,32026,6502,2741,0.7760304344665487,0.8738931714305205,0.8312396179401993,0.9211608709408347
1348,960,1536,128,1,163840,224,224,520,0,0.3010752688172043,0.4628099173553719,0.3010752688172043,1.0
1349,960,1600,0,1,262144,13102,12321,5615,781,0.6582785702836993,0.7939300212642567,0.6869424620874219,0.9403907800335827
1350,960,1600,64,0,262144,11284,11123,9520,161,0.534656796769852,0.696777022582767,0.5388267209223465,0.9857320099255583
1351,960,1600,128,1,163840,27513,25195,15341,2318,0.5879264479395155,0.7404958191891138,0.6215462798500099,0.9157489186929815
1352,960,1664,0,1,262144,0,0,0,0,0.0,0.0,0.0,0.0
1353,960,1664,64,0,262144,38485,0,0,38485,0.0,0.0,0.0,0.0
1354,960,1664,128,1,163840,4046,1242,1790,2804,0.21281699794379713,0.3509465950833569,0.4096306068601583,0.3069698467622343
1355,960,1728,0,1,262144,45851,37050,10874,8801,0.6531511679153812,0.7901892828579046,0.773099073533094,0.8080521689821378
1356,960,1728,64,0,262144,49048,34642,25759,14406,0.4630850054139318,0.6330254273679978,0.573533550769027,0.7062877181536454
1357,960,1728,128,1,163840,40553,29279,8571,11274,0.5960223108867356,0.7468846855349923,0.773553500660502,0.7219934406825635
1358,960,1792,0,1,262144,53553,31477,12791,22076,0.4744513445074159,0.6435632430664172,0.7110553898978946,0.5877728605306892
1359,960,1792,64,0,262144,44019,37564,20311,6455,0.583926628322711,0.7373152491805209,0.6490539956803456,0.8533587768917967
1360,960,1792,128,1,163840,28718,20269,9770,8449,0.5266316774059447,0.6899263066528244,0.674756150337894,0.7057942753673654
1361,960,1856,0,1,262144,44957,37779,10660,7178,0.6792707265764065,0.809006809713478,0.7799293957348418,0.8403363213737571
1362,960,1856,64,0,262144,22209,15549,4660,6660,0.578696639249693,0.7331321608751002,0.7694096689593746,0.7001215723355396
1363,960,1856,128,1,163840,0,0,0,0,0.0,0.0,0.0,0.0
1364,960,1920,0,1,262144,31426,20842,8662,10584,0.5199062063460387,0.6841293287378959,0.7064126898047722,0.6632088079933812
1365,960,1920,64,0,262144,45727,38951,19819,6776,0.5942544167454917,0.7454950859833297,0.662770120809937,0.8518162136155881
1366,960,1920,128,1,163840,29074,18461,13052,10613,0.43823292028675875,0.6094046577648671,0.5858217243677213,0.6349659489578318
1367,960,1984,0,1,262144,12723,8788,600,3935,0.6596111986789762,0.7948984668264665,0.936088623775032,0.6907175980507742
1368,960,1984,64,0,262144,2620,0,1112,2620,0.0,0.0,0.0,0.0
1369,960,1984,128,1,163840,31851,20687,18594,11164,0.4100901972445237,0.5816510150143396,0.5266413787836358,0.6494929515556811
1370,960,2048,0,1,262144,31921,25261,18022,6660,0.505796608133272,0.6717993723738099,0.5836240556338517,0.7913599198020113
1371,960,2048,64,0,262144,41428,33719,21677,7709,0.5343316694398225,0.6965008675534992,0.6086901581341613,0.8139181230085932
1372,960,2048,128,1,163840,27665,114,122,27551,0.0041026379242091624,0.00817175011648328,0.4830508474576271,0.004120730164467739
1373,960,2112,0,1,262144,42795,36805,12123,5990,0.6701809971229834,0.8025249937311253,0.7522277632439502,0.8600303773805351
1374,960,2112,64,0,262144,51108,42086,22969,9022,0.5681385585269382,0.7246024982137169,0.646929521174391,0.8234718635047351
1375,960,2112,128,1,163840,55099,28249,10727,26850,0.42914653784219003,0.6005633802816901,0.7247793513957307,0.512695330223779
1376,960,2176,0,1,262144,0,0,0,0,0.0,0.0,0.0,0.0
1377,960,2176,64,0,262144,1364,1364,7793,0,0.14895708201375996,0.2592909419256725,0.14895708201375996,1.0
1378,960,2176,128,1,163840,26473,21880,19574,4593,0.47516667752513736,0.6442210019579843,0.5278139624644184,0.8265024742190156
1379,960,2240,0,1,262144,20961,8167,4409,12794,0.32191564840362635,0.4870441601812923,0.6494115776081425,0.38962835742569535
1380,960,2240,64,0,262144,5074,4318,910,756,0.7215909090909091,0.8382838283828383,0.8259372609028309,0.8510051241623965
1381,960,2240,128,1,163840,5524,2886,3287,2638,0.327545114061968,0.49345986150294946,0.46751984448404343,0.5224475018102824
1382,960,2304,0,1,262144,20074,18779,14797,1295,0.5385277164405954,0.7000559179869524,0.5592983083154635,0.9354886918401913
1383,960,2304,64,0,262144,36882,35330,15160,1552,0.6788747550055724,0.8087259076134231,0.6997425232719351,0.9579198525025758
1384,960,2304,128,1,163840,132,130,180,2,0.4166666666666667,0.5882352941176471,0.41935483870967744,0.9848484848484849
1385,960,2368,0,1,262144,0,0,0,0,0.0,0.0,0.0,0.0
1386,960,2368,64,0,262144,0,0,8,0,0.0,0.0,0.0,0.0
1387,960,2368,128,1,163840,0,0,0,0,0.0,0.0,0.0,0.0
1388,960,2432,0,1,262144,14930,0,0,14930,0.0,0.0,0.0,0.0
1389,960,2432,64,0,262144,0,0,0,0,0.0,0.0,0.0,0.0
1390,960,2432,128,1,163840,0,0,0,0,0.0,0.0,0.0,0.0
1391,960,2496,0,1,240064,5209,0,0,5209,0.0,0.0,0.0,0.0
1392,960,2496,64,0,262144,0,0,0,0,0.0,0.0,0.0,0.0
1393,960,2496,128,1,163840,0,0,0,0,0.0,0.0,0.0,0.0
1394,960,2560,0,1,92224,0,0,0,0,0.0,0.0,0.0,0.0
1395,960,2560,64,0,262144,0,0,0,0,0.0,0.0,0.0,0.0
1396,960,2560,128,1,163840,5971,0,0,5971,0.0,0.0,0.0,0.0
1397,960,2624,0,1,1664,0,0,0,0,0.0,0.0,0.0,0.0
1398,960,2624,64,0,177472,0,0,0,0,0.0,0.0,0.0,0.0
1399,960,2624,128,1,163840,19492,5242,3323,14250,0.22976112206881438,0.37366789036604053,0.612025685931115,0.26893084342294277
1400,960,2688,64,0,21184,0,0,0,0,0.0,0.0,0.0,0.0
1401,960,2688,128,1,150656,0,0,0,0,0.0,0.0,0.0,0.0
1402,960,2752,128,1,24704,0,0,0,0,0.0,0.0,0.0,0.0
1403,1024,0,0,1,121224,0,0,0,0,0.0,0.0,0.0,0.0
1404,1024,0,64,1,108977,0,0,0,0,0.0,0.0,0.0,0.0
1405,1024,0,128,1,67596,0,0,0,0,0.0,0.0,0.0,0.0
1406,1024,64,0,1,262144,425,425,32975,0,0.012724550898203593,0.025129342202512936,0.012724550898203593,1.0
1407,1024,64,64,0,262144,6083,1595,693,4488,0.2353896103896104,0.38107752956636004,0.6971153846153846,0.26220614828209765
1408,1024,64,128,1,163840,20917,14466,12671,6451,0.4306895319757056,0.6020726682482207,0.5330729262630357,0.6915905722617967
1409,1024,128,0,1,262144,15693,14439,33620,1254,0.29280311479731513,0.4529740243443343,0.3004432052269086,0.920091760657618
1410,1024,128,64,0,262144,14984,11374,30984,3610,0.247432996867386,0.39670747445153637,0.26852070447141035,0.759076348104645
1411,1024,128,128,1,163840,26620,17249,11630,9371,0.45095424836601306,0.6215967855276672,0.597285224557637,0.6479714500375657
1412,1024,192,0,1,262144,34,27,9362,7,0.0028735632183908046,0.0057306590257879654,0.002875705612951326,0.7941176470588235
1413,1024,192,64,0,262144,34676,26227,43443,8449,0.3357313841703043,0.502692963793533,0.37644610305727,0.7563444457261507
1414,1024,192,128,1,163840,28344,13905,20074,14439,0.2871865835020034,0.4462237055340725,0.40922334383001263,0.490580016934801
1415,1024,256,0,1,262144,0,0,0,0,0.0,0.0,0.0,0.0
1416,1024,256,64,0,262144,6110,5997,4955,113,0.5419792137370086,0.7029656546711992,0.5475712198685172,0.981505728314239
1417,1024,256,128,1,163840,23830,16812,26111,7018,0.3366372319336817,0.5037076985304031,0.3916781212869557,0.7054972723457826
1418,1024,320,0,1,262144,0,0,0,0,0.0,0.0,0.0,0.0
1419,1024,320,64,0,262144,0,0,0,0,0.0,0.0,0.0,0.0
1420,1024,320,128,1,163840,0,0,781,0,0.0,0.0,0.0,0.0
1421,1024,384,0,1,262144,0,0,0,0,0.0,0.0,0.0,0.0
1422,1024,384,64,0,262144,0,0,34,0,0.0,0.0,0.0,0.0
1423,1024,384,128,1,163840,0,0,51,0,0.0,0.0,0.0,0.0
1424,1024,448,0,1,262144,0,0,0,0,0.0,0.0,0.0,0.0
1425,1024,448,64,0,262144,47,0,0,47,0.0,0.0,0.0,0.0
1426,1024,448,128,1,163840,0,0,9,0,0.0,0.0,0.0,0.0
1427,1024,512,0,1,262144,0,0,124,0,0.0,0.0,0.0,0.0
1428,1024,512,64,0,262144,2738,5,0,2733,0.0018261504747991235,0.0036456434560699965,1.0,0.0018261504747991235
1429,1024,512,128,1,163840,19624,556,329,19068,0.02786548388713477,0.05422009849334439,0.6282485875706215,0.02833265389319201
1430,1024,576,0,1,262144,27077,24784,19388,2293,0.5333907242010115,0.6957009922946287,0.5610794168251381,0.9153155814898253
1431,1024,576,64,0,262144,28,10,55,18,0.12048192771084337,0.21505376344086022,0.15384615384615385,0.35714285714285715
1432,1024,576,128,1,163840,52,1,0,51,0.019230769230769232,0.03773584905660377,1.0,0.019230769230769232
1433,1024,640,0,1,262144,58593,47368,17893,11225,0.6193028789582408,0.7649006087813071,0.7258239990193224,0.8084242144966122
1434,1024,640,64,0,262144,47203,43006,22348,4197,0.6183376227516498,0.7641639347175209,0.6580469443339352,0.9110861597779802
1435,1024,640,128,1,163840,2769,2107,634,662,0.6191595650896268,0.7647912885662432,0.768697555636629,0.7609245214879018
1436,1024,704,0,1,262144,6800,6474,6765,326,0.4772576483597494,0.6461400269474524,0.48900974393836394,0.9520588235294117
1437,1024,704,64,0,262144,42266,39249,30917,3017,0.5363130781738928,0.6981820122385086,0.5593734857338312,0.928618747929778
1438,1024,704,128,1,163840,24652,16111,8180,8541,0.49071028265107214,0.6583576813844676,0.6632497632868141,0.6535372383579425
1439,1024,768,0,1,262144,28180,83,0,28097,0.0029453513129879347,0.005873403389590631,1.0,0.0029453513129879347
1440,1024,768,64,0,262144,5137,2483,5374,2654,0.23622871277709068,0.3821763891026628,0.3160239277077765,0.48335604438388163
1441,1024,768,128,1,163840,27316,25066,16131,2250,0.5769328146937648,0.7317151489498344,0.608442362307935,0.9176306926343535
1442,1024,832,0,1,262144,51860,33209,13101,18651,0.5112144209602685,0.6765610675359071,0.7171021377672209,0.6403586579251832
1443,1024,832,64,0,262144,50131,21589,20840,28542,0.3041946710628285,0.4664866032843561,0.508826510169931,0.43065169256547847
1444,1024,832,128,1,163840,15892,4889,1382,11003,0.2830265138358226,0.44118576005053467,0.7796204752033169,0.3076390636798389
1445,1024,896,0,1,262144,38525,22140,23890,16385,0.3547224224945926,0.523682810005322,0.480990658266348,0.5746917585983128
1446,1024,896,64,0,262144,47079,33766,17261,13313,0.5248057196145477,0.6883574908772144,0.661728104728869,0.7172199919284606
1447,1024,896,128,1,163840,33133,12769,26287,20364,0.21489397509256142,0.35376580919530676,0.3269408029496108,0.38538617088703103
1448,1024,960,0,1,262144,12509,5768,5492,6741,0.32042664296427975,0.48533804535319114,0.5122557726465364,0.4611080022383884
1449,1024,960,64,0,262144,28374,19906,31762,8468,0.33101636291073566,0.49738887084280753,0.3852674769683363,0.7015577641502784
1450,1024,960,128,1,163840,34755,12627,8672,22128,0.29076381053261796,0.4505298462197167,0.5928447344945772,0.363314630988347
1451,1024,1024,0,1,262144,5081,3225,22820,1856,0.11558725493709902,0.20722225791942428,0.12382415050873488,0.6347175752804566
1452,1024,1024,64,0,262144,0,0,34,0,0.0,0.0,0.0,0.0
1453,1024,1024,128,1,163840,4701,3583,7580,1118,0.2917514860353391,0.45171457387796266,0.3209710651258622,0.7621782599446926
1454,1024,1088,0,1,262144,42507,35925,15924,6582,0.6148277455460287,0.7614778074526263,0.6928773939709542,0.8451549156609499
1455,1024,1088,64,0,262144,42956,18268,18233,24688,0.2985503930445015,0.45982103527694224,0.5004794389194817,0.4252723717292113
1456,1024,1088,128,1,163840,0,0,0,0,0.0,0.0,0.0,0.0
1457,1024,1152,0,1,262144,15421,11372,13414,4049,0.39438182764002083,0.5656726440669535,0.4588073912692649,0.7374359639452694
1458,1024,1152,64,0,262144,298,298,751,0,0.2840800762631077,0.4424647364513734,0.2840800762631077,1.0
1459,1024,1152,128,1,163840,0,0,0,0,0.0,0.0,0.0,0.0
1460,1024,1216,0,1,262144,1854,1854,5352,0,0.257285595337219,0.40927152317880794,0.257285595337219,1.0
1461,1024,1216,64,0,262144,18948,18945,27193,3,0.41058928068312345,0.5821528439295701,0.410615978152499,0.9998416719442685
1462,1024,1216,128,1,163840,0,0,0,0,0.0,0.0,0.0,0.0
1463,1024,1280,0,1,262144,0,0,0,0,0.0,0.0,0.0,0.0
1464,1024,1280,64,0,262144,20262,20262,34379,0,0.37082044618509913,0.5410197188363617,0.37082044618509913,1.0
1465,1024,1280,128,1,163840,0,0,0,0,0.0,0.0,0.0,0.0
1466,1024,1344,0,1,262144,0,0,0,0,0.0,0.0,0.0,0.0
1467,1024,1344,64,0,262144,8332,8332,17613,0,0.32114087492773175,0.4861568982116288,0.32114087492773175,1.0
1468,1024,1344,128,1,163840,12959,9232,8935,3727,0.42166803690508814,0.593201824840969,0.5081741619419827,0.7124006481981634
1469,1024,1408,0,1,262144,0,0,0,0,0.0,0.0,0.0,0.0
1470,1024,1408,64,0,262144,0,0,0,0,0.0,0.0,0.0,0.0
1471,1024,1408,128,1,163840,6153,1626,1259,4527,0.21937398812736103,0.35981411816773623,0.5636048526863084,0.2642613359336909
1472,1024,1472,0,1,262144,663,663,839,0,0.4414114513981358,0.6124711316397229,0.4414114513981358,1.0
1473,1024,1472,64,0,262144,14563,14196,11627,367,0.5420389461626575,0.7030158965978309,0.5497424776362158,0.9747991485270892
1474,1024,1472,128,1,163840,41293,25895,7367,15398,0.5321619399917797,0.6946549527194689,0.7785160242919849,0.6271038674835928
1475,1024,1536,0,1,262144,25996,15999,8891,9997,0.4585948920801445,0.6288173564438155,0.6427882683808759,0.6154408370518542
1476,1024,1536,64,0,262144,35290,31694,12061,3596,0.669341724567591,0.8019229552786388,0.7243515026854074,0.898101445168603
1477,1024,1536,128,1,163840,7099,5966,1776,1133,0.6722253521126761,0.8039889495317027,0.7706019116507362,0.8404000563459643
1478,1024,1600,0,1,262144,36832,32580,17429,4252,0.6004312489633439,0.7503368224686496,0.6514827331080405,0.8845569070373588
1479,1024,1600,64,0,262144,42396,40875,18320,1521,0.6732162856578168,0.8046972664901418,0.6905144015541853,0.9641239739598075
1480,1024,1600,128,1,163840,16784,15740,5791,1044,0.6972314507198228,0.8216103353777894,0.7310389670707352,0.9377979027645377
1481,1024,1664,0,1,262144,5608,4993,1401,615,0.7123698102439721,0.832027995334111,0.7808883328120113,0.8903352353780314
1482,1024,1664,64,0,262144,32320,23366,5008,8954,0.6259644234890699,0.7699607868982107,0.8235003876788609,0.7229579207920792
1483,1024,1664,128,1,163840,22923,13010,7946,9913,0.42145842106968157,0.5929943708835662,0.6208245848444359,0.5675522401081883
1484,1024,1728,0,1,262144,47243,35516,7774,11727,0.6455459221695112,0.7845978814354987,0.8204204204204204,0.7517727494020278
1485,1024,1728,64,0,262144,54582,44994,15437,9588,0.6425970093831674,0.7824159008112126,0.7445516374046434,0.8243376937451907
1486,1024,1728,128,1,163840,30602,19873,8917,10729,0.5028720362357347,0.6692147090517241,0.6902744008336228,0.6494019998692896
1487,1024,1792,0,1,262144,63465,42213,9965,21252,0.5748740296881384,0.7300571586693531,0.8090191268350646,0.6651382651855353
1488,1024,1792,64,0,262144,13636,9411,7630,4225,0.4425373836170413,0.6135541285001793,0.5522563229857402,0.6901584042241127
1489,1024,1792,128,1,163840,23293,17725,14129,5568,0.4736518625407514,0.6428273523491759,0.5564450304514347,0.7609582277937578
1490,1024,1856,0,1,262144,32493,25394,9529,7099,0.6043025082099852,0.7533523199240536,0.7271425707986141,0.7815221740067091
1491,1024,1856,64,0,262144,20673,12797,4848,7876,0.5014301947415853,0.6679367399133567,0.7252479455936526,0.6190199777487544
1492,1024,1856,128,1,163840,788,411,110,377,0.4576837416481069,0.6279602750190986,0.7888675623800384,0.5215736040609137
1493,1024,1920,0,1,262144,38267,29870,9963,8397,0.6193240721542609,0.7649167733674775,0.7498807521401852,0.7805681135181749
1494,1024,1920,64,0,262144,43660,39621,11270,4039,0.7212998361551065,0.8380873814132056,0.7785463048476154,0.9074896930829134
1495,1024,1920,128,1,163840,29799,20582,7385,9217,0.5535176419965576,0.7125991067409895,0.7359387849966031,0.6906943186012954
1496,1024,1984,0,1,262144,42736,33828,8232,8908,0.6637105634908178,0.79786782395396,0.8042796005706134,0.7915574691126919
1497,1024,1984,64,0,262144,15240,6821,1654,8419,0.4037528116491062,0.575247733502003,0.8048377581120943,0.44757217847769026
1498,1024,1984,128,1,163840,44240,33256,24124,10984,0.4864548592826634,0.6545168273961819,0.5795747647263855,0.7517179023508137
1499,1024,2048,0,1,262144,2199,1690,4006,509,0.2723609991941982,0.42811906269791006,0.2966994382022472,0.768531150522965
1500,1024,2048,64,0,262144,42081,36949,30474,5132,0.5092550478947006,0.674842928112215,0.5480177387538377,0.8780447232717854
1501,1024,2048,128,1,163840,36714,10561,5772,26153,0.24857600150637857,0.39817520312175997,0.6466050327557705,0.2876559350656425
1502,1024,2112,0,1,262144,42661,34979,21096,7682,0.5486299543579528,0.7085358936963215,0.6237895675434686,0.8199292093481165
1503,1024,2112,64,0,262144,42169,34180,20646,7989,0.5441375467643079,0.7047785968348884,0.6234268412796848,0.8105480329151746
1504,1024,2112,128,1,163840,33592,29489,26808,4103,0.488228476821192,0.6561203261800665,0.5238112155177007,0.8778578232912598
1505,1024,2176,0,1,262144,0,0,198,0,0.0,0.0,0.0,0.0
1506,1024,2176,64,0,262144,0,0,1557,0,0.0,0.0,0.0,0.0
1507,1024,2176,128,1,163840,23059,18901,21390,4158,0.4252289140363113,0.5967166535122336,0.4691122086818396,0.8196799514289431
1508,1024,2240,0,1,262144,37102,31081,12511,6021,0.6264688690464193,0.7703422807147992,0.7129977977610571,0.837717643253733
1509,1024,2240,64,0,262144,32162,29353,5422,2809,0.780997232865049,0.8770336286358815,0.8440833932422718,0.9126609041726261
1510,1024,2240,128,1,163840,5523,3748,1421,1775,0.5397465437788018,0.7010849233071456,0.7250918939833624,0.6786166938258194
1511,1024,2304,0,1,262144,6769,6695,7562,74,0.46716907403530805,0.636830590697232,0.46959388370624955,0.9890678091298567
1512,1024,2304,64,0,262144,12562,12263,10072,299,0.541795528850402,0.7028111298965527,0.5490485784642937,0.9761980576341347
1513,1024,2304,128,1,163840,0,0,0,0,0.0,0.0,0.0,0.0
1514,1024,2368,0,1,262144,0,0,0,0,0.0,0.0,0.0,0.0
1515,1024,2368,64,0,262144,0,0,0,0,0.0,0.0,0.0,0.0
1516,1024,2368,128,1,163840,0,0,45,0,0.0,0.0,0.0,0.0
1517,1024,2432,0,1,262144,27761,0,0,27761,0.0,0.0,0.0,0.0
1518,1024,2432,64,0,262144,0,0,0,0,0.0,0.0,0.0,0.0
1519,1024,2432,128,1,163840,0,0,1010,0,0.0,0.0,0.0,0.0
1520,1024,2496,0,1,240064,9127,0,0,9127,0.0,0.0,0.0,0.0
1521,1024,2496,64,0,262144,5329,153,36,5176,0.028518173345759554,0.05545487495469373,0.8095238095238095,0.02871082754738225
1522,1024,2496,128,1,163840,0,0,87,0,0.0,0.0,0.0,0.0
1523,1024,2560,0,1,92224,0,0,0,0,0.0,0.0,0.0,0.0
1524,1024,2560,64,0,262144,0,0,0,0,0.0,0.0,0.0,0.0
1525,1024,2560,128,1,163840,11587,18,0,11569,0.0015534650901872788,0.003102111158983197,1.0,0.0015534650901872788
1526,1024,2624,0,1,1664,0,0,0,0,0.0,0.0,0.0,0.0
1527,1024,2624,64,0,177472,0,0,0,0,0.0,0.0,0.0,0.0
1528,1024,2624,128,1,163840,14099,11467,4532,2632,0.6154795770490044,0.7619775400358828,0.7167322957684855,0.8133200936236612
1529,1024,2688,64,0,21184,0,0,0,0,0.0,0.0,0.0,0.0
1530,1024,2688,128,1,150656,0,0,0,0,0.0,0.0,0.0,0.0
1531,1024,2752,128,1,24704,0,0,0,0,0.0,0.0,0.0,0.0
1532,1088,0,0,1,164234,0,0,0,0,0.0,0.0,0.0,0.0
1533,1088,0,64,1,155091,0,0,0,0,0.0,0.0,0.0,0.0
1534,1088,0,128,1,100931,0,0,0,0,0.0,0.0,0.0,0.0
1535,1088,64,0,1,262144,0,0,24255,0,0.0,0.0,0.0,0.0
1536,1088,64,64,0,262144,0,0,0,0,0.0,0.0,0.0,0.0
1537,1088,64,128,1,163840,0,0,0,0,0.0,0.0,0.0,0.0
1538,1088,128,0,1,262144,158,0,30644,158,0.0,0.0,0.0,0.0
1539,1088,128,64,0,262144,851,442,36628,409,0.011793270898369753,0.023311621528968117,0.011923388184515781,0.5193889541715628
1540,1088,128,128,1,163840,21775,3818,18998,17957,0.0936403992838398,0.17124531856204167,0.16733870967741934,0.17533869115958667
1541,1088,192,0,1,262144,0,0,16528,0,0.0,0.0,0.0,0.0
1542,1088,192,64,0,262144,1408,1286,71476,122,0.01764447615388837,0.03467709316435216,0.017674060636046287,0.9133522727272727
1543,1088,192,128,1,163840,8916,457,17485,8459,0.017309950380667398,0.03403082880333606,0.02547096198863003,0.051256168685509196
1544,1088,256,0,1,262144,0,0,0,0,0.0,0.0,0.0,0.0
1545,1088,256,64,0,262144,4463,4451,18083,12,0.19741861084006032,0.3297403415194281,0.19752374190112718,0.9973112256329822
1546,1088,256,128,1,163840,213,115,38632,98,0.0029604839747715277,0.005903490759753593,0.0029679717139391437,0.539906103286385
1547,1088,320,0,1,262144,0,0,0,0,0.0,0.0,0.0,0.0
1548,1088,320,64,0,262144,0,0,0,0,0.0,0.0,0.0,0.0
1549,1088,320,128,1,163840,0,0,69,0,0.0,0.0,0.0,0.0
1550,1088,384,0,1,262144,0,0,0,0,0.0,0.0,0.0,0.0
1551,1088,384,64,0,262144,0,0,0,0,0.0,0.0,0.0,0.0
1552,1088,384,128,1,163840,0,0,0,0,0.0,0.0,0.0,0.0
1553,1088,448,0,1,262144,0,0,0,0,0.0,0.0,0.0,0.0
1554,1088,448,64,0,262144,0,0,0,0,0.0,0.0,0.0,0.0
1555,1088,448,128,1,163840,0,0,0,0,0.0,0.0,0.0,0.0
1556,1088,512,0,1,262144,0,0,717,0,0.0,0.0,0.0,0.0
1557,1088,512,64,0,262144,0,0,0,0,0.0,0.0,0.0,0.0
1558,1088,512,128,1,163840,218,0,0,218,0.0,0.0,0.0,0.0
1559,1088,576,0,1,262144,17966,11850,10942,6116,0.4099211290992113,0.5814809362579125,0.51991926991927,0.6595792051653122
1560,1088,576,64,0,262144,0,0,0,0,0.0,0.0,0.0,0.0
1561,1088,576,128,1,163840,0,0,0,0,0.0,0.0,0.0,0.0
1562,1088,640,0,1,262144,37650,27044,21838,10606,0.4546126949973104,0.6250635603013914,0.5532506853238411,0.7183001328021248
1563,1088,640,64,0,262144,34868,29240,31644,5628,0.43961991821024776,0.6107444230929903,0.48025753892648315,0.8385912584604795
1564,1088,640,128,1,163840,64,61,52,3,0.5258620689655172,0.6892655367231638,0.5398230088495575,0.953125
1565,1088,704,0,1,262144,39070,26564,28014,12506,0.39598115795122535,0.5673159063728003,0.4867162592986185,0.6799078576913232
1566,1088,704,64,0,262144,44177,37561,26285,6616,0.5330674689903778,0.6954259740981087,0.5883062368824985,0.8502388120515201
1567,1088,704,128,1,163840,23211,14920,27902,8291,0.2919022557861992,0.45189526448896766,0.3484190369436271,0.6427986730429538
1568,1088,768,0,1,262144,23736,2596,5205,21140,0.08969973394146712,0.1646320195326125,0.33277784899371876,0.10936973373778228
1569,1088,768,64,0,262144,15655,15056,17678,599,0.45168451684516847,0.6222901899191965,0.45994989918738927,0.9617374640689875
1570,1088,768,128,1,163840,28942,20597,18579,8345,0.4334294311988384,0.6047447077130861,0.5257555646314069,0.7116647087278004
1571,1088,832,0,1,262144,41144,15649,26006,25495,0.23304542069992554,0.3779997342963079,0.37568119073340533,0.38034707369239745
1572,1088,832,64,0,262144,36353,7218,25699,29135,0.11632179462386386,0.20840190558683414,0.21927879211349757,0.19855307677495668
1573,1088,832,128,1,163840,15234,138,6105,15096,0.006467032194573317,0.012850956837547143,0.022104757328207592,0.009058684521465145
1574,1088,896,0,1,262144,8872,6036,20028,2836,0.2088581314878893,0.34554614151591484,0.23158379373848986,0.6803426510369702
1575,1088,896,64,0,262144,42695,25764,27740,16931,0.3657840562220487,0.5356396636139669,0.4815340909090909,0.6034430261154702
1576,1088,896,128,1,163840,18419,37,169,18382,0.001990531525715515,0.003973154362416107,0.1796116504854369,0.0020087952657581844
1577,1088,960,0,1,262144,5468,0,174,5468,0.0,0.0,0.0,0.0
1578,1088,960,64,0,262144,27426,10643,30925,16783,0.18239618858288634,0.3085195814128765,0.256038298691301,0.3880624225187778
1579,1088,960,128,1,163840,28033,12868,12082,15165,0.320777763928705,0.48574070928411,0.515751503006012,0.45903042842364356
1580,1088,1024,0,1,262144,20244,7101,8448,13143,0.24749058971141782,0.39678149358813175,0.45668531738375456,0.3507705986959099
1581,1088,1024,64,0,262144,1403,0,0,1403,0.0,0.0,0.0,0.0
1582,1088,1024,128,1,163840,0,0,0,0,0.0,0.0,0.0,0.0
1583,1088,1088,0,1,262144,23074,16716,18738,6358,0.3997895341050416,0.5712137780207763,0.4714841766796412,0.7244517638900927
1584,1088,1088,64,0,262144,28552,939,3810,27613,0.029015512020270688,0.05639470286177592,0.19772583701831964,0.032887363407116836
1585,1088,1088,128,1,163840,0,0,0,0,0.0,0.0,0.0,0.0
1586,1088,1152,0,1,262144,13528,7909,12159,5619,0.30789893720559036,0.4708298606977021,0.39411002591189953,0.5846392667060911
1587,1088,1152,64,0,262144,6543,6543,5945,0,0.5239429852658553,0.6876149440386737,0.5239429852658553,1.0
1588,1088,1152,128,1,163840,0,0,0,0,0.0,0.0,0.0,0.0
1589,1088,1216,0,1,262144,0,0,366,0,0.0,0.0,0.0,0.0
1590,1088,1216,64,0,262144,22242,20559,26461,1683,0.4221300535901279,0.5936588605584592,0.437239472564866,0.9243323442136498
1591,1088,1216,128,1,163840,0,0,0,0,0.0,0.0,0.0,0.0
1592,1088,1280,0,1,262144,0,0,0,0,0.0,0.0,0.0,0.0
1593,1088,1280,64,0,262144,18617,15709,21637,2908,0.39024693198191485,0.5614066436752855,0.42063407058319496,0.8437986786270613
1594,1088,1280,128,1,163840,2542,501,81,2041,0.19100266869996188,0.3207426376440461,0.8608247422680413,0.1970889063729347
1595,1088,1344,0,1,262144,0,0,0,0,0.0,0.0,0.0,0.0
1596,1088,1344,64,0,262144,783,783,2502,0,0.23835616438356164,0.38495575221238937,0.23835616438356164,1.0
1597,1088,1344,128,1,163840,9981,3953,2713,6028,0.3114069639199622,0.4749204060791734,0.593009300930093,0.3960524997495241
1598,1088,1408,0,1,262144,0,0,0,0,0.0,0.0,0.0,0.0
1599,1088,1408,64,0,262144,0,0,0,0,0.0,0.0,0.0,0.0
1600,1088,1408,128,1,163840,2,0,0,2,0.0,0.0,0.0,0.0
1601,1088,1472,0,1,262144,0,0,0,0,0.0,0.0,0.0,0.0
1602,1088,1472,64,0,262144,69,69,272,0,0.20234604105571846,0.33658536585365856,0.20234604105571846,1.0
1603,1088,1472,128,1,163840,11429,6929,3752,4500,0.4564257954021474,0.6267752148349163,0.6487220297724932,0.6062647650713098
1604,1088,1536,0,1,262144,11967,5487,4372,6480,0.3358222657445376,0.5027948318519198,0.556547317172127,0.458510904988719
1605,1088,1536,64,0,262144,46451,40836,17074,5615,0.6428335301062574,0.78259119786127,0.7051631842514247,0.879119932832447
1606,1088,1536,128,1,163840,31582,23663,10890,7919,0.5571435298549633,0.7155968851591442,0.6848319972216594,0.7492559052624913
1607,1088,1600,0,1,262144,50223,32625,21332,17598,0.45594298092376495,0.6263198310616241,0.6046481457456864,0.6496027716384923
1608,1088,1600,64,0,262144,44943,44526,21677,417,0.6683578504953468,0.801216418044734,0.6725677084120055,0.9907215806688472
1609,1088,1600,128,1,163840,4374,3691,734,683,0.7225920125293657,0.8389589726105239,0.8341242937853107,0.8438500228623685
1610,1088,1664,0,1,262144,23619,15900,8659,7719,0.4925955759340727,0.6600523060317988,0.6474204975772629,0.6731868411025023
1611,1088,1664,64,0,262144,17495,5968,3902,11527,0.27891760527176707,0.4361775991229673,0.6046605876393111,0.3411260360102887
1612,1088,1664,128,1,163840,40528,23584,20048,16944,0.38932910723718966,0.5604562737642586,0.5405207187385406,0.5819186735096723
1613,1088,1728,0,1,262144,38912,12077,6402,26835,0.2665180738844507,0.4208673833876392,0.6535526814221548,0.31036698190789475
1614,1088,1728,64,0,262144,44296,28065,8629,16231,0.5302786962683042,0.6930485245091986,0.7648389382460348,0.633578652700018
1615,1088,1728,128,1,163840,26463,17935,10134,8528,0.49006749187091836,0.6577789187999706,0.6389611314973814,0.6777387295469146
1616,1088,1792,0,1,262144,73011,28948,7561,44063,0.359281139850072,0.5286340394448502,0.7929003807280397,0.3964882004081577
1617,1088,1792,64,0,262144,14857,955,150,13902,0.06363696941427334,0.11965919057762185,0.8642533936651584,0.06427946422561756
1618,1088,1792,128,1,163840,4796,2074,4722,2722,0.21790292078167683,0.3578329882677709,0.3051795173631548,0.4324437030859049
1619,1088,1856,0,1,262144,14327,3666,2614,10661,0.2163980874800779,0.35580142669966514,0.5837579617834395,0.25588050533956863
1620,1088,1856,64,0,262144,42703,29502,7381,13201,0.5890503953358358,0.7413866760485512,0.7998807038473009,0.690864810434864
1621,1088,1856,128,1,163840,18702,8794,4492,9908,0.3791497801155471,0.5498311866950106,0.661899744091525,0.47021708908138166
1622,1088,1920,0,1,262144,24353,16481,5407,7872,0.5537970430107527,0.712830604874462,0.75296966374269,0.6767544039748696
1623,1088,1920,64,0,262144,19688,5152,3581,14536,0.22141046026902747,0.36254881953485096,0.5899461811519524,0.2616822429906542
1624,1088,1920,128,1,163840,31695,12379,8689,19316,0.30653229001584786,0.4692303318613422,0.5875735712929562,0.39056633538413
1625,1088,1984,0,1,262144,43684,35961,14431,7723,0.618790329519057,0.7645095454738722,0.7136251785997777,0.8232075817232855
1626,1088,1984,64,0,262144,26799,20837,9023,5962,0.5816816481491821,0.7355230413526536,0.6978231748158071,0.7775290122765774
1627,1088,1984,128,1,163840,24630,17627,11124,7003,0.4930077753538066,0.6604222476161931,0.6130917185489201,0.7156719447827852
1628,1088,2048,0,1,262144,0,0,2,0,0.0,0.0,0.0,0.0
1629,1088,2048,64,0,262144,19858,19132,16426,726,0.5272847536104068,0.6904865020932582,0.5380505090275044,0.9634404270319267
1630,1088,2048,128,1,163840,42614,25825,20724,16789,0.4077331144020967,0.5792761571503875,0.5547917248490838,0.6060214952832402
1631,1088,2112,0,1,262144,39491,29112,14435,10379,0.5398509067982049,0.7011729569594644,0.6685190713481985,0.7371806234331874
1632,1088,2112,64,0,262144,40280,29833,13304,10447,0.556752015527023,0.7152738650395003,0.6915872684702228,0.7406405163853029
1633,1088,2112,128,1,163840,23250,18236,24910,5014,0.3786544850498339,0.549310199409603,0.4226579520697168,0.7843440860215054
1634,1088,2176,0,1,262144,1868,1868,10154,0,0.15538180003327234,0.2689704823614111,0.15538180003327234,1.0
1635,1088,2176,64,0,262144,642,642,5499,0,0.10454323400097704,0.189296771340115,0.10454323400097704,1.0
1636,1088,2176,128,1,163840,15964,12385,8976,3579,0.49659182036888533,0.6636302746148693,0.5797949534197837,0.775808068153345
1637,1088,2240,0,1,262144,43752,41317,13597,2435,0.7204484821008212,0.8375124156244299,0.7523946534581345,0.944345401353081
1638,1088,2240,64,0,262144,43751,42566,14662,1185,0.7287076506941947,0.8430663801384446,0.7437967428531488,0.9729149048021759
1639,1088,2240,128,1,163840,4232,2245,1064,1987,0.423904833836858,0.5954117491048933,0.6784527047446358,0.5304820415879017
1640,1088,2304,0,1,262144,4,4,185,0,0.021164021164021163,0.04145077720207254,0.021164021164021163,1.0
1641,1088,2304,64,0,262144,29,23,92,6,0.19008264462809918,0.3194444444444444,0.2,0.7931034482758621
1642,1088,2304,128,1,163840,0,0,0,0,0.0,0.0,0.0,0.0
1643,1088,2368,0,1,262144,0,0,0,0,0.0,0.0,0.0,0.0
1644,1088,2368,64,0,262144,0,0,0,0,0.0,0.0,0.0,0.0
1645,1088,2368,128,1,163840,0,0,11,0,0.0,0.0,0.0,0.0
1646,1088,2432,0,1,262144,10709,0,0,10709,0.0,0.0,0.0,0.0
1647,1088,2432,64,0,262144,0,0,0,0,0.0,0.0,0.0,0.0
1648,1088,2432,128,1,163840,0,0,133,0,0.0,0.0,0.0,0.0
1649,1088,2496,0,1,240064,2678,0,0,2678,0.0,0.0,0.0,0.0
1650,1088,2496,64,0,262144,4790,0,0,4790,0.0,0.0,0.0,0.0
1651,1088,2496,128,1,163840,0,0,0,0,0.0,0.0,0.0,0.0
1652,1088,2560,0,1,92224,0,0,0,0,0.0,0.0,0.0,0.0
1653,1088,2560,64,0,262144,0,0,0,0,0.0,0.0,0.0,0.0
1654,1088,2560,128,1,163840,15002,5630,1592,9372,0.33927925756297456,0.5066594672426206,0.7795624480753254,0.3752832955605919
1655,1088,2624,0,1,1664,0,0,0,0,0.0,0.0,0.0,0.0
1656,1088,2624,64,0,177472,0,0,0,0,0.0,0.0,0.0,0.0
1657,1088,2624,128,1,163840,7575,7534,5267,41,0.5866687431864196,0.7394974479780133,0.5885477697054917,0.9945874587458746
1658,1088,2688,64,0,21184,0,0,0,0,0.0,0.0,0.0,0.0
1659,1088,2688,128,1,150656,0,0,0,0,0.0,0.0,0.0,0.0
1660,1088,2752,128,1,24704,0,0,0,0,0.0,0.0,0.0,0.0
1661,1152,0,0,1,214783,0,0,0,0,0.0,0.0,0.0,0.0
1662,1152,0,64,1,206020,0,0,0,0,0.0,0.0,0.0,0.0
1663,1152,0,128,1,131128,0,0,0,0,0.0,0.0,0.0,0.0
1664,1152,64,0,1,262144,0,0,0,0,0.0,0.0,0.0,0.0
1665,1152,64,64,0,262144,0,0,0,0,0.0,0.0,0.0,0.0
1666,1152,64,128,1,163840,0,0,0,0,0.0,0.0,0.0,0.0
1667,1152,128,0,1,262144,0,0,2125,0,0.0,0.0,0.0,0.0
1668,1152,128,64,0,262144,0,0,0,0,0.0,0.0,0.0,0.0
1669,1152,128,128,1,163840,918,0,59,918,0.0,0.0,0.0,0.0
1670,1152,192,0,1,262144,0,0,11777,0,0.0,0.0,0.0,0.0
1671,1152,192,64,0,262144,0,0,13589,0,0.0,0.0,0.0,0.0
1672,1152,192,128,1,163840,59,0,4,59,0.0,0.0,0.0,0.0
1673,1152,256,0,1,262144,0,0,0,0,0.0,0.0,0.0,0.0
1674,1152,256,64,0,262144,0,0,6408,0,0.0,0.0,0.0,0.0
1675,1152,256,128,1,163840,0,0,8522,0,0.0,0.0,0.0,0.0
1676,1152,320,0,1,262144,0,0,0,0,0.0,0.0,0.0,0.0
1677,1152,320,64,0,262144,0,0,0,0,0.0,0.0,0.0,0.0
1678,1152,320,128,1,163840,0,0,0,0,0.0,0.0,0.0,0.0
1679,1152,384,0,1,262144,0,0,0,0,0.0,0.0,0.0,0.0
1680,1152,384,64,0,262144,0,0,0,0,0.0,0.0,0.0,0.0
1681,1152,384,128,1,163840,0,0,0,0,0.0,0.0,0.0,0.0
1682,1152,448,0,1,262144,0,0,0,0,0.0,0.0,0.0,0.0
1683,1152,448,64,0,262144,0,0,8,0,0.0,0.0,0.0,0.0
1684,1152,448,128,1,163840,0,0,0,0,0.0,0.0,0.0,0.0
1685,1152,512,0,1,262144,0,0,0,0,0.0,0.0,0.0,0.0
1686,1152,512,64,0,262144,0,0,0,0,0.0,0.0,0.0,0.0
1687,1152,512,128,1,163840,0,0,0,0,0.0,0.0,0.0,0.0
1688,1152,576,0,1,262144,7257,804,3010,6453,0.07830914580695432,0.14524433203865955,0.2108023072889355,0.1107895824720959
1689,1152,576,64,0,262144,0,0,0,0,0.0,0.0,0.0,0.0
1690,1152,576,128,1,163840,0,0,0,0,0.0,0.0,0.0,0.0
1691,1152,640,0,1,262144,32576,5295,5033,27281,0.14079076816719402,0.24683013238858847,0.5126839659178931,0.1625429764243615
1692,1152,640,64,0,262144,10029,8084,30236,1945,0.20076989941636658,0.3344019524705785,0.21096033402922756,0.8060624189849437
1693,1152,640,128,1,163840,0,0,0,0,0.0,0.0,0.0,0.0
1694,1152,704,0,1,262144,55509,22572,16205,32937,0.31475025796915523,0.4787985490953058,0.5820976351961215,0.406636761606226
1695,1152,704,64,0,262144,46782,13818,32567,32964,0.17414208118564822,0.29662863460238065,0.2978980273795408,0.29537001410799024
1696,1152,704,128,1,163840,19020,6423,10200,12597,0.21981519507186859,0.36040737311674104,0.3863923479516333,0.3376971608832808
1697,1152,768,0,1,262144,2205,58,102,2147,0.025140875596012136,0.04904862579281184,0.3625,0.026303854875283448
1698,1152,768,64,0,262144,42757,26152,37400,16605,0.3262597153087067,0.4919997366168434,0.4115055387713998,0.6116425380639428
1699,1152,768,128,1,163840,15182,10641,5931,4541,0.5040022734807938,0.6702147760912011,0.6421071687183201,0.7008957976551179
1700,1152,832,0,1,262144,95,0,1479,95,0.0,0.0,0.0,0.0
1701,1152,832,64,0,262144,1761,0,24906,1761,0.0,0.0,0.0,0.0
1702,1152,832,128,1,163840,15759,8053,17920,7706,0.23911042489385076,0.38593884788651395,0.31005274708350977,0.511009581826258
1703,1152,896,0,1,262144,0,0,0,0,0.0,0.0,0.0,0.0
1704,1152,896,64,0,262144,13774,1070,3457,12704,0.06209738262433985,0.11693350090159008,0.2363596200574332,0.07768259038768695
1705,1152,896,128,1,163840,69,0,0,69,0.0,0.0,0.0,0.0
1706,1152,960,0,1,262144,0,0,0,0,0.0,0.0,0.0,0.0
1707,1152,960,64,0,262144,13290,11772,22616,1518,0.32785606862362837,0.49381265992701034,0.34232871932069325,0.8857787810383747
1708,1152,960,128,1,163840,22462,6842,6633,15620,0.23516068052930056,0.3807774716865626,0.5077551020408163,0.3046033300685602
1709,1152,1024,0,1,262144,22682,6575,20632,16107,0.1517984947130258,0.2635851590530979,0.24166574778549638,0.2898774358522176
1710,1152,1024,64,0,262144,104,0,0,104,0.0,0.0,0.0,0.0
1711,1152,1024,128,1,163840,0,0,0,0,0.0,0.0,0.0,0.0
1712,1152,1088,0,1,262144,1709,1594,6240,115,0.2005283683482199,0.3340668552865975,0.2034720449323462,0.9327091866588648
1713,1152,1088,64,0,262144,517,0,0,517,0.0,0.0,0.0,0.0
1714,1152,1088,128,1,163840,0,0,0,0,0.0,0.0,0.0,0.0
1715,1152,1152,0,1,262144,377,57,5476,320,0.009738595592004101,0.019289340101522844,0.010301825411169347,0.15119363395225463
1716,1152,1152,64,0,262144,8841,6730,13787,2111,0.2974191267456249,0.4584780979630765,0.3280206657893454,0.7612261056441579
1717,1152,1152,128,1,163840,0,0,0,0,0.0,0.0,0.0,0.0
1718,1152,1216,0,1,262144,0,0,0,0,0.0,0.0,0.0,0.0
1719,1152,1216,64,0,262144,14178,8096,11811,6082,0.31151641078918,0.47504767493032124,0.4066911136786055,0.5710255325151643
1720,1152,1216,128,1,163840,0,0,0,0,0.0,0.0,0.0,0.0
1721,1152,1280,0,1,262144,0,0,0,0,0.0,0.0,0.0,0.0
1722,1152,1280,64,0,262144,833,0,1065,833,0.0,0.0,0.0,0.0
1723,1152,1280,128,1,163840,109,0,0,109,0.0,0.0,0.0,0.0
1724,1152,1344,0,1,262144,0,0,0,0,0.0,0.0,0.0,0.0
1725,1152,1344,64,0,262144,0,0,0,0,0.0,0.0,0.0,0.0
1726,1152,1344,128,1,163840,22,0,0,22,0.0,0.0,0.0,0.0
1727,1152,1408,0,1,262144,0,0,0,0,0.0,0.0,0.0,0.0
1728,1152,1408,64,0,262144,0,0,0,0,0.0,0.0,0.0,0.0
1729,1152,1408,128,1,163840,0,0,0,0,0.0,0.0,0.0,0.0
1730,1152,1472,0,1,262144,0,0,0,0,0.0,0.0,0.0,0.0
1731,1152,1472,64,0,262144,0,0,0,0,0.0,0.0,0.0,0.0
1732,1152,1472,128,1,163840,0,0,0,0,0.0,0.0,0.0,0.0
1733,1152,1536,0,1,262144,3989,3907,7516,82,0.33959148196436334,0.5070075266026473,0.3420292392541364,0.9794434695412384
1734,1152,1536,64,0,262144,45360,41446,28882,3914,0.558255434929016,0.7165133808173708,0.5893243089523377,0.9137125220458554
1735,1152,1536,128,1,163840,31058,26943,17792,4115,0.5515455475946776,0.7109627538163155,0.6022800938862188,0.867505956597334
1736,1152,1600,0,1,262144,56398,28658,26280,27740,0.34662183410338904,0.5148020406696846,0.5216425789071317,0.5081385864746977
1737,1152,1600,64,0,262144,33526,31304,14826,2222,0.6474189278623428,0.785979712764889,0.6786039453717754,0.9337230805941658
1738,1152,1600,128,1,163840,0,0,0,0,0.0,0.0,0.0,0.0
1739,1152,1664,0,1,262144,10081,321,8348,9760,0.01741819957675403,0.03424,0.03702849232898835,0.03184207915881361
1740,1152,1664,64,0,262144,14963,14391,12669,572,0.52080920671685,0.6849106441710492,0.5318181818181819,0.9617723718505647
1741,1152,1664,128,1,163840,30012,23504,18899,6508,0.48054629837868784,0.6491472761168267,0.5543004032733533,0.7831534053045448
1742,1152,1728,0,1,262144,9969,0,8,9969,0.0,0.0,0.0,0.0
1743,1152,1728,64,0,262144,20972,2,1,20970,9.536070185476565e-05,0.00019070321811680572,0.6666666666666666,9.536524890329964e-05
1744,1152,1728,128,1,163840,11371,147,159,11224,0.012749349522983521,0.02517769975164854,0.4803921568627451,0.012927622900360567
1745,1152,1792,0,1,262144,37612,9781,2454,27831,0.24412219837268506,0.3924408690593215,0.7994278708622804,0.26004998404764434
1746,1152,1792,64,0,262144,3956,2,0,3954,0.0005055611729019212,0.001010611419909045,1.0,0.0005055611729019212
1747,1152,1792,128,1,163840,0,0,0,0,0.0,0.0,0.0,0.0
1748,1152,1856,0,1,262144,13513,0,0,13513,0.0,0.0,0.0,0.0
1749,1152,1856,64,0,262144,37406,1096,3550,36310,0.02676042582283426,0.052125939313231236,0.23590185105467068,0.029300112281452174
1750,1152,1856,128,1,163840,11020,0,1675,11020,0.0,0.0,0.0,0.0
1751,1152,1920,0,1,262144,194,0,0,194,0.0,0.0,0.0,0.0
1752,1152,1920,64,0,262144,14142,0,0,14142,0.0,0.0,0.0,0.0
1753,1152,1920,128,1,163840,25858,0,0,25858,0.0,0.0,0.0,0.0
1754,1152,1984,0,1,262144,45202,31098,14743,14104,0.5187755442488948,0.6831497204617598,0.6783883423136493,0.6879784080350427
1755,1152,1984,64,0,262144,43573,39045,21055,4528,0.6041499040663489,0.7532337252708033,0.6496672212978369,0.8960824363711473
1756,1152,1984,128,1,163840,9862,7867,2654,1995,0.6285554490252477,0.7719177746161017,0.7477426100180591,0.7977083755830461
1757,1152,2048,0,1,262144,0,0,0,0,0.0,0.0,0.0,0.0
1758,1152,2048,64,0,262144,3862,3767,4213,95,0.4665015479876161,0.6362100996453302,0.4720551378446115,0.9754013464526152
1759,1152,2048,128,1,163840,39153,24807,30225,14346,0.35756291619821845,0.5267717789456919,0.45077409507195815,0.6335912956861544
1760,1152,2112,0,1,262144,24231,14630,1976,9601,0.5582477963902774,0.7165070891593408,0.8810068649885584,0.6037720275679914
1761,1152,2112,64,0,262144,32070,24082,4739,7988,0.654242169034747,0.7909871738023682,0.8355712848270358,0.7509198628001247
1762,1152,2112,128,1,163840,27737,20676,33600,7061,0.3370885436196749,0.5042127467596601,0.38094185275259784,0.7454302916681689
1763,1152,2176,0,1,262144,17095,16230,20331,865,0.43365574734142043,0.6049649619800209,0.4439156478214491,0.9494004094764551
1764,1152,2176,64,0,262144,8498,8333,16038,165,0.3396234104988588,0.5070431105296784,0.34192277707110913,0.9805836667451165
1765,1152,2176,128,1,163840,3601,3215,4735,386,0.38567658349328215,0.5566617608865033,0.40440251572327046,0.892807553457373
1766,1152,2240,0,1,262144,43134,38946,16031,4188,0.6582607960787628,0.7939170939038436,0.7084053331393128,0.9029072193629155
1767,1152,2240,64,0,262144,39319,35974,15357,3345,0.6579486429146243,0.7936900165471594,0.7008240634314546,0.9149266258043185
1768,1152,2240,128,1,163840,59,0,0,59,0.0,0.0,0.0,0.0
1769,1152,2304,0,1,262144,0,0,0,0,0.0,0.0,0.0,0.0
1770,1152,2304,64,0,262144,0,0,0,0,0.0,0.0,0.0,0.0
1771,1152,2304,128,1,163840,0,0,0,0,0.0,0.0,0.0,0.0
1772,1152,2368,0,1,262144,0,0,0,0,0.0,0.0,0.0,0.0
1773,1152,2368,64,0,262144,0,0,0,0,0.0,0.0,0.0,0.0
1774,1152,2368,128,1,163840,0,0,0,0,0.0,0.0,0.0,0.0
1775,1152,2432,0,1,262144,0,0,0,0,0.0,0.0,0.0,0.0
1776,1152,2432,64,0,262144,0,0,0,0,0.0,0.0,0.0,0.0
1777,1152,2432,128,1,163840,0,0,0,0,0.0,0.0,0.0,0.0
1778,1152,2496,0,1,240064,0,0,0,0,0.0,0.0,0.0,0.0
1779,1152,2496,64,0,262144,0,0,0,0,0.0,0.0,0.0,0.0
1780,1152,2496,128,1,163840,0,0,0,0,0.0,0.0,0.0,0.0
1781,1152,2560,0,1,92203,0,0,0,0,0.0,0.0,0.0,0.0
1782,1152,2560,64,0,262099,0,0,6,0,0.0,0.0,0.0,0.0
1783,1152,2560,128,1,163840,10767,1305,71,9462,0.12040966968075291,0.21493864778061433,0.9484011627906976,0.12120367790470883
1784,1152,2624,0,1,1664,0,0,0,0,0.0,0.0,0.0,0.0
1785,1152,2624,64,0,177386,0,0,0,0,0.0,0.0,0.0,0.0
1786,1152,2624,128,1,163840,811,110,3,701,0.13513513513513514,0.23809523809523808,0.9734513274336283,0.13563501849568435
1787,1152,2688,64,0,21184,0,0,0,0,0.0,0.0,0.0,0.0
1788,1152,2688,128,1,150656,0,0,0,0,0.0,0.0,0.0,0.0
1789,1152,2752,128,1,24704,0,0,0,0,0.0,0.0,0.0,0.0
1790,1216,0,0,1,241836,0,0,0,0,0.0,0.0,0.0,0.0
1791,1216,0,64,1,242860,0,0,0,0,0.0,0.0,0.0,0.0
1792,1216,0,128,1,150280,0,0,0,0,0.0,0.0,0.0,0.0
1793,1216,64,0,1,262144,0,0,354,0,0.0,0.0,0.0,0.0
1794,1216,64,64,0,262144,0,0,0,0,0.0,0.0,0.0,0.0
1795,1216,64,128,1,163840,0,0,0,0,0.0,0.0,0.0,0.0
1796,1216,128,0,1,262144,0,0,0,0,0.0,0.0,0.0,0.0
1797,1216,128,64,0,262144,0,0,23,0,0.0,0.0,0.0,0.0
1798,1216,128,128,1,163840,0,0,0,0,0.0,0.0,0.0,0.0
1799,1216,192,0,1,262144,0,0,16774,0,0.0,0.0,0.0,0.0
1800,1216,192,64,0,262144,0,0,39809,0,0.0,0.0,0.0,0.0
1801,1216,192,128,1,163840,0,0,1901,0,0.0,0.0,0.0,0.0
1802,1216,256,0,1,262144,0,0,0,0,0.0,0.0,0.0,0.0
1803,1216,256,64,0,262144,0,0,528,0,0.0,0.0,0.0,0.0
1804,1216,256,128,1,163840,0,0,33,0,0.0,0.0,0.0,0.0
1805,1216,320,0,1,262144,0,0,0,0,0.0,0.0,0.0,0.0
1806,1216,320,64,0,262144,0,0,143,0,0.0,0.0,0.0,0.0
1807,1216,320,128,1,163840,0,0,0,0,0.0,0.0,0.0,0.0
1808,1216,384,0,1,262144,0,0,0,0,0.0,0.0,0.0,0.0
1809,1216,384,64,0,262144,0,0,0,0,0.0,0.0,0.0,0.0
1810,1216,384,128,1,163840,0,0,0,0,0.0,0.0,0.0,0.0
1811,1216,448,0,1,262144,0,0,0,0,0.0,0.0,0.0,0.0
1812,1216,448,64,0,262144,0,0,0,0,0.0,0.0,0.0,0.0
1813,1216,448,128,1,163840,0,0,0,0,0.0,0.0,0.0,0.0
1814,1216,512,0,1,262144,0,0,0,0,0.0,0.0,0.0,0.0
1815,1216,512,64,0,262144,0,0,0,0,0.0,0.0,0.0,0.0
1816,1216,512,128,1,163840,0,0,0,0,0.0,0.0,0.0,0.0
1817,1216,576,0,1,262144,67,0,585,67,0.0,0.0,0.0,0.0
1818,1216,576,64,0,262144,0,0,0,0,0.0,0.0,0.0,0.0
1819,1216,576,128,1,163840,0,0,0,0,0.0,0.0,0.0,0.0
1820,1216,640,0,1,262144,26362,18383,19084,7979,0.4045020463847203,0.5760077707625061,0.4906451010222329,0.6973294894165845
1821,1216,640,64,0,262144,0,0,0,0,0.0,0.0,0.0,0.0
1822,1216,640,128,1,163840,0,0,0,0,0.0,0.0,0.0,0.0
1823,1216,704,0,1,262144,29700,9617,53804,20083,0.11516813565817206,0.20654846919599232,0.15163747023856453,0.3238047138047138
1824,1216,704,64,0,262144,37879,249,253,37630,0.006529948599601385,0.012975170005992548,0.4960159362549801,0.0065735631880461465
1825,1216,704,128,1,163840,4072,136,39,3936,0.03308197518851861,0.06404520838238757,0.7771428571428571,0.03339882121807466
1826,1216,768,0,1,262144,28792,16248,32729,12544,0.2641049397766616,0.4178528719669791,0.3317475549747841,0.5643234231731037
1827,1216,768,64,0,262144,45216,1254,16926,43962,0.02017958868398185,0.039560855574484195,0.06897689768976897,0.027733545647558387
1828,1216,768,128,1,163840,13569,0,0,13569,0.0,0.0,0.0,0.0
1829,1216,832,0,1,262144,0,0,0,0,0.0,0.0,0.0,0.0
1830,1216,832,64,0,262144,19463,8069,39963,11394,0.13578231750412278,0.2390991925327802,0.1679921718854097,0.41458151364126805
1831,1216,832,128,1,163840,30480,13738,12358,16742,0.3206965778047528,0.48564762443438914,0.5264408338442673,0.4507217847769029
1832,1216,896,0,1,262144,0,0,0,0,0.0,0.0,0.0,0.0
1833,1216,896,64,0,262144,0,0,33,0,0.0,0.0,0.0,0.0
1834,1216,896,128,1,163840,227,12,474,215,0.017118402282453638,0.033660589060308554,0.024691358024691357,0.05286343612334802
1835,1216,960,0,1,262144,0,0,0,0,0.0,0.0,0.0,0.0
1836,1216,960,64,0,262144,0,0,0,0,0.0,0.0,0.0,0.0
1837,1216,960,128,1,163840,1675,0,0,1675,0.0,0.0,0.0,0.0
1838,1216,1024,0,1,262144,0,0,649,0,0.0,0.0,0.0,0.0
1839,1216,1024,64,0,262144,0,0,0,0,0.0,0.0,0.0,0.0
1840,1216,1024,128,1,163840,0,0,0,0,0.0,0.0,0.0,0.0
1841,1216,1088,0,1,262144,0,0,0,0,0.0,0.0,0.0,0.0
1842,1216,1088,64,0,262144,0,0,0,0,0.0,0.0,0.0,0.0
1843,1216,1088,128,1,163840,0,0,0,0,0.0,0.0,0.0,0.0
1844,1216,1152,0,1,262144,0,0,0,0,0.0,0.0,0.0,0.0
1845,1216,1152,64,0,262144,0,0,0,0,0.0,0.0,0.0,0.0
1846,1216,1152,128,1,163840,0,0,0,0,0.0,0.0,0.0,0.0
1847,1216,1216,0,1,262144,0,0,0,0,0.0,0.0,0.0,0.0
1848,1216,1216,64,0,262144,4,0,0,4,0.0,0.0,0.0,0.0
1849,1216,1216,128,1,163840,0,0,0,0,0.0,0.0,0.0,0.0
1850,1216,1280,0,1,262144,0,0,0,0,0.0,0.0,0.0,0.0
1851,1216,1280,64,0,262144,0,0,0,0,0.0,0.0,0.0,0.0
1852,1216,1280,128,1,163840,0,0,0,0,0.0,0.0,0.0,0.0
1853,1216,1344,0,1,262144,0,0,0,0,0.0,0.0,0.0,0.0
1854,1216,1344,64,0,262144,0,0,0,0,0.0,0.0,0.0,0.0
1855,1216,1344,128,1,163840,0,0,0,0,0.0,0.0,0.0,0.0
1856,1216,1408,0,1,262144,0,0,0,0,0.0,0.0,0.0,0.0
1857,1216,1408,64,0,262144,0,0,0,0,0.0,0.0,0.0,0.0
1858,1216,1408,128,1,163840,0,0,0,0,0.0,0.0,0.0,0.0
1859,1216,1472,0,1,262144,0,0,0,0,0.0,0.0,0.0,0.0
1860,1216,1472,64,0,262144,0,0,0,0,0.0,0.0,0.0,0.0
1861,1216,1472,128,1,163840,0,0,0,0,0.0,0.0,0.0,0.0
1862,1216,1536,0,1,262144,0,0,57,0,0.0,0.0,0.0,0.0
1863,1216,1536,64,0,262144,11958,11001,13039,957,0.4400928111373365,0.6112006222567921,0.45761231281198006,0.9199698946312093
1864,1216,1536,128,1,163840,24173,13659,10681,10514,0.3918918918918919,0.5631067961165048,0.5611750205423172,0.565051917428536
1865,1216,1600,0,1,262144,38299,16347,14147,21952,0.31169202608397206,0.4752518424839737,0.5360726700334492,0.4268257656857881
1866,1216,1600,64,0,262144,41274,27755,10662,13519,0.5344077325939618,0.6965654841826555,0.7224666163417237,0.6724572370015022
1867,1216,1600,128,1,163840,5009,2720,6063,2289,0.24566473988439305,0.39443155452436196,0.3096891722646021,0.5430225593930924
1868,1216,1664,0,1,262144,20963,17406,24052,3557,0.3866711096301233,0.5576969289181526,0.41984659173139083,0.8303200877736965
1869,1216,1664,64,0,262144,41329,37452,27481,3877,0.5442813544542945,0.704899211383185,0.5767791415767022,0.9061917781702921
1870,1216,1664,128,1,163840,23771,14298,16080,9473,0.3587864796366465,0.5280983951688859,0.47066956349990124,0.6014892095410374
1871,1216,1728,0,1,262144,0,0,0,0,0.0,0.0,0.0,0.0
1872,1216,1728,64,0,262144,19,0,0,19,0.0,0.0,0.0,0.0
1873,1216,1728,128,1,163840,0,0,492,0,0.0,0.0,0.0,0.0
1874,1216,1792,0,1,262144,10420,0,0,10420,0.0,0.0,0.0,0.0
1875,1216,1792,64,0,262144,0,0,0,0,0.0,0.0,0.0,0.0
1876,1216,1792,128,1,163840,0,0,0,0,0.0,0.0,0.0,0.0
1877,1216,1856,0,1,262144,2,0,0,2,0.0,0.0,0.0,0.0
1878,1216,1856,64,0,262144,2371,0,0,2371,0.0,0.0,0.0,0.0
1879,1216,1856,128,1,163840,104,0,0,104,0.0,0.0,0.0,0.0
1880,1216,1920,0,1,262144,4064,1874,2070,2190,0.3055102706227584,0.468031968031968,0.4751521298174442,0.4611220472440945
1881,1216,1920,64,0,262144,7593,4499,5573,3094,0.34171350448123955,0.5093688083781489,0.4466838760921366,0.592519425786909
1882,1216,1920,128,1,163840,6458,0,0,6458,0.0,0.0,0.0,0.0
1883,1216,1984,0,1,262144,40564,28144,18417,12420,0.47717061426561097,0.6460602582496413,0.6044543716844569,0.693817177793117
1884,1216,1984,64,0,262144,41952,40366,34821,1586,0.5257838042019981,0.6891983028709482,0.5368747256839613,0.9621948893974066
1885,1216,1984,128,1,163840,13827,11774,13765,2053,0.42671788924325893,0.5981811715693746,0.4610204001722855,0.8515223837419541
1886,1216,2048,0,1,262144,0,0,0,0,0.0,0.0,0.0,0.0
1887,1216,2048,64,0,262144,0,0,211,0,0.0,0.0,0.0,0.0
1888,1216,2048,128,1,163840,21750,9211,47528,12539,0.13295707150899275,0.23470804826153982,0.1623398367965597,0.42349425287356324
1889,1216,2112,0,1,262144,3168,278,96,2890,0.08517156862745098,0.15697346132128742,0.7433155080213903,0.08775252525252525
1890,1216,2112,64,0,262144,12075,11570,13202,505,0.45772836966412156,0.628002279697126,0.4670595834006136,0.9581780538302277
1891,1216,2112,128,1,163840,20574,13600,17151,6974,0.3605036447978794,0.5299561617145641,0.44226204025885335,0.6610284825507923
1892,1216,2176,0,1,262144,39278,17231,6224,22047,0.3786866511362138,0.5493440453987535,0.734640801534854,0.43869341616171903
1893,1216,2176,64,0,262144,28752,26992,17189,1760,0.5875361877190309,0.7401861982915827,0.6109413548810575,0.9387868670005565
1894,1216,2176,128,1,163840,4652,4509,22479,143,0.1661936530168442,0.2850189633375474,0.16707425522454425,0.9692605331040413
1895,1216,2240,0,1,262144,42498,39225,11703,3273,0.7236951347761111,0.8397020101470682,0.7702049952874647,0.9229846110405195
1896,1216,2240,64,0,262144,31245,28719,15485,2526,0.6145730793922534,0.7612824556985514,0.6496923355352456,0.9191550648103697
1897,1216,2240,128,1,163840,0,0,0,0,0.0,0.0,0.0,0.0
1898,1216,2304,0,1,262144,0,0,0,0,0.0,0.0,0.0,0.0
1899,1216,2304,64,0,262144,0,0,0,0,0.0,0.0,0.0,0.0
1900,1216,2304,128,1,163840,0,0,0,0,0.0,0.0,0.0,0.0
1901,1216,2368,0,1,262144,0,0,0,0,0.0,0.0,0.0,0.0
1902,1216,2368,64,0,262144,0,0,0,0,0.0,0.0,0.0,0.0
1903,1216,2368,128,1,163840,0,0,0,0,0.0,0.0,0.0,0.0
1904,1216,2432,0,1,262144,0,0,0,0,0.0,0.0,0.0,0.0
1905,1216,2432,64,0,262144,0,0,854,0,0.0,0.0,0.0,0.0
1906,1216,2432,128,1,163840,0,0,0,0,0.0,0.0,0.0,0.0
1907,1216,2496,0,1,235535,0,0,0,0,0.0,0.0,0.0,0.0
1908,1216,2496,64,0,262144,0,0,13398,0,0.0,0.0,0.0,0.0
1909,1216,2496,128,1,163840,0,0,130,0,0.0,0.0,0.0,0.0
1910,1216,2560,0,1,86917,0,0,0,0,0.0,0.0,0.0,0.0
1911,1216,2560,64,0,259648,0,0,0,0,0.0,0.0,0.0,0.0
1912,1216,2560,128,1,163840,151,0,0,151,0.0,0.0,0.0,0.0
1913,1216,2624,0,1,1664,0,0,0,0,0.0,0.0,0.0,0.0
1914,1216,2624,64,0,172800,0,0,0,0,0.0,0.0,0.0,0.0
1915,1216,2624,128,1,163840,0,0,0,0,0.0,0.0,0.0,0.0
1916,1216,2688,64,0,17539,0,0,0,0,0.0,0.0,0.0,0.0
1917,1216,2688,128,1,146732,0,0,0,0,0.0,0.0,0.0,0.0
1918,1216,2752,128,1,21959,0,0,0,0,0.0,0.0,0.0,0.0
1919,1280,0,0,1,242596,0,0,0,0,0.0,0.0,0.0,0.0
1920,1280,0,64,1,244864,0,0,0,0,0.0,0.0,0.0,0.0
1921,1280,0,128,1,151168,0,0,0,0,0.0,0.0,0.0,0.0
1922,1280,64,0,1,262144,0,0,0,0,0.0,0.0,0.0,0.0
1923,1280,64,64,0,262144,0,0,0,0,0.0,0.0,0.0,0.0
1924,1280,64,128,1,163840,0,0,0,0,0.0,0.0,0.0,0.0
1925,1280,128,0,1,262144,0,0,2443,0,0.0,0.0,0.0,0.0
1926,1280,128,64,0,262144,0,0,9390,0,0.0,0.0,0.0,0.0
1927,1280,128,128,1,163840,0,0,0,0,0.0,0.0,0.0,0.0
1928,1280,192,0,1,262144,0,0,1405,0,0.0,0.0,0.0,0.0
1929,1280,192,64,0,262144,0,0,74090,0,0.0,0.0,0.0,0.0
1930,1280,192,128,1,163840,0,0,0,0,0.0,0.0,0.0,0.0
1931,1280,256,0,1,262144,0,0,0,0,0.0,0.0,0.0,0.0
1932,1280,256,64,0,262144,0,0,2521,0,0.0,0.0,0.0,0.0
1933,1280,256,128,1,163840,0,0,0,0,0.0,0.0,0.0,0.0
1934,1280,320,0,1,262144,0,0,0,0,0.0,0.0,0.0,0.0
1935,1280,320,64,0,262144,0,0,0,0,0.0,0.0,0.0,0.0
1936,1280,320,128,1,163840,0,0,0,0,0.0,0.0,0.0,0.0
1937,1280,384,0,1,262144,0,0,0,0,0.0,0.0,0.0,0.0
1938,1280,384,64,0,262144,0,0,0,0,0.0,0.0,0.0,0.0
1939,1280,384,128,1,163840,0,0,0,0,0.0,0.0,0.0,0.0
1940,1280,448,0,1,262144,0,0,0,0,0.0,0.0,0.0,0.0
1941,1280,448,64,0,262144,0,0,0,0,0.0,0.0,0.0,0.0
1942,1280,448,128,1,163840,0,0,0,0,0.0,0.0,0.0,0.0
1943,1280,512,0,1,262144,0,0,1450,0,0.0,0.0,0.0,0.0
1944,1280,512,64,0,262144,0,0,0,0,0.0,0.0,0.0,0.0
1945,1280,512,128,1,163840,0,0,0,0,0.0,0.0,0.0,0.0
1946,1280,576,0,1,262144,0,0,74,0,0.0,0.0,0.0,0.0
1947,1280,576,64,0,262144,0,0,0,0,0.0,0.0,0.0,0.0
1948,1280,576,128,1,163840,0,0,0,0,0.0,0.0,0.0,0.0
1949,1280,640,0,1,262144,11432,2234,9090,9198,0.1088587856934022,0.19634382140973808,0.19728011303426352,0.19541637508747375
1950,1280,640,64,0,262144,0,0,0,0,0.0,0.0,0.0,0.0
1951,1280,640,128,1,163840,0,0,0,0,0.0,0.0,0.0,0.0
1952,1280,704,0,1,262144,30518,12651,22989,17867,0.2364363541218906,0.3824480788415611,0.35496632996633,0.41454223736811063
1953,1280,704,64,0,262144,8632,4849,12114,3783,0.23373180372119925,0.37890212932213324,0.2858574544597064,0.5617469879518072
1954,1280,704,128,1,163840,0,0,932,0,0.0,0.0,0.0,0.0
1955,1280,768,0,1,262144,21264,121,28153,21143,0.002448550094097173,0.004885138681416287,0.004279550116715003,0.005690368698269376
1956,1280,768,64,0,262144,45809,15795,79012,30014,0.12654120700843607,0.22465437788018433,0.1666016222430833,0.3448012399310179
1957,1280,768,128,1,163840,9589,0,7,9589,0.0,0.0,0.0,0.0
1958,1280,832,0,1,262144,2201,0,4,2201,0.0,0.0,0.0,0.0
1959,1280,832,64,0,262144,51362,16417,45444,34945,0.1695865958721567,0.2899940824744089,0.2653852993000436,0.31963319185389977
1960,1280,832,128,1,163840,15871,10244,22133,5627,0.26955057362382906,0.42463936328967006,0.3163974426290268,0.6454539726545271
1961,1280,896,0,1,262144,0,0,0,0,0.0,0.0,0.0,0.0
1962,1280,896,64,0,262144,0,0,2655,0,0.0,0.0,0.0,0.0
1963,1280,896,128,1,163840,18255,5114,22596,13141,0.1251866539374801,0.22251713260089198,0.18455431252255503,0.2801424267324021
1964,1280,960,0,1,262144,0,0,0,0,0.0,0.0,0.0,0.0
1965,1280,960,64,0,262144,0,0,0,0,0.0,0.0,0.0,0.0
1966,1280,960,128,1,163840,0,0,26,0,0.0,0.0,0.0,0.0
1967,1280,1024,0,1,262144,0,0,0,0,0.0,0.0,0.0,0.0
1968,1280,1024,64,0,262144,0,0,0,0,0.0,0.0,0.0,0.0
1969,1280,1024,128,1,163840,0,0,0,0,0.0,0.0,0.0,0.0
1970,1280,1088,0,1,262144,0,0,0,0,0.0,0.0,0.0,0.0
1971,1280,1088,64,0,262144,0,0,0,0,0.0,0.0,0.0,0.0
1972,1280,1088,128,1,163840,0,0,0,0,0.0,0.0,0.0,0.0
1973,1280,1152,0,1,262144,0,0,0,0,0.0,0.0,0.0,0.0
1974,1280,1152,64,0,262144,0,0,0,0,0.0,0.0,0.0,0.0
1975,1280,1152,128,1,163840,0,0,0,0,0.0,0.0,0.0,0.0
1976,1280,1216,0,1,262144,0,0,0,0,0.0,0.0,0.0,0.0
1977,1280,1216,64,0,262144,0,0,0,0,0.0,0.0,0.0,0.0
1978,1280,1216,128,1,163840,0,0,0,0,0.0,0.0,0.0,0.0
1979,1280,1280,0,1,262144,0,0,0,0,0.0,0.0,0.0,0.0
1980,1280,1280,64,0,262144,0,0,0,0,0.0,0.0,0.0,0.0
1981,1280,1280,128,1,163840,0,0,0,0,0.0,0.0,0.0,0.0
1982,1280,1344,0,1,262144,0,0,0,0,0.0,0.0,0.0,0.0
1983,1280,1344,64,0,262144,0,0,0,0,0.0,0.0,0.0,0.0
1984,1280,1344,128,1,163840,0,0,0,0,0.0,0.0,0.0,0.0
1985,1280,1408,0,1,262144,0,0,0,0,0.0,0.0,0.0,0.0
1986,1280,1408,64,0,262144,0,0,0,0,0.0,0.0,0.0,0.0
1987,1280,1408,128,1,163840,0,0,0,0,0.0,0.0,0.0,0.0
1988,1280,1472,0,1,262144,0,0,0,0,0.0,0.0,0.0,0.0
1989,1280,1472,64,0,262144,0,0,0,0,0.0,0.0,0.0,0.0
1990,1280,1472,128,1,163840,0,0,0,0,0.0,0.0,0.0,0.0
1991,1280,1536,0,1,262144,0,0,0,0,0.0,0.0,0.0,0.0
1992,1280,1536,64,0,262144,0,0,0,0,0.0,0.0,0.0,0.0
1993,1280,1536,128,1,163840,1336,5,0,1331,0.0037425149700598802,0.007457121551081283,1.0,0.0037425149700598802
1994,1280,1600,0,1,262144,10636,7939,7641,2697,0.4343710674618373,0.6056606652426,0.5095635430038511,0.7464272282813088
1995,1280,1600,64,0,262144,47757,43971,34896,3786,0.5319952088853399,0.6945128885519333,0.5575335691734186,0.9207236635467052
1996,1280,1600,128,1,163840,28267,11611,19669,16656,0.2422187917222964,0.38997766470183215,0.37119565217391304,0.41076166554639687
1997,1280,1664,0,1,262144,47285,22889,42707,24396,0.25434483065161345,0.40554211957725395,0.3489389596926642,0.48406471396848894
1998,1280,1664,64,0,262144,38582,28509,22469,10073,0.46697023799773957,0.6366458240285842,0.559241241319785,0.7389197034886735
1999,1280,1664,128,1,163840,9110,0,6,9110,0.0,0.0,0.0,0.0
2000,1280,1728,0,1,262144,0,0,0,0,0.0,0.0,0.0,0.0
2001,1280,1728,64,0,262144,0,0,415,0,0.0,0.0,0.0,0.0
2002,1280,1728,128,1,163840,270,0,255,270,0.0,0.0,0.0,0.0
2003,1280,1792,0,1,262144,25,0,0,25,0.0,0.0,0.0,0.0
2004,1280,1792,64,0,262144,0,0,0,0,0.0,0.0,0.0,0.0
2005,1280,1792,128,1,163840,0,0,0,0,0.0,0.0,0.0,0.0
2006,1280,1856,0,1,262144,0,0,0,0,0.0,0.0,0.0,0.0
2007,1280,1856,64,0,262144,0,0,0,0,0.0,0.0,0.0,0.0
2008,1280,1856,128,1,163840,0,0,0,0,0.0,0.0,0.0,0.0
2009,1280,1920,0,1,262144,40167,26195,15062,13972,0.47429792319252567,0.6434220868539988,0.634922558596117,0.6521522642965618
2010,1280,1920,64,0,262144,43603,27543,49013,16060,0.2973892200051827,0.4584425636032257,0.35977585035790793,0.6316767194917781
2011,1280,1920,128,1,163840,4110,3688,2791,422,0.5344153021301261,0.6965719142506375,0.5692236456243247,0.897323600973236
2012,1280,1984,0,1,262144,5712,2584,1429,3128,0.36185408206133596,0.531413881748072,0.6439073012708697,0.4523809523809524
2013,1280,1984,64,0,262144,5779,4476,7919,1303,0.32676303109943056,0.4925718058765269,0.3611133521581283,0.7745284651323758
2014,1280,1984,128,1,163840,25880,20729,36471,5151,0.33245657647832433,0.49901299951853634,0.3623951048951049,0.8009659969088099
2015,1280,2048,0,1,262144,0,0,0,0,0.0,0.0,0.0,0.0
2016,1280,2048,64,0,262144,0,0,0,0,0.0,0.0,0.0,0.0
2017,1280,2048,128,1,163840,1888,354,13842,1534,0.022504767959313415,0.044018900770952496,0.024936601859678782,0.1875
2018,1280,2112,0,1,262144,0,0,67,0,0.0,0.0,0.0,0.0
2019,1280,2112,64,0,262144,762,628,1716,134,0.25343018563357544,0.4043786220218931,0.26791808873720135,0.8241469816272966
2020,1280,2112,128,1,163840,12565,5571,11878,6994,0.22791801333715175,0.37122676084493905,0.3192733107914494,0.44337445284520494
2021,1280,2176,0,1,262144,54096,22164,8644,31932,0.3532674529805547,0.5220955432017337,0.7194235263567904,0.40971606033717833
2022,1280,2176,64,0,262144,41795,39349,34853,2446,0.5133728212086421,0.6784485805667388,0.5302956793617423,0.9414762531403278
2023,1280,2176,128,1,163840,14187,13075,29887,1112,0.2966601624540545,0.45757581060036046,0.30433871793678136,0.9216183830267146
2024,1280,2240,0,1,262144,31177,27138,10575,4039,0.649980839241234,0.7878647118594861,0.7195927133879564,0.8704493697276838
2025,1280,2240,64,0,262144,28813,18417,5096,10396,0.5431301424400602,0.703933035202385,0.7832688300089312,0.639190643112484
2026,1280,2240,128,1,163840,0,0,0,0,0.0,0.0,0.0,0.0
2027,1280,2304,0,1,262144,0,0,0,0,0.0,0.0,0.0,0.0
2028,1280,2304,64,0,262144,0,0,0,0,0.0,0.0,0.0,0.0
2029,1280,2304,128,1,163840,0,0,0,0,0.0,0.0,0.0,0.0
2030,1280,2368,0,1,262144,0,0,0,0,0.0,0.0,0.0,0.0
2031,1280,2368,64,0,262144,0,0,0,0,0.0,0.0,0.0,0.0
2032,1280,2368,128,1,163840,0,0,0,0,0.0,0.0,0.0,0.0
2033,1280,2432,0,1,262144,0,0,0,0,0.0,0.0,0.0,0.0
2034,1280,2432,64,0,262144,0,0,476,0,0.0,0.0,0.0,0.0
2035,1280,2432,128,1,163840,0,0,0,0,0.0,0.0,0.0,0.0
2036,1280,2496,0,1,228220,0,0,0,0,0.0,0.0,0.0,0.0
2037,1280,2496,64,0,262144,0,0,0,0,0.0,0.0,0.0,0.0
2038,1280,2496,128,1,163840,0,0,0,0,0.0,0.0,0.0,0.0
2039,1280,2560,0,1,79264,0,0,0,0,0.0,0.0,0.0,0.0
2040,1280,2560,64,0,258256,0,0,0,0,0.0,0.0,0.0,0.0
2041,1280,2560,128,1,163840,0,0,0,0,0.0,0.0,0.0,0.0
2042,1280,2624,0,1,1301,0,0,0,0,0.0,0.0,0.0,0.0
2043,1280,2624,64,0,166245,0,0,0,0,0.0,0.0,0.0,0.0
2044,1280,2624,128,1,163840,0,0,0,0,0.0,0.0,0.0,0.0
2045,1280,2688,64,0,13546,0,0,0,0,0.0,0.0,0.0,0.0
2046,1280,2688,128,1,141377,0,0,0,0,0.0,0.0,0.0,0.0
2047,1280,2752,128,1,17427,0,0,0,0,0.0,0.0,0.0,0.0
2048,1344,0,0,1,242496,0,0,0,0,0.0,0.0,0.0,0.0
2049,1344,0,64,1,244864,0,0,0,0,0.0,0.0,0.0,0.0
2050,1344,0,128,1,151168,0,0,0,0,0.0,0.0,0.0,0.0
2051,1344,64,0,1,262144,0,0,5909,0,0.0,0.0,0.0,0.0
2052,1344,64,64,0,262144,0,0,0,0,0.0,0.0,0.0,0.0
2053,1344,64,128,1,163840,0,0,0,0,0.0,0.0,0.0,0.0
2054,1344,128,0,1,262144,0,0,296,0,0.0,0.0,0.0,0.0
2055,1344,128,64,0,262144,0,0,0,0,0.0,0.0,0.0,0.0
2056,1344,128,128,1,163840,0,0,0,0,0.0,0.0,0.0,0.0
2057,1344,192,0,1,262144,0,0,0,0,0.0,0.0,0.0,0.0
2058,1344,192,64,0,262144,0,0,0,0,0.0,0.0,0.0,0.0
2059,1344,192,128,1,163840,0,0,0,0,0.0,0.0,0.0,0.0
2060,1344,256,0,1,262144,0,0,0,0,0.0,0.0,0.0,0.0
2061,1344,256,64,0,262144,0,0,0,0,0.0,0.0,0.0,0.0
2062,1344,256,128,1,163840,0,0,0,0,0.0,0.0,0.0,0.0
2063,1344,320,0,1,262144,0,0,0,0,0.0,0.0,0.0,0.0
2064,1344,320,64,0,262144,0,0,0,0,0.0,0.0,0.0,0.0
2065,1344,320,128,1,163840,0,0,0,0,0.0,0.0,0.0,0.0
2066,1344,384,0,1,262144,0,0,0,0,0.0,0.0,0.0,0.0
2067,1344,384,64,0,262144,0,0,0,0,0.0,0.0,0.0,0.0
2068,1344,384,128,1,163840,0,0,0,0,0.0,0.0,0.0,0.0
2069,1344,448,0,1,262144,0,0,0,0,0.0,0.0,0.0,0.0
2070,1344,448,64,0,262144,0,0,0,0,0.0,0.0,0.0,0.0
2071,1344,448,128,1,163840,0,0,0,0,0.0,0.0,0.0,0.0
2072,1344,512,0,1,262144,0,0,0,0,0.0,0.0,0.0,0.0
2073,1344,512,64,0,262144,0,0,0,0,0.0,0.0,0.0,0.0
2074,1344,512,128,1,163840,0,0,0,0,0.0,0.0,0.0,0.0
2075,1344,576,0,1,262144,0,0,1947,0,0.0,0.0,0.0,0.0
2076,1344,576,64,0,262144,0,0,0,0,0.0,0.0,0.0,0.0
2077,1344,576,128,1,163840,0,0,0,0,0.0,0.0,0.0,0.0
2078,1344,640,0,1,262144,470,0,5947,470,0.0,0.0,0.0,0.0
2079,1344,640,64,0,262144,0,0,9327,0,0.0,0.0,0.0,0.0
2080,1344,640,128,1,163840,0,0,0,0,0.0,0.0,0.0,0.0
2081,1344,704,0,1,262144,23190,1021,7217,22169,0.033577794586772784,0.0649739086165203,0.1239378489924739,0.04402759810263045
2082,1344,704,64,0,262144,9,0,0,9,0.0,0.0,0.0,0.0
2083,1344,704,128,1,163840,0,0,4996,0,0.0,0.0,0.0,0.0
2084,1344,768,0,1,262144,27657,11497,39526,16160,0.17112960123840854,0.29224707676664974,0.22532975324853496,0.4156994612575478
2085,1344,768,64,0,262144,17676,40,2861,17636,0.0019477041437405659,0.0038878359333236138,0.013788348845225784,0.0022629554197782305
2086,1344,768,128,1,163840,22,0,9600,22,0.0,0.0,0.0,0.0
2087,1344,832,0,1,262144,684,543,32613,141,0.016307775475268044,0.03209219858156028,0.016377126311979733,0.793859649122807
2088,1344,832,64,0,262144,58327,8655,51594,49672,0.07873836664513605,0.14598232357306706,0.14365383657820047,0.14838753921854372
2089,1344,832,128,1,163840,7394,882,5883,6512,0.06643066957897115,0.12458506956705982,0.1303769401330377,0.11928590749256153
2090,1344,896,0,1,262144,0,0,0,0,0.0,0.0,0.0,0.0
2091,1344,896,64,0,262144,16395,16183,27834,212,0.3658911573854258,0.5357544858637356,0.3676534066383443,0.9870692284232998
2092,1344,896,128,1,163840,29561,20668,42093,8893,0.2884416780640299,0.4477372673902212,0.32931278978983763,0.6991644396333007
2093,1344,960,0,1,262144,0,0,0,0,0.0,0.0,0.0,0.0
2094,1344,960,64,0,262144,0,0,0,0,0.0,0.0,0.0,0.0
2095,1344,960,128,1,163840,1118,655,3449,463,0.1434201883074228,0.25086173879739565,0.15960038986354777,0.5858676207513417
2096,1344,1024,0,1,262144,0,0,0,0,0.0,0.0,0.0,0.0
2097,1344,1024,64,0,262144,0,0,0,0,0.0,0.0,0.0,0.0
2098,1344,1024,128,1,163840,0,0,0,0,0.0,0.0,0.0,0.0
2099,1344,1088,0,1,262144,0,0,0,0,0.0,0.0,0.0,0.0
2100,1344,1088,64,0,262144,0,0,0,0,0.0,0.0,0.0,0.0
2101,1344,1088,128,1,163840,0,0,0,0,0.0,0.0,0.0,0.0
2102,1344,1152,0,1,262144,0,0,0,0,0.0,0.0,0.0,0.0
2103,1344,1152,64,0,262144,0,0,0,0,0.0,0.0,0.0,0.0
2104,1344,1152,128,1,163840,0,0,0,0,0.0,0.0,0.0,0.0
2105,1344,1216,0,1,262144,0,0,0,0,0.0,0.0,0.0,0.0
2106,1344,1216,64,0,262144,0,0,0,0,0.0,0.0,0.0,0.0
2107,1344,1216,128,1,163840,0,0,0,0,0.0,0.0,0.0,0.0
2108,1344,1280,0,1,262144,0,0,0,0,0.0,0.0,0.0,0.0
2109,1344,1280,64,0,262144,0,0,0,0,0.0,0.0,0.0,0.0
2110,1344,1280,128,1,163840,0,0,0,0,0.0,0.0,0.0,0.0
2111,1344,1344,0,1,262144,0,0,0,0,0.0,0.0,0.0,0.0
2112,1344,1344,64,0,262144,0,0,0,0,0.0,0.0,0.0,0.0
2113,1344,1344,128,1,163840,0,0,0,0,0.0,0.0,0.0,0.0
2114,1344,1408,0,1,262144,0,0,0,0,0.0,0.0,0.0,0.0
2115,1344,1408,64,0,262144,0,0,0,0,0.0,0.0,0.0,0.0
2116,1344,1408,128,1,163840,0,0,0,0,0.0,0.0,0.0,0.0
2117,1344,1472,0,1,262144,0,0,0,0,0.0,0.0,0.0,0.0
2118,1344,1472,64,0,262144,0,0,0,0,0.0,0.0,0.0,0.0
2119,1344,1472,128,1,163840,0,0,0,0,0.0,0.0,0.0,0.0
2120,1344,1536,0,1,262144,0,0,0,0,0.0,0.0,0.0,0.0
2121,1344,1536,64,0,262144,0,0,0,0,0.0,0.0,0.0,0.0
2122,1344,1536,128,1,163840,0,0,0,0,0.0,0.0,0.0,0.0
2123,1344,1600,0,1,262144,951,951,1245,0,0.43306010928961747,0.6043851286939943,0.43306010928961747,1.0
2124,1344,1600,64,0,262144,32154,29439,40639,2715,0.4044207547429011,0.5759253462712263,0.4200890436370901,0.9155626049636126
2125,1344,1600,128,1,163840,29464,7561,10772,21903,0.1879162938661895,0.31637968910182646,0.4124256804669176,0.2566182459951127
2126,1344,1664,0,1,262144,53831,26539,52600,27292,0.24935404158562824,0.39917274573212,0.33534666851994593,0.49300588880013374
2127,1344,1664,64,0,262144,46357,13319,11537,33038,0.2300583825612326,0.37406091584401724,0.5358464757000322,0.2873136743102444
2128,1344,1664,128,1,163840,433,0,0,433,0.0,0.0,0.0,0.0
2129,1344,1728,0,1,262144,1625,1619,4583,6,0.2607925257731959,0.4136961798901239,0.26104482425024184,0.9963076923076923
2130,1344,1728,64,0,262144,1412,513,454,899,0.27491961414790994,0.4312736443883985,0.5305067218200621,0.363314447592068
2131,1344,1728,128,1,163840,0,0,0,0,0.0,0.0,0.0,0.0
2132,1344,1792,0,1,262144,0,0,0,0,0.0,0.0,0.0,0.0
2133,1344,1792,64,0,262144,0,0,7029,0,0.0,0.0,0.0,0.0
2134,1344,1792,128,1,163840,0,0,0,0,0.0,0.0,0.0,0.0
2135,1344,1856,0,1,262144,0,0,42,0,0.0,0.0,0.0,0.0
2136,1344,1856,64,0,262144,6682,4729,11688,1953,0.2574305933587371,0.4094549547599463,0.28805506487177923,0.7077222388506436
2137,1344,1856,128,1,163840,0,0,0,0,0.0,0.0,0.0,0.0
2138,1344,1920,0,1,262144,45371,26876,26264,18495,0.37517973057862775,0.5456446488209439,0.5057583741061348,0.5923607590751802
2139,1344,1920,64,0,262144,43472,20204,52519,23268,0.2104780656519882,0.3477602306467576,0.2778213220026677,0.4647589252852411
2140,1344,1920,128,1,163840,21577,13898,11421,7679,0.42117704103278986,0.5927157966564313,0.5489158339586871,0.6441117856977338
2141,1344,1984,0,1,262144,0,0,0,0,0.0,0.0,0.0,0.0
2142,1344,1984,64,0,262144,0,0,9661,0,0.0,0.0,0.0,0.0
2143,1344,1984,128,1,163840,10832,9008,12194,1824,0.39120993659341613,0.5624024473996379,0.4248655787189888,0.8316100443131462
2144,1344,2048,0,1,262144,0,0,0,0,0.0,0.0,0.0,0.0
2145,1344,2048,64,0,262144,0,0,0,0,0.0,0.0,0.0,0.0
2146,1344,2048,128,1,163840,0,0,0,0,0.0,0.0,0.0,0.0
2147,1344,2112,0,1,262144,0,0,0,0,0.0,0.0,0.0,0.0
2148,1344,2112,64,0,262144,0,0,467,0,0.0,0.0,0.0,0.0
2149,1344,2112,128,1,163840,8528,2301,1896,6227,0.22074059861857254,0.3616502946954813,0.5482487491065047,0.2698170731707317
2150,1344,2176,0,1,262144,63450,5376,3160,58074,0.08070860231196517,0.14936237601755897,0.6298031865042174,0.08472813238770685
2151,1344,2176,64,0,262144,42560,23198,25219,19362,0.3422594018796382,0.5099750486386669,0.47912923146828595,0.5450657894736842
2152,1344,2176,128,1,163840,17960,14901,22686,3059,0.3666043399104463,0.5365186238680757,0.3964402586000479,0.8296770601336303
2153,1344,2240,0,1,262144,17918,7774,6160,10144,0.322867347786361,0.4881326133366822,0.5579158891919047,0.4338653867619154
2154,1344,2240,64,0,262144,25167,21070,12166,4097,0.564380039107492,0.7215382771432974,0.6339511373209773,0.8372074542059046
2155,1344,2240,128,1,163840,0,0,62,0,0.0,0.0,0.0,0.0
2156,1344,2304,0,1,262144,0,0,0,0,0.0,0.0,0.0,0.0
2157,1344,2304,64,0,262144,0,0,168,0,0.0,0.0,0.0,0.0
2158,1344,2304,128,1,163840,0,0,0,0,0.0,0.0,0.0,0.0
2159,1344,2368,0,1,262144,0,0,0,0,0.0,0.0,0.0,0.0
2160,1344,2368,64,0,262144,0,0,0,0,0.0,0.0,0.0,0.0
2161,1344,2368,128,1,163840,0,0,0,0,0.0,0.0,0.0,0.0
2162,1344,2432,0,1,262144,0,0,0,0,0.0,0.0,0.0,0.0
2163,1344,2432,64,0,262144,0,0,0,0,0.0,0.0,0.0,0.0
2164,1344,2432,128,1,163840,0,0,0,0,0.0,0.0,0.0,0.0
2165,1344,2496,0,1,216384,0,0,69,0,0.0,0.0,0.0,0.0
2166,1344,2496,64,0,262144,0,0,0,0,0.0,0.0,0.0,0.0
2167,1344,2496,128,1,163840,0,0,0,0,0.0,0.0,0.0,0.0
2168,1344,2560,0,1,65427,0,0,22,0,0.0,0.0,0.0,0.0
2169,1344,2560,64,0,254080,0,0,9,0,0.0,0.0,0.0,0.0
2170,1344,2560,128,1,163840,0,0,0,0,0.0,0.0,0.0,0.0
2171,1344,2624,0,1,192,0,0,0,0,0.0,0.0,0.0,0.0
2172,1344,2624,64,0,149120,0,0,61,0,0.0,0.0,0.0,0.0
2173,1344,2624,128,1,163840,0,0,0,0,0.0,0.0,0.0,0.0
2174,1344,2688,64,0,4013,0,0,0,0,0.0,0.0,0.0,0.0
2175,1344,2688,128,1,129803,0,0,0,0,0.0,0.0,0.0,0.0
2176,1344,2752,128,1,10024,0,0,0,0,0.0,0.0,0.0,0.0
2177,1408,0,0,1,242496,0,0,0,0,0.0,0.0,0.0,0.0
2178,1408,0,64,1,244864,0,0,0,0,0.0,0.0,0.0,0.0
2179,1408,0,128,1,151168,0,0,0,0,0.0,0.0,0.0,0.0
2180,1408,64,0,1,262144,0,0,0,0,0.0,0.0,0.0,0.0
2181,1408,64,64,0,262144,0,0,0,0,0.0,0.0,0.0,0.0
2182,1408,64,128,1,163840,0,0,0,0,0.0,0.0,0.0,0.0
2183,1408,128,0,1,262144,0,0,0,0,0.0,0.0,0.0,0.0
2184,1408,128,64,0,262144,0,0,320,0,0.0,0.0,0.0,0.0
2185,1408,128,128,1,163840,0,0,0,0,0.0,0.0,0.0,0.0
2186,1408,192,0,1,262144,0,0,0,0,0.0,0.0,0.0,0.0
2187,1408,192,64,0,262144,0,0,0,0,0.0,0.0,0.0,0.0
2188,1408,192,128,1,163840,0,0,0,0,0.0,0.0,0.0,0.0
2189,1408,256,0,1,262144,0,0,0,0,0.0,0.0,0.0,0.0
2190,1408,256,64,0,262144,0,0,0,0,0.0,0.0,0.0,0.0
2191,1408,256,128,1,163840,0,0,0,0,0.0,0.0,0.0,0.0
2192,1408,320,0,1,262144,0,0,0,0,0.0,0.0,0.0,0.0
2193,1408,320,64,0,262144,0,0,0,0,0.0,0.0,0.0,0.0
2194,1408,320,128,1,163840,0,0,362,0,0.0,0.0,0.0,0.0
2195,1408,384,0,1,262144,0,0,0,0,0.0,0.0,0.0,0.0
2196,1408,384,64,0,262144,0,0,0,0,0.0,0.0,0.0,0.0
2197,1408,384,128,1,163840,0,0,606,0,0.0,0.0,0.0,0.0
2198,1408,448,0,1,262144,0,0,0,0,0.0,0.0,0.0,0.0
2199,1408,448,64,0,262144,0,0,0,0,0.0,0.0,0.0,0.0
2200,1408,448,128,1,163840,0,0,610,0,0.0,0.0,0.0,0.0
2201,1408,512,0,1,262144,0,0,0,0,0.0,0.0,0.0,0.0
2202,1408,512,64,0,262144,0,0,13,0,0.0,0.0,0.0,0.0
2203,1408,512,128,1,163840,0,0,0,0,0.0,0.0,0.0,0.0
2204,1408,576,0,1,262144,0,0,0,0,0.0,0.0,0.0,0.0
2205,1408,576,64,0,262144,0,0,0,0,0.0,0.0,0.0,0.0
2206,1408,576,128,1,163840,0,0,0,0,0.0,0.0,0.0,0.0
2207,1408,640,0,1,262144,0,0,0,0,0.0,0.0,0.0,0.0
2208,1408,640,64,0,262144,0,0,0,0,0.0,0.0,0.0,0.0
2209,1408,640,128,1,163840,0,0,0,0,0.0,0.0,0.0,0.0
2210,1408,704,0,1,262144,6114,0,0,6114,0.0,0.0,0.0,0.0
2211,1408,704,64,0,262144,0,0,0,0,0.0,0.0,0.0,0.0
2212,1408,704,128,1,163840,0,0,0,0,0.0,0.0,0.0,0.0
2213,1408,768,0,1,262144,26063,1319,2334,24744,0.04644856851075818,0.08877372459281195,0.36107309061045717,0.05060814181022906
2214,1408,768,64,0,262144,2,0,0,2,0.0,0.0,0.0,0.0
2215,1408,768,128,1,163840,0,0,286,0,0.0,0.0,0.0,0.0
2216,1408,832,0,1,262144,22231,7974,36066,14257,0.13678233871382747,0.24064824734801044,0.18106267029972753,0.3586883181143448
2217,1408,832,64,0,262144,19718,2672,10883,17046,0.0873174079278455,0.1606107053767319,0.19712283290298782,0.13551070088244244
2218,1408,832,128,1,163840,397,0,749,397,0.0,0.0,0.0,0.0
2219,1408,896,0,1,262144,128,2,177,126,0.006557377049180328,0.013029315960912053,0.0111731843575419,0.015625
2220,1408,896,64,0,262144,45520,16114,35015,29406,0.20008691873098652,0.3334540450496125,0.31516360578145475,0.35399824253075574
2221,1408,896,128,1,163840,8059,4307,6254,3752,0.30091525186893037,0.46262083780880775,0.40782122905027934,0.5344335525499442
2222,1408,960,0,1,262144,0,0,0,0,0.0,0.0,0.0,0.0
2223,1408,960,64,0,262144,1855,1833,4374,22,0.2942687429764007,0.4547258744728355,0.29531174480425326,0.9881401617250674
2224,1408,960,128,1,163840,24665,18967,16078,5698,0.46552782072994137,0.6353039691843912,0.5412184334427165,0.7689843908372187
2225,1408,1024,0,1,262144,0,0,0,0,0.0,0.0,0.0,0.0
2226,1408,1024,64,0,262144,0,0,0,0,0.0,0.0,0.0,0.0
2227,1408,1024,128,1,163840,0,0,0,0,0.0,0.0,0.0,0.0
2228,1408,1088,0,1,262144,0,0,0,0,0.0,0.0,0.0,0.0
2229,1408,1088,64,0,262144,0,0,0,0,0.0,0.0,0.0,0.0
2230,1408,1088,128,1,163840,0,0,0,0,0.0,0.0,0.0,0.0
2231,1408,1152,0,1,262144,0,0,0,0,0.0,0.0,0.0,0.0
2232,1408,1152,64,0,262144,0,0,0,0,0.0,0.0,0.0,0.0
2233,1408,1152,128,1,163840,0,0,343,0,0.0,0.0,0.0,0.0
2234,1408,1216,0,1,262144,0,0,0,0,0.0,0.0,0.0,0.0
2235,1408,1216,64,0,262144,0,0,0,0,0.0,0.0,0.0,0.0
2236,1408,1216,128,1,163840,0,0,0,0,0.0,0.0,0.0,0.0
2237,1408,1280,0,1,262144,0,0,0,0,0.0,0.0,0.0,0.0
2238,1408,1280,64,0,262144,0,0,0,0,0.0,0.0,0.0,0.0
2239,1408,1280,128,1,163840,0,0,0,0,0.0,0.0,0.0,0.0
2240,1408,1344,0,1,262144,0,0,0,0,0.0,0.0,0.0,0.0
2241,1408,1344,64,0,262144,0,0,0,0,0.0,0.0,0.0,0.0
2242,1408,1344,128,1,163840,0,0,0,0,0.0,0.0,0.0,0.0
2243,1408,1408,0,1,262144,0,0,0,0,0.0,0.0,0.0,0.0
2244,1408,1408,64,0,262144,0,0,0,0,0.0,0.0,0.0,0.0
2245,1408,1408,128,1,163840,0,0,0,0,0.0,0.0,0.0,0.0
2246,1408,1472,0,1,262144,0,0,0,0,0.0,0.0,0.0,0.0
2247,1408,1472,64,0,262144,0,0,0,0,0.0,0.0,0.0,0.0
2248,1408,1472,128,1,163840,0,0,0,0,0.0,0.0,0.0,0.0
2249,1408,1536,0,1,262144,0,0,0,0,0.0,0.0,0.0,0.0
2250,1408,1536,64,0,262144,0,0,0,0,0.0,0.0,0.0,0.0
2251,1408,1536,128,1,163840,0,0,0,0,0.0,0.0,0.0,0.0
2252,1408,1600,0,1,262144,0,0,0,0,0.0,0.0,0.0,0.0
2253,1408,1600,64,0,262144,2501,271,1168,2230,0.07386208776233306,0.13756345177664975,0.1883252258512856,0.10835665733706518
2254,1408,1600,128,1,163840,14770,4617,2543,10153,0.2666782186796049,0.4210670314637483,0.6448324022346369,0.3125930941096818
2255,1408,1664,0,1,262144,24917,6027,8661,18890,0.17949252486747275,0.30435551066784494,0.4103349673202614,0.2418830517317494
2256,1408,1664,64,0,262144,34664,2403,26605,32261,0.03922048670616462,0.07548058801356955,0.0828392167677882,0.06932264020309255
2257,1408,1664,128,1,163840,4497,0,139,4497,0.0,0.0,0.0,0.0
2258,1408,1728,0,1,262144,22732,14386,22645,8346,0.31703285805584325,0.4814350015896123,0.38848532310766654,0.6328523667077248
2259,1408,1728,64,0,262144,14236,9407,3441,4829,0.5321604344628613,0.6946536700635061,0.7321762141967622,0.6607895476257376
2260,1408,1728,128,1,163840,0,0,0,0,0.0,0.0,0.0,0.0
2261,1408,1792,0,1,262144,0,0,0,0,0.0,0.0,0.0,0.0
2262,1408,1792,64,0,262144,214,0,7212,214,0.0,0.0,0.0,0.0
2263,1408,1792,128,1,163840,0,0,0,0,0.0,0.0,0.0,0.0
2264,1408,1856,0,1,262144,4818,560,1625,4258,0.08691603290392674,0.15993145794659433,0.2562929061784897,0.11623080116230801
2265,1408,1856,64,0,262144,42519,12854,20036,29665,0.20548317480617057,0.3409142144836823,0.3908178777743995,0.3023119076177709
2266,1408,1856,128,1,163840,7650,2842,2334,4808,0.28465544871794873,0.44316232652424764,0.5490726429675425,0.3715032679738562
2267,1408,1920,0,1,262144,26193,10114,7893,16079,0.2967200610221205,0.4576470588235294,0.5616704614871995,0.3861336998434696
2268,1408,1920,64,0,262144,8248,1630,16880,6618,0.064867876472461,0.12183272292398535,0.08806050783360346,0.19762366634335596
2269,1408,1920,128,1,163840,24808,8808,11197,16000,0.24463268990417997,0.3931002164550465,0.44028992751812046,0.3550467591099645
2270,1408,1984,0,1,262144,0,0,0,0,0.0,0.0,0.0,0.0
2271,1408,1984,64,0,262144,0,0,18031,0,0.0,0.0,0.0,0.0
2272,1408,1984,128,1,163840,54,13,2257,41,0.005625270445694505,0.011187607573149742,0.005726872246696035,0.24074074074074073
2273,1408,2048,0,1,262144,0,0,0,0,0.0,0.0,0.0,0.0
2274,1408,2048,64,0,262144,0,0,0,0,0.0,0.0,0.0,0.0
2275,1408,2048,128,1,163840,0,0,0,0,0.0,0.0,0.0,0.0
2276,1408,2112,0,1,262144,0,0,0,0,0.0,0.0,0.0,0.0
2277,1408,2112,64,0,262144,0,0,0,0,0.0,0.0,0.0,0.0
2278,1408,2112,128,1,163840,3540,199,178,3341,0.05352339967724583,0.10160837375542507,0.5278514588859416,0.05621468926553672
2279,1408,2176,0,1,262144,32399,1265,3014,31134,0.035721345268686644,0.06897867931730192,0.29562982005141386,0.039044414951078736
2280,1408,2176,64,0,262144,44155,12274,15015,31881,0.207436200777421,0.34359778287889814,0.4497782989482942,0.2779753142339486
2281,1408,2176,128,1,163840,14656,8784,17858,5872,0.270160546226241,0.42539590294929536,0.329704977103821,0.5993449781659389
2282,1408,2240,0,1,262144,5513,0,0,5513,0.0,0.0,0.0,0.0
2283,1408,2240,64,0,262144,10042,9144,15954,898,0.35174642252654253,0.5204325554923165,0.3643318192684676,0.9105755825532762
2284,1408,2240,128,1,163840,0,0,0,0,0.0,0.0,0.0,0.0
2285,1408,2304,0,1,262144,0,0,0,0,0.0,0.0,0.0,0.0
2286,1408,2304,64,0,262144,0,0,0,0,0.0,0.0,0.0,0.0
2287,1408,2304,128,1,163840,0,0,0,0,0.0,0.0,0.0,0.0
2288,1408,2368,0,1,262144,0,0,0,0,0.0,0.0,0.0,0.0
2289,1408,2368,64,0,262144,0,0,0,0,0.0,0.0,0.0,0.0
2290,1408,2368,128,1,163840,0,0,0,0,0.0,0.0,0.0,0.0
2291,1408,2432,0,1,262144,0,0,0,0,0.0,0.0,0.0,0.0
2292,1408,2432,64,0,262144,0,0,0,0,0.0,0.0,0.0,0.0
2293,1408,2432,128,1,163840,0,0,0,0,0.0,0.0,0.0,0.0
2294,1408,2496,0,1,202134,0,0,130,0,0.0,0.0,0.0,0.0
2295,1408,2496,64,0,262144,0,0,0,0,0.0,0.0,0.0,0.0
2296,1408,2496,128,1,163840,0,0,0,0,0.0,0.0,0.0,0.0
2297,1408,2560,0,1,49008,0,0,38,0,0.0,0.0,0.0,0.0
2298,1408,2560,64,0,248421,0,0,11,0,0.0,0.0,0.0,0.0
2299,1408,2560,128,1,163840,0,0,0,0,0.0,0.0,0.0,0.0
2300,1408,2624,0,1,31,0,0,0,0,0.0,0.0,0.0,0.0
2301,1408,2624,64,0,128976,0,0,80,0,0.0,0.0,0.0,0.0
2302,1408,2624,128,1,163840,0,0,0,0,0.0,0.0,0.0,0.0
2303,1408,2688,64,0,1465,0,0,0,0,0.0,0.0,0.0,0.0
2304,1408,2688,128,1,117250,0,0,0,0,0.0,0.0,0.0,0.0
2305,1408,2752,128,1,3270,0,0,0,0,0.0,0.0,0.0,0.0
2306,1472,0,0,1,81790,0,0,88,0,0.0,0.0,0.0,0.0
2307,1472,0,64,1,85865,0,0,0,0,0.0,0.0,0.0,0.0
2308,1472,0,128,1,58031,0,0,0,0,0.0,0.0,0.0,0.0
2309,1472,64,0,1,121572,0,0,0,0,0.0,0.0,0.0,0.0
2310,1472,64,64,1,122517,0,0,0,0,0.0,0.0,0.0,0.0
2311,1472,64,128,1,77151,0,0,0,0,0.0,0.0,0.0,0.0
2312,1472,128,0,1,123404,0,0,0,0,0.0,0.0,0.0,0.0
2313,1472,128,64,1,128531,0,0,0,0,0.0,0.0,0.0,0.0
2314,1472,128,128,1,80598,0,0,0,0,0.0,0.0,0.0,0.0
2315,1472,192,0,1,124582,0,0,0,0,0.0,0.0,0.0,0.0
2316,1472,192,64,1,125737,0,0,0,0,0.0,0.0,0.0,0.0
2317,1472,192,128,1,77899,0,0,0,0,0.0,0.0,0.0,0.0
2318,1472,256,0,1,120599,0,0,0,0,0.0,0.0,0.0,0.0
2319,1472,256,64,1,118606,0,0,0,0,0.0,0.0,0.0,0.0
2320,1472,256,128,1,78986,0,0,0,0,0.0,0.0,0.0,0.0
2321,1472,320,0,1,127780,0,0,0,0,0.0,0.0,0.0,0.0
2322,1472,320,64,1,124700,0,0,0,0,0.0,0.0,0.0,0.0
2323,1472,320,128,1,74371,0,0,0,0,0.0,0.0,0.0,0.0
2324,1472,384,0,1,129108,0,0,0,0,0.0,0.0,0.0,0.0
2325,1472,384,64,1,128835,0,0,0,0,0.0,0.0,0.0,0.0
2326,1472,384,128,1,78352,0,0,146,0,0.0,0.0,0.0,0.0
2327,1472,448,0,1,131146,0,0,0,0,0.0,0.0,0.0,0.0
2328,1472,448,64,1,127514,0,0,0,0,0.0,0.0,0.0,0.0
2329,1472,448,128,1,82146,0,0,120,0,0.0,0.0,0.0,0.0
2330,1472,512,0,1,124819,0,0,0,0,0.0,0.0,0.0,0.0
2331,1472,512,64,1,125196,0,0,0,0,0.0,0.0,0.0,0.0
2332,1472,512,128,1,78564,0,0,0,0,0.0,0.0,0.0,0.0
2333,1472,576,0,1,125211,0,0,0,0,0.0,0.0,0.0,0.0
2334,1472,576,64,1,125746,0,0,0,0,0.0,0.0,0.0,0.0
2335,1472,576,128,1,77991,0,0,286,0,0.0,0.0,0.0,0.0
2336,1472,640,0,1,125635,0,0,0,0,0.0,0.0,0.0,0.0
2337,1472,640,64,1,123248,0,0,0,0,0.0,0.0,0.0,0.0
2338,1472,640,128,1,78838,0,0,109,0,0.0,0.0,0.0,0.0
2339,1472,704,0,1,124930,456,0,0,456,0.0,0.0,0.0,0.0
2340,1472,704,64,1,125798,0,0,0,0,0.0,0.0,0.0,0.0
2341,1472,704,128,1,77175,0,0,85,0,0.0,0.0,0.0,0.0
2342,1472,768,0,1,124346,7029,0,0,7029,0.0,0.0,0.0,0.0
2343,1472,768,64,1,126635,0,0,0,0,0.0,0.0,0.0,0.0
2344,1472,768,128,1,77705,0,0,711,0,0.0,0.0,0.0,0.0
2345,1472,832,0,1,124579,13141,0,0,13141,0.0,0.0,0.0,0.0
2346,1472,832,64,1,124036,0,0,0,0,0.0,0.0,0.0,0.0
2347,1472,832,128,1,78480,0,0,142,0,0.0,0.0,0.0,0.0
2348,1472,896,0,1,131938,5666,0,0,5666,0.0,0.0,0.0,0.0
2349,1472,896,64,1,127298,15210,353,87,14857,0.023076420213113683,0.04511182108626198,0.8022727272727272,0.023208415516107823
2350,1472,896,128,1,77174,0,0,0,0,0.0,0.0,0.0,0.0
2351,1472,960,0,1,121017,0,0,0,0,0.0,0.0,0.0,0.0
2352,1472,960,64,1,125787,9292,4455,5675,4837,0.29765484064942876,0.458758109360519,0.4397828232971372,0.47944468359879466
2353,1472,960,128,1,77595,14359,5220,3152,9139,0.29809833818742504,0.45928467731292066,0.6235069278547539,0.3635350651159551
2354,1472,1024,0,1,124512,0,0,0,0,0.0,0.0,0.0,0.0
2355,1472,1024,64,1,122908,0,0,0,0,0.0,0.0,0.0,0.0
2356,1472,1024,128,1,79855,6,0,51,6,0.0,0.0,0.0,0.0
2357,1472,1088,0,1,127447,0,0,0,0,0.0,0.0,0.0,0.0
2358,1472,1088,64,1,124978,0,0,77,0,0.0,0.0,0.0,0.0
2359,1472,1088,128,1,75401,0,0,0,0,0.0,0.0,0.0,0.0
2360,1472,1152,0,1,123463,0,0,0,0,0.0,0.0,0.0,0.0
2361,1472,1152,64,1,123022,0,0,0,0,0.0,0.0,0.0,0.0
2362,1472,1152,128,1,76893,0,0,2003,0,0.0,0.0,0.0,0.0
2363,1472,1216,0,1,124089,0,0,0,0,0.0,0.0,0.0,0.0
2364,1472,1216,64,1,124045,0,0,0,0,0.0,0.0,0.0,0.0
2365,1472,1216,128,1,78990,0,0,0,0,0.0,0.0,0.0,0.0
2366,1472,1280,0,1,123699,0,0,0,0,0.0,0.0,0.0,0.0
2367,1472,1280,64,1,129274,0,0,0,0,0.0,0.0,0.0,0.0
2368,1472,1280,128,1,80159,0,0,0,0,0.0,0.0,0.0,0.0
2369,1472,1344,0,1,122301,0,0,0,0,0.0,0.0,0.0,0.0
2370,1472,1344,64,1,125021,0,0,0,0,0.0,0.0,0.0,0.0
2371,1472,1344,128,1,77881,0,0,0,0,0.0,0.0,0.0,0.0
2372,1472,1408,0,1,124277,0,0,0,0,0.0,0.0,0.0,0.0
2373,1472,1408,64,1,126737,0,0,0,0,0.0,0.0,0.0,0.0
2374,1472,1408,128,1,77520,0,0,0,0,0.0,0.0,0.0,0.0
2375,1472,1472,0,1,128539,0,0,0,0,0.0,0.0,0.0,0.0
2376,1472,1472,64,1,124432,0,0,0,0,0.0,0.0,0.0,0.0
2377,1472,1472,128,1,78077,0,0,0,0,0.0,0.0,0.0,0.0
2378,1472,1536,0,1,124714,0,0,0,0,0.0,0.0,0.0,0.0
2379,1472,1536,64,1,122689,0,0,0,0,0.0,0.0,0.0,0.0
2380,1472,1536,128,1,79178,0,0,0,0,0.0,0.0,0.0,0.0
2381,1472,1600,0,1,123864,0,0,0,0,0.0,0.0,0.0,0.0
2382,1472,1600,64,1,126738,0,0,0,0,0.0,0.0,0.0,0.0
2383,1472,1600,128,1,79271,0,0,0,0,0.0,0.0,0.0,0.0
2384,1472,1664,0,1,123941,1274,0,0,1274,0.0,0.0,0.0,0.0
2385,1472,1664,64,1,123584,494,0,0,494,0.0,0.0,0.0,0.0
2386,1472,1664,128,1,79861,0,0,0,0,0.0,0.0,0.0,0.0
2387,1472,1728,0,1,125709,7867,0,0,7867,0.0,0.0,0.0,0.0
2388,1472,1728,64,1,127257,50,0,0,50,0.0,0.0,0.0,0.0
2389,1472,1728,128,1,77102,0,0,0,0,0.0,0.0,0.0,0.0
2390,1472,1792,0,1,128536,0,0,0,0,0.0,0.0,0.0,0.0
2391,1472,1792,64,1,126530,2233,0,0,2233,0.0,0.0,0.0,0.0
2392,1472,1792,128,1,78399,0,0,0,0,0.0,0.0,0.0,0.0
2393,1472,1856,0,1,124258,1340,0,0,1340,0.0,0.0,0.0,0.0
2394,1472,1856,64,1,122713,16989,0,0,16989,0.0,0.0,0.0,0.0
2395,1472,1856,128,1,78311,10903,0,0,10903,0.0,0.0,0.0,0.0
2396,1472,1920,0,1,119674,0,0,0,0,0.0,0.0,0.0,0.0
2397,1472,1920,64,1,120946,0,0,2,0,0.0,0.0,0.0,0.0
2398,1472,1920,128,1,77310,1367,0,0,1367,0.0,0.0,0.0,0.0
2399,1472,1984,0,1,129940,0,0,0,0,0.0,0.0,0.0,0.0
2400,1472,1984,64,1,126421,0,0,0,0,0.0,0.0,0.0,0.0
2401,1472,1984,128,1,78561,0,0,0,0,0.0,0.0,0.0,0.0
2402,1472,2048,0,1,118141,0,0,0,0,0.0,0.0,0.0,0.0
2403,1472,2048,64,1,120052,0,0,0,0,0.0,0.0,0.0,0.0
2404,1472,2048,128,1,76877,0,0,0,0,0.0,0.0,0.0,0.0
2405,1472,2112,0,1,119241,0,0,0,0,0.0,0.0,0.0,0.0
2406,1472,2112,64,1,117204,0,0,0,0,0.0,0.0,0.0,0.0
2407,1472,2112,128,1,76625,34,0,0,34,0.0,0.0,0.0,0.0
2408,1472,2176,0,1,126342,3790,0,0,3790,0.0,0.0,0.0,0.0
2409,1472,2176,64,1,130268,12180,0,0,12180,0.0,0.0,0.0,0.0
2410,1472,2176,128,1,78167,863,0,0,863,0.0,0.0,0.0,0.0
2411,1472,2240,0,1,118246,0,0,0,0,0.0,0.0,0.0,0.0
2412,1472,2240,64,1,119451,0,0,0,0,0.0,0.0,0.0,0.0
2413,1472,2240,128,1,76905,0,0,0,0,0.0,0.0,0.0,0.0
2414,1472,2304,0,1,123170,0,0,0,0,0.0,0.0,0.0,0.0
2415,1472,2304,64,1,118144,0,0,0,0,0.0,0.0,0.0,0.0
2416,1472,2304,128,1,76323,0,0,0,0,0.0,0.0,0.0,0.0
2417,1472,2368,0,1,120792,0,0,0,0,0.0,0.0,0.0,0.0
2418,1472,2368,64,1,120987,0,0,0,0,0.0,0.0,0.0,0.0
2419,1472,2368,128,1,74600,0,0,0,0,0.0,0.0,0.0,0.0
2420,1472,2432,0,1,117030,0,0,0,0,0.0,0.0,0.0,0.0
2421,1472,2432,64,1,123803,0,0,0,0,0.0,0.0,0.0,0.0
2422,1472,2432,128,1,76275,0,0,115,0,0.0,0.0,0.0,0.0
2423,1472,2496,0,1,78548,0,0,0,0,0.0,0.0,0.0,0.0
2424,1472,2496,64,1,121166,0,0,0,0,0.0,0.0,0.0,0.0
2425,1472,2496,128,1,78817,0,0,0,0,0.0,0.0,0.0,0.0
2426,1472,2560,0,1,13467,0,0,0,0,0.0,0.0,0.0,0.0
2427,1472,2560,64,1,105897,0,0,0,0,0.0,0.0,0.0,0.0
2428,1472,2560,128,1,74760,0,0,0,0,0.0,0.0,0.0,0.0
2429,1472,2624,64,1,41018,0,0,0,0,0.0,0.0,0.0,0.0
2430,1472,2624,128,1,75291,0,0,0,0,0.0,0.0,0.0,0.0
2431,1472,2688,64,1,106,0,0,0,0,0.0,0.0,0.0,0.0
2432,1472,2688,128,1,39959,0,0,0,0,0.0,0.0,0.0,0.0
