index,z,y,x,padded_context,valid,positive,tp,fp,fn,iou,dice,precision,recall
0,320,0,0,1,18628,0,0,836,0,0.0,0.0,0.0,0.0
1,320,64,0,1,66461,0,0,0,0,0.0,0.0,0.0,0.0
2,320,64,64,0,50638,0,0,0,0,0.0,0.0,0.0,0.0
3,320,64,128,1,31451,0,0,0,0,0.0,0.0,0.0,0.0
4,320,128,0,1,212550,0,0,0,0,0.0,0.0,0.0,0.0
5,320,128,64,0,212541,0,0,0,0,0.0,0.0,0.0,0.0
6,320,128,128,1,132244,0,0,0,0,0.0,0.0,0.0,0.0
7,320,192,0,1,212971,0,0,0,0,0.0,0.0,0.0,0.0
8,320,192,64,0,212951,0,0,0,0,0.0,0.0,0.0,0.0
9,320,192,128,1,132343,0,0,0,0,0.0,0.0,0.0,0.0
10,320,256,0,1,212936,0,0,0,0,0.0,0.0,0.0,0.0
11,320,256,64,0,213371,0,0,0,0,0.0,0.0,0.0,0.0
12,320,256,128,1,132560,0,0,0,0,0.0,0.0,0.0,0.0
13,320,320,0,1,213768,0,0,0,0,0.0,0.0,0.0,0.0
14,320,320,64,0,213380,0,0,0,0,0.0,0.0,0.0,0.0
15,320,320,128,1,132766,0,0,0,0,0.0,0.0,0.0,0.0
16,320,384,0,1,213931,0,0,0,0,0.0,0.0,0.0,0.0
17,320,384,64,0,213560,0,0,0,0,0.0,0.0,0.0,0.0
18,320,384,128,1,133153,0,0,0,0,0.0,0.0,0.0,0.0
19,320,448,0,1,213978,0,0,0,0,0.0,0.0,0.0,0.0
20,320,448,64,0,213495,0,0,0,0,0.0,0.0,0.0,0.0
21,320,448,128,1,133944,0,0,0,0,0.0,0.0,0.0,0.0
22,320,512,0,1,213662,0,0,0,0,0.0,0.0,0.0,0.0
23,320,512,64,0,213035,0,0,0,0,0.0,0.0,0.0,0.0
24,320,512,128,1,134095,0,0,0,0,0.0,0.0,0.0,0.0
25,320,576,0,1,214240,0,0,0,0,0.0,0.0,0.0,0.0
26,320,576,64,0,213777,0,0,0,0,0.0,0.0,0.0,0.0
27,320,576,128,1,133660,0,0,0,0,0.0,0.0,0.0,0.0
28,320,640,0,1,213905,0,0,0,0,0.0,0.0,0.0,0.0
29,320,640,64,0,213296,0,0,0,0,0.0,0.0,0.0,0.0
30,320,640,128,1,133975,0,0,0,0,0.0,0.0,0.0,0.0
31,320,704,0,1,213934,0,0,0,0,0.0,0.0,0.0,0.0
32,320,704,64,0,213151,0,0,0,0,0.0,0.0,0.0,0.0
33,320,704,128,1,133753,0,0,0,0,0.0,0.0,0.0,0.0
34,320,768,0,1,214184,0,0,0,0,0.0,0.0,0.0,0.0
35,320,768,64,0,213604,0,0,0,0,0.0,0.0,0.0,0.0
36,320,768,128,1,133469,0,0,0,0,0.0,0.0,0.0,0.0
37,320,832,0,1,214361,0,0,0,0,0.0,0.0,0.0,0.0
38,320,832,64,0,214006,0,0,0,0,0.0,0.0,0.0,0.0
39,320,832,128,1,134191,0,0,0,0,0.0,0.0,0.0,0.0
40,320,896,0,1,214202,0,0,0,0,0.0,0.0,0.0,0.0
41,320,896,64,0,214207,0,0,0,0,0.0,0.0,0.0,0.0
42,320,896,128,1,134193,0,0,0,0,0.0,0.0,0.0,0.0
43,320,960,0,1,214308,0,0,0,0,0.0,0.0,0.0,0.0
44,320,960,64,0,214420,0,0,0,0,0.0,0.0,0.0,0.0
45,320,960,128,1,134290,0,0,0,0,0.0,0.0,0.0,0.0
46,320,1024,0,1,213853,0,0,0,0,0.0,0.0,0.0,0.0
47,320,1024,64,0,214086,0,0,0,0,0.0,0.0,0.0,0.0
48,320,1024,128,1,134482,0,0,0,0,0.0,0.0,0.0,0.0
49,320,1088,0,1,213600,0,0,0,0,0.0,0.0,0.0,0.0
50,320,1088,64,0,214097,0,0,0,0,0.0,0.0,0.0,0.0
51,320,1088,128,1,134344,0,0,0,0,0.0,0.0,0.0,0.0
52,320,1152,0,1,214241,0,0,0,0,0.0,0.0,0.0,0.0
53,320,1152,64,0,214420,0,0,0,0,0.0,0.0,0.0,0.0
54,320,1152,128,1,134183,0,0,0,0,0.0,0.0,0.0,0.0
55,320,1216,0,1,214142,0,0,0,0,0.0,0.0,0.0,0.0
56,320,1216,64,0,214645,0,0,0,0,0.0,0.0,0.0,0.0
57,320,1216,128,1,134157,0,0,0,0,0.0,0.0,0.0,0.0
58,320,1280,0,1,214333,0,0,0,0,0.0,0.0,0.0,0.0
59,320,1280,64,0,214988,0,0,0,0,0.0,0.0,0.0,0.0
60,320,1280,128,1,134460,0,0,0,0,0.0,0.0,0.0,0.0
61,320,1344,0,1,214342,0,0,0,0,0.0,0.0,0.0,0.0
62,320,1344,64,0,215060,0,0,0,0,0.0,0.0,0.0,0.0
63,320,1344,128,1,134379,0,0,0,0,0.0,0.0,0.0,0.0
64,320,1408,0,1,214325,0,0,0,0,0.0,0.0,0.0,0.0
65,320,1408,64,0,215122,0,0,0,0,0.0,0.0,0.0,0.0
66,320,1408,128,1,134561,0,0,0,0,0.0,0.0,0.0,0.0
67,320,1472,0,1,214572,0,0,0,0,0.0,0.0,0.0,0.0
68,320,1472,64,0,215012,0,0,0,0,0.0,0.0,0.0,0.0
69,320,1472,128,1,134433,0,0,0,0,0.0,0.0,0.0,0.0
70,320,1536,0,1,214824,0,0,0,0,0.0,0.0,0.0,0.0
71,320,1536,64,0,215084,0,0,0,0,0.0,0.0,0.0,0.0
72,320,1536,128,1,134331,0,0,0,0,0.0,0.0,0.0,0.0
73,320,1600,0,1,214856,0,0,0,0,0.0,0.0,0.0,0.0
74,320,1600,64,0,215525,0,0,0,0,0.0,0.0,0.0,0.0
75,320,1600,128,1,134566,0,0,0,0,0.0,0.0,0.0,0.0
76,320,1664,0,1,215528,0,0,0,0,0.0,0.0,0.0,0.0
77,320,1664,64,0,215165,0,0,0,0,0.0,0.0,0.0,0.0
78,320,1664,128,1,134436,0,0,0,0,0.0,0.0,0.0,0.0
79,320,1728,0,1,215261,0,0,0,0,0.0,0.0,0.0,0.0
80,320,1728,64,0,215532,0,0,0,0,0.0,0.0,0.0,0.0
81,320,1728,128,1,134181,0,0,0,0,0.0,0.0,0.0,0.0
82,320,1792,0,1,215472,0,0,0,0,0.0,0.0,0.0,0.0
83,320,1792,64,0,215757,0,0,0,0,0.0,0.0,0.0,0.0
84,320,1792,128,1,134424,0,0,0,0,0.0,0.0,0.0,0.0
85,320,1856,0,1,215697,0,0,0,0,0.0,0.0,0.0,0.0
86,320,1856,64,0,215526,0,0,0,0,0.0,0.0,0.0,0.0
87,320,1856,128,1,134378,0,0,0,0,0.0,0.0,0.0,0.0
88,320,1920,0,1,215274,0,0,0,0,0.0,0.0,0.0,0.0
89,320,1920,64,0,216135,0,0,0,0,0.0,0.0,0.0,0.0
90,320,1920,128,1,134419,0,0,0,0,0.0,0.0,0.0,0.0
91,320,1984,0,1,215513,0,0,0,0,0.0,0.0,0.0,0.0
92,320,1984,64,0,215720,0,0,0,0,0.0,0.0,0.0,0.0
93,320,1984,128,1,134706,0,0,0,0,0.0,0.0,0.0,0.0
94,320,2048,0,1,215425,0,0,0,0,0.0,0.0,0.0,0.0
95,320,2048,64,0,215670,0,0,1,0,0.0,0.0,0.0,0.0
96,320,2048,128,1,134626,0,0,0,0,0.0,0.0,0.0,0.0
97,320,2112,0,1,215631,0,0,0,0,0.0,0.0,0.0,0.0
98,320,2112,64,0,215678,0,0,0,0,0.0,0.0,0.0,0.0
99,320,2112,128,1,134545,0,0,0,0,0.0,0.0,0.0,0.0
100,320,2176,0,1,215392,0,0,0,0,0.0,0.0,0.0,0.0
101,320,2176,64,0,215996,0,0,0,0,0.0,0.0,0.0,0.0
102,320,2176,128,1,134535,0,0,0,0,0.0,0.0,0.0,0.0
103,320,2240,0,1,215773,0,0,0,0,0.0,0.0,0.0,0.0
104,320,2240,64,0,215695,0,0,0,0,0.0,0.0,0.0,0.0
105,320,2240,128,1,134693,0,0,0,0,0.0,0.0,0.0,0.0
106,320,2304,0,1,215552,0,0,0,0,0.0,0.0,0.0,0.0
107,320,2304,64,0,215817,0,0,0,0,0.0,0.0,0.0,0.0
108,320,2304,128,1,134728,0,0,0,0,0.0,0.0,0.0,0.0
109,320,2368,0,1,215223,0,0,0,0,0.0,0.0,0.0,0.0
110,320,2368,64,0,215534,0,0,0,0,0.0,0.0,0.0,0.0
111,320,2368,128,1,134709,0,0,0,0,0.0,0.0,0.0,0.0
112,320,2432,0,1,215368,0,0,0,0,0.0,0.0,0.0,0.0
113,320,2432,64,0,215914,0,0,0,0,0.0,0.0,0.0,0.0
114,320,2432,128,1,134697,0,0,0,0,0.0,0.0,0.0,0.0
115,320,2496,0,1,197051,0,0,0,0,0.0,0.0,0.0,0.0
116,320,2496,64,0,215459,0,0,0,0,0.0,0.0,0.0,0.0
117,320,2496,128,1,134662,0,0,0,0,0.0,0.0,0.0,0.0
118,320,2560,0,1,75211,0,0,0,0,0.0,0.0,0.0,0.0
119,320,2560,64,0,214843,0,0,0,0,0.0,0.0,0.0,0.0
120,320,2560,128,1,134815,0,0,0,0,0.0,0.0,0.0,0.0
121,320,2624,0,1,1334,0,0,0,0,0.0,0.0,0.0,0.0
122,320,2624,64,0,145108,0,0,0,0,0.0,0.0,0.0,0.0
123,320,2624,128,1,134833,0,0,0,0,0.0,0.0,0.0,0.0
124,320,2688,64,0,17021,0,0,0,0,0.0,0.0,0.0,0.0
125,320,2688,128,1,123647,0,0,0,0,0.0,0.0,0.0,0.0
126,320,2752,128,1,19875,0,0,0,0,0.0,0.0,0.0,0.0
127,384,0,0,1,23040,0,0,0,0,0.0,0.0,0.0,0.0
128,384,64,0,1,93916,0,0,0,0,0.0,0.0,0.0,0.0
129,384,64,64,0,75392,0,0,0,0,0.0,0.0,0.0,0.0
130,384,64,128,1,48286,0,0,0,0,0.0,0.0,0.0,0.0
131,384,128,0,1,262144,0,0,0,0,0.0,0.0,0.0,0.0
132,384,128,64,0,262144,0,0,0,0,0.0,0.0,0.0,0.0
133,384,128,128,1,163840,0,0,0,0,0.0,0.0,0.0,0.0
134,384,192,0,1,262144,0,0,0,0,0.0,0.0,0.0,0.0
135,384,192,64,0,262144,0,0,0,0,0.0,0.0,0.0,0.0
136,384,192,128,1,163840,0,0,0,0,0.0,0.0,0.0,0.0
137,384,256,0,1,262144,0,0,0,0,0.0,0.0,0.0,0.0
138,384,256,64,0,262144,0,0,0,0,0.0,0.0,0.0,0.0
139,384,256,128,1,163840,0,0,0,0,0.0,0.0,0.0,0.0
140,384,320,0,1,262144,0,0,0,0,0.0,0.0,0.0,0.0
141,384,320,64,0,262144,0,0,0,0,0.0,0.0,0.0,0.0
142,384,320,128,1,163840,0,0,0,0,0.0,0.0,0.0,0.0
143,384,384,0,1,262144,0,0,0,0,0.0,0.0,0.0,0.0
144,384,384,64,0,262144,0,0,0,0,0.0,0.0,0.0,0.0
145,384,384,128,1,163840,0,0,0,0,0.0,0.0,0.0,0.0
146,384,448,0,1,262144,0,0,0,0,0.0,0.0,0.0,0.0
147,384,448,64,0,262144,0,0,350,0,0.0,0.0,0.0,0.0
148,384,448,128,1,163840,0,0,0,0,0.0,0.0,0.0,0.0
149,384,512,0,1,262144,0,0,0,0,0.0,0.0,0.0,0.0
150,384,512,64,0,262144,0,0,30,0,0.0,0.0,0.0,0.0
151,384,512,128,1,163840,0,0,0,0,0.0,0.0,0.0,0.0
152,384,576,0,1,262144,0,0,0,0,0.0,0.0,0.0,0.0
153,384,576,64,0,262144,0,0,0,0,0.0,0.0,0.0,0.0
154,384,576,128,1,163840,0,0,0,0,0.0,0.0,0.0,0.0
155,384,640,0,1,262144,0,0,0,0,0.0,0.0,0.0,0.0
156,384,640,64,0,262144,0,0,0,0,0.0,0.0,0.0,0.0
157,384,640,128,1,163840,0,0,0,0,0.0,0.0,0.0,0.0
158,384,704,0,1,262144,0,0,0,0,0.0,0.0,0.0,0.0
159,384,704,64,0,262144,0,0,0,0,0.0,0.0,0.0,0.0
160,384,704,128,1,163840,0,0,0,0,0.0,0.0,0.0,0.0
161,384,768,0,1,262144,0,0,0,0,0.0,0.0,0.0,0.0
162,384,768,64,0,262144,0,0,0,0,0.0,0.0,0.0,0.0
163,384,768,128,1,163840,0,0,0,0,0.0,0.0,0.0,0.0
164,384,832,0,1,262144,0,0,0,0,0.0,0.0,0.0,0.0
165,384,832,64,0,262144,0,0,0,0,0.0,0.0,0.0,0.0
166,384,832,128,1,163840,0,0,0,0,0.0,0.0,0.0,0.0
167,384,896,0,1,262144,0,0,0,0,0.0,0.0,0.0,0.0
168,384,896,64,0,262144,0,0,2112,0,0.0,0.0,0.0,0.0
169,384,896,128,1,163840,0,0,0,0,0.0,0.0,0.0,0.0
170,384,960,0,1,262144,0,0,0,0,0.0,0.0,0.0,0.0
171,384,960,64,0,262144,0,0,0,0,0.0,0.0,0.0,0.0
172,384,960,128,1,163840,0,0,0,0,0.0,0.0,0.0,0.0
173,384,1024,0,1,262144,0,0,0,0,0.0,0.0,0.0,0.0
174,384,1024,64,0,262144,0,0,0,0,0.0,0.0,0.0,0.0
175,384,1024,128,1,163840,0,0,0,0,0.0,0.0,0.0,0.0
176,384,1088,0,1,262144,0,0,0,0,0.0,0.0,0.0,0.0
177,384,1088,64,0,262144,0,0,0,0,0.0,0.0,0.0,0.0
178,384,1088,128,1,163840,0,0,0,0,0.0,0.0,0.0,0.0
179,384,1152,0,1,262144,0,0,0,0,0.0,0.0,0.0,0.0
180,384,1152,64,0,262144,0,0,0,0,0.0,0.0,0.0,0.0
181,384,1152,128,1,163840,0,0,0,0,0.0,0.0,0.0,0.0
182,384,1216,0,1,262144,0,0,0,0,0.0,0.0,0.0,0.0
183,384,1216,64,0,262144,0,0,0,0,0.0,0.0,0.0,0.0
184,384,1216,128,1,163840,0,0,0,0,0.0,0.0,0.0,0.0
185,384,1280,0,1,262144,0,0,0,0,0.0,0.0,0.0,0.0
186,384,1280,64,0,262144,0,0,0,0,0.0,0.0,0.0,0.0
187,384,1280,128,1,163840,0,0,0,0,0.0,0.0,0.0,0.0
188,384,1344,0,1,262144,0,0,0,0,0.0,0.0,0.0,0.0
189,384,1344,64,0,262144,0,0,0,0,0.0,0.0,0.0,0.0
190,384,1344,128,1,163840,0,0,0,0,0.0,0.0,0.0,0.0
191,384,1408,0,1,262144,0,0,0,0,0.0,0.0,0.0,0.0
192,384,1408,64,0,262144,0,0,0,0,0.0,0.0,0.0,0.0
193,384,1408,128,1,163840,0,0,0,0,0.0,0.0,0.0,0.0
194,384,1472,0,1,262144,0,0,0,0,0.0,0.0,0.0,0.0
195,384,1472,64,0,262144,0,0,0,0,0.0,0.0,0.0,0.0
196,384,1472,128,1,163840,0,0,0,0,0.0,0.0,0.0,0.0
197,384,1536,0,1,262144,0,0,0,0,0.0,0.0,0.0,0.0
198,384,1536,64,0,262144,0,0,0,0,0.0,0.0,0.0,0.0
199,384,1536,128,1,163840,0,0,0,0,0.0,0.0,0.0,0.0
200,384,1600,0,1,262144,0,0,0,0,0.0,0.0,0.0,0.0
201,384,1600,64,0,262144,0,0,0,0,0.0,0.0,0.0,0.0
202,384,1600,128,1,163840,0,0,0,0,0.0,0.0,0.0,0.0
203,384,1664,0,1,262144,0,0,0,0,0.0,0.0,0.0,0.0
204,384,1664,64,0,262144,0,0,0,0,0.0,0.0,0.0,0.0
205,384,1664,128,1,163840,0,0,0,0,0.0,0.0,0.0,0.0
206,384,1728,0,1,262144,0,0,0,0,0.0,0.0,0.0,0.0
207,384,1728,64,0,262144,0,0,0,0,0.0,0.0,0.0,0.0
208,384,1728,128,1,163840,0,0,0,0,0.0,0.0,0.0,0.0
209,384,1792,0,1,262144,0,0,0,0,0.0,0.0,0.0,0.0
210,384,1792,64,0,262144,0,0,21,0,0.0,0.0,0.0,0.0
211,384,1792,128,1,163840,0,0,0,0,0.0,0.0,0.0,0.0
212,384,1856,0,1,262144,0,0,0,0,0.0,0.0,0.0,0.0
213,384,1856,64,0,262144,0,0,0,0,0.0,0.0,0.0,0.0
214,384,1856,128,1,163840,0,0,0,0,0.0,0.0,0.0,0.0
215,384,1920,0,1,262144,0,0,0,0,0.0,0.0,0.0,0.0
216,384,1920,64,0,262144,0,0,0,0,0.0,0.0,0.0,0.0
217,384,1920,128,1,163840,0,0,0,0,0.0,0.0,0.0,0.0
218,384,1984,0,1,262144,0,0,0,0,0.0,0.0,0.0,0.0
219,384,1984,64,0,262144,0,0,0,0,0.0,0.0,0.0,0.0
220,384,1984,128,1,163840,0,0,0,0,0.0,0.0,0.0,0.0
221,384,2048,0,1,262144,0,0,0,0,0.0,0.0,0.0,0.0
222,384,2048,64,0,262144,0,0,0,0,0.0,0.0,0.0,0.0
223,384,2048,128,1,163840,0,0,0,0,0.0,0.0,0.0,0.0
224,384,2112,0,1,262144,0,0,0,0,0.0,0.0,0.0,0.0
225,384,2112,64,0,262144,0,0,0,0,0.0,0.0,0.0,0.0
226,384,2112,128,1,163840,0,0,0,0,0.0,0.0,0.0,0.0
227,384,2176,0,1,262144,0,0,0,0,0.0,0.0,0.0,0.0
228,384,2176,64,0,262144,0,0,317,0,0.0,0.0,0.0,0.0
229,384,2176,128,1,163840,0,0,0,0,0.0,0.0,0.0,0.0
230,384,2240,0,1,262144,0,0,0,0,0.0,0.0,0.0,0.0
231,384,2240,64,0,262144,0,0,0,0,0.0,0.0,0.0,0.0
232,384,2240,128,1,163840,0,0,0,0,0.0,0.0,0.0,0.0
233,384,2304,0,1,262144,0,0,0,0,0.0,0.0,0.0,0.0
234,384,2304,64,0,262144,0,0,0,0,0.0,0.0,0.0,0.0
235,384,2304,128,1,163840,0,0,0,0,0.0,0.0,0.0,0.0
236,384,2368,0,1,262144,0,0,0,0,0.0,0.0,0.0,0.0
237,384,2368,64,0,262144,0,0,0,0,0.0,0.0,0.0,0.0
238,384,2368,128,1,163840,0,0,0,0,0.0,0.0,0.0,0.0
239,384,2432,0,1,262144,0,0,0,0,0.0,0.0,0.0,0.0
240,384,2432,64,0,262144,0,0,0,0,0.0,0.0,0.0,0.0
241,384,2432,128,1,163840,0,0,0,0,0.0,0.0,0.0,0.0
242,384,2496,0,1,240064,0,0,0,0,0.0,0.0,0.0,0.0
243,384,2496,64,0,262144,0,0,0,0,0.0,0.0,0.0,0.0
244,384,2496,128,1,163840,0,0,0,0,0.0,0.0,0.0,0.0
245,384,2560,0,1,92224,0,0,0,0,0.0,0.0,0.0,0.0
246,384,2560,64,0,262144,0,0,0,0,0.0,0.0,0.0,0.0
247,384,2560,128,1,163840,0,0,0,0,0.0,0.0,0.0,0.0
248,384,2624,0,1,1664,0,0,0,0,0.0,0.0,0.0,0.0
249,384,2624,64,0,177472,0,0,0,0,0.0,0.0,0.0,0.0
250,384,2624,128,1,163840,0,0,0,0,0.0,0.0,0.0,0.0
251,384,2688,64,0,21184,0,0,0,0,0.0,0.0,0.0,0.0
252,384,2688,128,1,150656,0,0,0,0,0.0,0.0,0.0,0.0
253,384,2752,128,1,24704,0,0,0,0,0.0,0.0,0.0,0.0
254,448,0,0,1,23040,0,0,0,0,0.0,0.0,0.0,0.0
255,448,64,0,1,95424,0,0,0,0,0.0,0.0,0.0,0.0
256,448,64,64,0,77056,0,0,0,0,0.0,0.0,0.0,0.0
257,448,64,128,1,49664,0,0,0,0,0.0,0.0,0.0,0.0
258,448,128,0,1,262144,0,0,0,0,0.0,0.0,0.0,0.0
259,448,128,64,0,262144,0,0,0,0,0.0,0.0,0.0,0.0
260,448,128,128,1,163840,0,0,0,0,0.0,0.0,0.0,0.0
261,448,192,0,1,262144,0,0,0,0,0.0,0.0,0.0,0.0
262,448,192,64,0,262144,0,0,0,0,0.0,0.0,0.0,0.0
263,448,192,128,1,163840,0,0,0,0,0.0,0.0,0.0,0.0
264,448,256,0,1,262144,0,0,0,0,0.0,0.0,0.0,0.0
265,448,256,64,0,262144,0,0,0,0,0.0,0.0,0.0,0.0
266,448,256,128,1,163840,0,0,0,0,0.0,0.0,0.0,0.0
267,448,320,0,1,262144,0,0,0,0,0.0,0.0,0.0,0.0
268,448,320,64,0,262144,0,0,0,0,0.0,0.0,0.0,0.0
269,448,320,128,1,163840,0,0,0,0,0.0,0.0,0.0,0.0
270,448,384,0,1,262144,0,0,0,0,0.0,0.0,0.0,0.0
271,448,384,64,0,262144,0,0,0,0,0.0,0.0,0.0,0.0
272,448,384,128,1,163840,0,0,0,0,0.0,0.0,0.0,0.0
273,448,448,0,1,262144,0,0,0,0,0.0,0.0,0.0,0.0
274,448,448,64,0,262144,0,0,0,0,0.0,0.0,0.0,0.0
275,448,448,128,1,163840,0,0,0,0,0.0,0.0,0.0,0.0
276,448,512,0,1,262144,0,0,0,0,0.0,0.0,0.0,0.0
277,448,512,64,0,262144,0,0,39,0,0.0,0.0,0.0,0.0
278,448,512,128,1,163840,0,0,0,0,0.0,0.0,0.0,0.0
279,448,576,0,1,262144,0,0,0,0,0.0,0.0,0.0,0.0
280,448,576,64,0,262144,0,0,0,0,0.0,0.0,0.0,0.0
281,448,576,128,1,163840,0,0,0,0,0.0,0.0,0.0,0.0
282,448,640,0,1,262144,0,0,0,0,0.0,0.0,0.0,0.0
283,448,640,64,0,262144,0,0,0,0,0.0,0.0,0.0,0.0
284,448,640,128,1,163840,0,0,0,0,0.0,0.0,0.0,0.0
285,448,704,0,1,262144,0,0,0,0,0.0,0.0,0.0,0.0
286,448,704,64,0,262144,0,0,0,0,0.0,0.0,0.0,0.0
287,448,704,128,1,163840,0,0,0,0,0.0,0.0,0.0,0.0
288,448,768,0,1,262144,0,0,0,0,0.0,0.0,0.0,0.0
289,448,768,64,0,262144,0,0,0,0,0.0,0.0,0.0,0.0
290,448,768,128,1,163840,0,0,0,0,0.0,0.0,0.0,0.0
291,448,832,0,1,262144,0,0,0,0,0.0,0.0,0.0,0.0
292,448,832,64,0,262144,0,0,0,0,0.0,0.0,0.0,0.0
293,448,832,128,1,163840,0,0,0,0,0.0,0.0,0.0,0.0
294,448,896,0,1,262144,0,0,0,0,0.0,0.0,0.0,0.0
295,448,896,64,0,262144,0,0,0,0,0.0,0.0,0.0,0.0
296,448,896,128,1,163840,0,0,0,0,0.0,0.0,0.0,0.0
297,448,960,0,1,262144,0,0,0,0,0.0,0.0,0.0,0.0
298,448,960,64,0,262144,0,0,0,0,0.0,0.0,0.0,0.0
299,448,960,128,1,163840,0,0,0,0,0.0,0.0,0.0,0.0
300,448,1024,0,1,262144,0,0,0,0,0.0,0.0,0.0,0.0
301,448,1024,64,0,262144,0,0,0,0,0.0,0.0,0.0,0.0
302,448,1024,128,1,163840,0,0,0,0,0.0,0.0,0.0,0.0
303,448,1088,0,1,262144,0,0,0,0,0.0,0.0,0.0,0.0
304,448,1088,64,0,262144,0,0,0,0,0.0,0.0,0.0,0.0
305,448,1088,128,1,163840,0,0,0,0,0.0,0.0,0.0,0.0
306,448,1152,0,1,262144,0,0,0,0,0.0,0.0,0.0,0.0
307,448,1152,64,0,262144,0,0,0,0,0.0,0.0,0.0,0.0
308,448,1152,128,1,163840,0,0,0,0,0.0,0.0,0.0,0.0
309,448,1216,0,1,262144,0,0,0,0,0.0,0.0,0.0,0.0
310,448,1216,64,0,262144,0,0,0,0,0.0,0.0,0.0,0.0
311,448,1216,128,1,163840,0,0,0,0,0.0,0.0,0.0,0.0
312,448,1280,0,1,262144,0,0,0,0,0.0,0.0,0.0,0.0
313,448,1280,64,0,262144,0,0,0,0,0.0,0.0,0.0,0.0
314,448,1280,128,1,163840,0,0,0,0,0.0,0.0,0.0,0.0
315,448,1344,0,1,262144,0,0,0,0,0.0,0.0,0.0,0.0
316,448,1344,64,0,262144,0,0,0,0,0.0,0.0,0.0,0.0
317,448,1344,128,1,163840,0,0,0,0,0.0,0.0,0.0,0.0
318,448,1408,0,1,262144,0,0,0,0,0.0,0.0,0.0,0.0
319,448,1408,64,0,262144,0,0,0,0,0.0,0.0,0.0,0.0
320,448,1408,128,1,163840,0,0,0,0,0.0,0.0,0.0,0.0
321,448,1472,0,1,262144,0,0,0,0,0.0,0.0,0.0,0.0
322,448,1472,64,0,262144,0,0,0,0,0.0,0.0,0.0,0.0
323,448,1472,128,1,163840,0,0,0,0,0.0,0.0,0.0,0.0
324,448,1536,0,1,262144,0,0,0,0,0.0,0.0,0.0,0.0
325,448,1536,64,0,262144,0,0,0,0,0.0,0.0,0.0,0.0
326,448,1536,128,1,163840,0,0,0,0,0.0,0.0,0.0,0.0
327,448,1600,0,1,262144,0,0,0,0,0.0,0.0,0.0,0.0
328,448,1600,64,0,262144,0,0,0,0,0.0,0.0,0.0,0.0
329,448,1600,128,1,163840,0,0,0,0,0.0,0.0,0.0,0.0
330,448,1664,0,1,262144,0,0,0,0,0.0,0.0,0.0,0.0
331,448,1664,64,0,262144,0,0,0,0,0.0,0.0,0.0,0.0
332,448,1664,128,1,163840,0,0,0,0,0.0,0.0,0.0,0.0
333,448,1728,0,1,262144,0,0,0,0,0.0,0.0,0.0,0.0
334,448,1728,64,0,262144,0,0,0,0,0.0,0.0,0.0,0.0
335,448,1728,128,1,163840,0,0,0,0,0.0,0.0,0.0,0.0
336,448,1792,0,1,262144,0,0,0,0,0.0,0.0,0.0,0.0
337,448,1792,64,0,262144,0,0,0,0,0.0,0.0,0.0,0.0
338,448,1792,128,1,163840,0,0,0,0,0.0,0.0,0.0,0.0
339,448,1856,0,1,262144,0,0,0,0,0.0,0.0,0.0,0.0
340,448,1856,64,0,262144,0,0,0,0,0.0,0.0,0.0,0.0
341,448,1856,128,1,163840,0,0,0,0,0.0,0.0,0.0,0.0
342,448,1920,0,1,262144,0,0,0,0,0.0,0.0,0.0,0.0
343,448,1920,64,0,262144,0,0,0,0,0.0,0.0,0.0,0.0
344,448,1920,128,1,163840,0,0,0,0,0.0,0.0,0.0,0.0
345,448,1984,0,1,262144,0,0,0,0,0.0,0.0,0.0,0.0
346,448,1984,64,0,262144,0,0,0,0,0.0,0.0,0.0,0.0
347,448,1984,128,1,163840,0,0,0,0,0.0,0.0,0.0,0.0
348,448,2048,0,1,262144,0,0,0,0,0.0,0.0,0.0,0.0
349,448,2048,64,0,262144,0,0,0,0,0.0,0.0,0.0,0.0
350,448,2048,128,1,163840,0,0,0,0,0.0,0.0,0.0,0.0
351,448,2112,0,1,262144,0,0,0,0,0.0,0.0,0.0,0.0
352,448,2112,64,0,262144,0,0,0,0,0.0,0.0,0.0,0.0
353,448,2112,128,1,163840,0,0,0,0,0.0,0.0,0.0,0.0
354,448,2176,0,1,262144,0,0,0,0,0.0,0.0,0.0,0.0
355,448,2176,64,0,262144,0,0,0,0,0.0,0.0,0.0,0.0
356,448,2176,128,1,163840,0,0,0,0,0.0,0.0,0.0,0.0
357,448,2240,0,1,262144,0,0,0,0,0.0,0.0,0.0,0.0
358,448,2240,64,0,262144,0,0,0,0,0.0,0.0,0.0,0.0
359,448,2240,128,1,163840,0,0,0,0,0.0,0.0,0.0,0.0
360,448,2304,0,1,262144,0,0,0,0,0.0,0.0,0.0,0.0
361,448,2304,64,0,262144,0,0,0,0,0.0,0.0,0.0,0.0
362,448,2304,128,1,163840,0,0,0,0,0.0,0.0,0.0,0.0
363,448,2368,0,1,262144,0,0,0,0,0.0,0.0,0.0,0.0
364,448,2368,64,0,262144,0,0,0,0,0.0,0.0,0.0,0.0
365,448,2368,128,1,163840,0,0,0,0,0.0,0.0,0.0,0.0
366,448,2432,0,1,262144,0,0,0,0,0.0,0.0,0.0,0.0
367,448,2432,64,0,262144,0,0,0,0,0.0,0.0,0.0,0.0
368,448,2432,128,1,163840,0,0,0,0,0.0,0.0,0.0,0.0
369,448,2496,0,1,240064,0,0,0,0,0.0,0.0,0.0,0.0
370,448,2496,64,0,262144,0,0,0,0,0.0,0.0,0.0,0.0
371,448,2496,128,1,163840,0,0,0,0,0.0,0.0,0.0,0.0
372,448,2560,0,1,92224,0,0,0,0,0.0,0.0,0.0,0.0
373,448,2560,64,0,262144,0,0,0,0,0.0,0.0,0.0,0.0
374,448,2560,128,1,163840,0,0,0,0,0.0,0.0,0.0,0.0
375,448,2624,0,1,1664,0,0,0,0,0.0,0.0,0.0,0.0
376,448,2624,64,0,177472,0,0,0,0,0.0,0.0,0.0,0.0
377,448,2624,128,1,163840,0,0,0,0,0.0,0.0,0.0,0.0
378,448,2688,64,0,21184,0,0,0,0,0.0,0.0,0.0,0.0
379,448,2688,128,1,150656,0,0,0,0,0.0,0.0,0.0,0.0
380,448,2752,128,1,24704,0,0,0,0,0.0,0.0,0.0,0.0
381,512,0,0,1,23040,0,0,0,0,0.0,0.0,0.0,0.0
382,512,64,0,1,97034,0,0,0,0,0.0,0.0,0.0,0.0
383,512,64,64,0,78834,0,0,0,0,0.0,0.0,0.0,0.0
384,512,64,128,1,50784,0,0,0,0,0.0,0.0,0.0,0.0
385,512,128,0,1,262144,0,0,242,0,0.0,0.0,0.0,0.0
386,512,128,64,0,262144,0,0,286,0,0.0,0.0,0.0,0.0
387,512,128,128,1,163840,0,0,0,0,0.0,0.0,0.0,0.0
388,512,192,0,1,262144,0,0,0,0,0.0,0.0,0.0,0.0
389,512,192,64,0,262144,0,0,2675,0,0.0,0.0,0.0,0.0
390,512,192,128,1,163840,0,0,686,0,0.0,0.0,0.0,0.0
391,512,256,0,1,262144,0,0,0,0,0.0,0.0,0.0,0.0
392,512,256,64,0,262144,0,0,3762,0,0.0,0.0,0.0,0.0
393,512,256,128,1,163840,0,0,20,0,0.0,0.0,0.0,0.0
394,512,320,0,1,262144,0,0,40,0,0.0,0.0,0.0,0.0
395,512,320,64,0,262144,0,0,2352,0,0.0,0.0,0.0,0.0
396,512,320,128,1,163840,0,0,38,0,0.0,0.0,0.0,0.0
397,512,384,0,1,262144,3581,0,0,3581,0.0,0.0,0.0,0.0
398,512,384,64,0,262144,0,0,2748,0,0.0,0.0,0.0,0.0
399,512,384,128,1,163840,0,0,163,0,0.0,0.0,0.0,0.0
400,512,448,0,1,262144,10508,5228,7963,5280,0.28303827621677224,0.4412000506350479,0.3963308316276249,0.4975256947087933
401,512,448,64,0,262144,1653,56,2059,1597,0.015086206896551725,0.029723991507430998,0.026477541371158392,0.0338777979431337
402,512,448,128,1,163840,0,0,0,0,0.0,0.0,0.0,0.0
403,512,512,0,1,262144,0,0,0,0,0.0,0.0,0.0,0.0
404,512,512,64,0,262144,0,0,40146,0,0.0,0.0,0.0,0.0
405,512,512,128,1,163840,0,0,1456,0,0.0,0.0,0.0,0.0
406,512,576,0,1,262144,0,0,12070,0,0.0,0.0,0.0,0.0
407,512,576,64,0,262144,0,0,1155,0,0.0,0.0,0.0,0.0
408,512,576,128,1,163840,0,0,30,0,0.0,0.0,0.0,0.0
409,512,640,0,1,262144,0,0,2502,0,0.0,0.0,0.0,0.0
410,512,640,64,0,262144,0,0,415,0,0.0,0.0,0.0,0.0
411,512,640,128,1,163840,0,0,193,0,0.0,0.0,0.0,0.0
412,512,704,0,1,262144,0,0,185,0,0.0,0.0,0.0,0.0
413,512,704,64,0,262144,0,0,3799,0,0.0,0.0,0.0,0.0
414,512,704,128,1,163840,0,0,193,0,0.0,0.0,0.0,0.0
415,512,768,0,1,262144,0,0,0,0,0.0,0.0,0.0,0.0
416,512,768,64,0,262144,0,0,0,0,0.0,0.0,0.0,0.0
417,512,768,128,1,163840,0,0,0,0,0.0,0.0,0.0,0.0
418,512,832,0,1,262144,0,0,0,0,0.0,0.0,0.0,0.0
419,512,832,64,0,262144,0,0,4169,0,0.0,0.0,0.0,0.0
420,512,832,128,1,163840,0,0,0,0,0.0,0.0,0.0,0.0
421,512,896,0,1,262144,0,0,13,0,0.0,0.0,0.0,0.0
422,512,896,64,0,262144,0,0,5677,0,0.0,0.0,0.0,0.0
423,512,896,128,1,163840,0,0,0,0,0.0,0.0,0.0,0.0
424,512,960,0,1,262144,0,0,0,0,0.0,0.0,0.0,0.0
425,512,960,64,0,262144,0,0,104,0,0.0,0.0,0.0,0.0
426,512,960,128,1,163840,0,0,693,0,0.0,0.0,0.0,0.0
427,512,1024,0,1,262144,0,0,3,0,0.0,0.0,0.0,0.0
428,512,1024,64,0,262144,0,0,2347,0,0.0,0.0,0.0,0.0
429,512,1024,128,1,163840,0,0,335,0,0.0,0.0,0.0,0.0
430,512,1088,0,1,262144,0,0,0,0,0.0,0.0,0.0,0.0
431,512,1088,64,0,262144,0,0,0,0,0.0,0.0,0.0,0.0
432,512,1088,128,1,163840,0,0,0,0,0.0,0.0,0.0,0.0
433,512,1152,0,1,262144,0,0,0,0,0.0,0.0,0.0,0.0
434,512,1152,64,0,262144,0,0,0,0,0.0,0.0,0.0,0.0
435,512,1152,128,1,163840,0,0,0,0,0.0,0.0,0.0,0.0
436,512,1216,0,1,262144,0,0,0,0,0.0,0.0,0.0,0.0
437,512,1216,64,0,262144,0,0,0,0,0.0,0.0,0.0,0.0
438,512,1216,128,1,163840,0,0,0,0,0.0,0.0,0.0,0.0
439,512,1280,0,1,262144,0,0,0,0,0.0,0.0,0.0,0.0
440,512,1280,64,0,262144,0,0,0,0,0.0,0.0,0.0,0.0
441,512,1280,128,1,163840,0,0,0,0,0.0,0.0,0.0,0.0
442,512,1344,0,1,262144,0,0,0,0,0.0,0.0,0.0,0.0
443,512,1344,64,0,262144,0,0,0,0,0.0,0.0,0.0,0.0
444,512,1344,128,1,163840,0,0,0,0,0.0,0.0,0.0,0.0
445,512,1408,0,1,262144,0,0,0,0,0.0,0.0,0.0,0.0
446,512,1408,64,0,262144,0,0,0,0,0.0,0.0,0.0,0.0
447,512,1408,128,1,163840,0,0,0,0,0.0,0.0,0.0,0.0
448,512,1472,0,1,262144,0,0,0,0,0.0,0.0,0.0,0.0
449,512,1472,64,0,262144,0,0,0,0,0.0,0.0,0.0,0.0
450,512,1472,128,1,163840,0,0,0,0,0.0,0.0,0.0,0.0
451,512,1536,0,1,262144,0,0,0,0,0.0,0.0,0.0,0.0
452,512,1536,64,0,262144,0,0,0,0,0.0,0.0,0.0,0.0
453,512,1536,128,1,163840,0,0,0,0,0.0,0.0,0.0,0.0
454,512,1600,0,1,262144,0,0,0,0,0.0,0.0,0.0,0.0
455,512,1600,64,0,262144,0,0,0,0,0.0,0.0,0.0,0.0
456,512,1600,128,1,163840,0,0,0,0,0.0,0.0,0.0,0.0
457,512,1664,0,1,262144,0,0,0,0,0.0,0.0,0.0,0.0
458,512,1664,64,0,262144,0,0,0,0,0.0,0.0,0.0,0.0
459,512,1664,128,1,163840,0,0,0,0,0.0,0.0,0.0,0.0
460,512,1728,0,1,262144,0,0,0,0,0.0,0.0,0.0,0.0
461,512,1728,64,0,262144,0,0,0,0,0.0,0.0,0.0,0.0
462,512,1728,128,1,163840,0,0,0,0,0.0,0.0,0.0,0.0
463,512,1792,0,1,262144,0,0,0,0,0.0,0.0,0.0,0.0
464,512,1792,64,0,262144,0,0,0,0,0.0,0.0,0.0,0.0
465,512,1792,128,1,163840,0,0,0,0,0.0,0.0,0.0,0.0
466,512,1856,0,1,262144,0,0,0,0,0.0,0.0,0.0,0.0
467,512,1856,64,0,262144,0,0,0,0,0.0,0.0,0.0,0.0
468,512,1856,128,1,163840,0,0,0,0,0.0,0.0,0.0,0.0
469,512,1920,0,1,262144,0,0,0,0,0.0,0.0,0.0,0.0
470,512,1920,64,0,262144,0,0,0,0,0.0,0.0,0.0,0.0
471,512,1920,128,1,163840,0,0,0,0,0.0,0.0,0.0,0.0
472,512,1984,0,1,262144,0,0,0,0,0.0,0.0,0.0,0.0
473,512,1984,64,0,262144,0,0,0,0,0.0,0.0,0.0,0.0
474,512,1984,128,1,163840,0,0,0,0,0.0,0.0,0.0,0.0
475,512,2048,0,1,262144,0,0,0,0,0.0,0.0,0.0,0.0
476,512,2048,64,0,262144,0,0,0,0,0.0,0.0,0.0,0.0
477,512,2048,128,1,163840,0,0,0,0,0.0,0.0,0.0,0.0
478,512,2112,0,1,262144,0,0,0,0,0.0,0.0,0.0,0.0
479,512,2112,64,0,262144,0,0,0,0,0.0,0.0,0.0,0.0
480,512,2112,128,1,163840,0,0,0,0,0.0,0.0,0.0,0.0
481,512,2176,0,1,262144,0,0,0,0,0.0,0.0,0.0,0.0
482,512,2176,64,0,262144,0,0,0,0,0.0,0.0,0.0,0.0
483,512,2176,128,1,163840,0,0,0,0,0.0,0.0,0.0,0.0
484,512,2240,0,1,262144,0,0,0,0,0.0,0.0,0.0,0.0
485,512,2240,64,0,262144,0,0,0,0,0.0,0.0,0.0,0.0
486,512,2240,128,1,163840,0,0,0,0,0.0,0.0,0.0,0.0
487,512,2304,0,1,262144,0,0,0,0,0.0,0.0,0.0,0.0
488,512,2304,64,0,262144,0,0,0,0,0.0,0.0,0.0,0.0
489,512,2304,128,1,163840,0,0,0,0,0.0,0.0,0.0,0.0
490,512,2368,0,1,262144,0,0,0,0,0.0,0.0,0.0,0.0
491,512,2368,64,0,262144,0,0,0,0,0.0,0.0,0.0,0.0
492,512,2368,128,1,163840,0,0,0,0,0.0,0.0,0.0,0.0
493,512,2432,0,1,262144,0,0,0,0,0.0,0.0,0.0,0.0
494,512,2432,64,0,262144,0,0,0,0,0.0,0.0,0.0,0.0
495,512,2432,128,1,163840,0,0,0,0,0.0,0.0,0.0,0.0
496,512,2496,0,1,240064,0,0,0,0,0.0,0.0,0.0,0.0
497,512,2496,64,0,262144,0,0,0,0,0.0,0.0,0.0,0.0
498,512,2496,128,1,163840,0,0,0,0,0.0,0.0,0.0,0.0
499,512,2560,0,1,92224,0,0,0,0,0.0,0.0,0.0,0.0
500,512,2560,64,0,262144,0,0,0,0,0.0,0.0,0.0,0.0
501,512,2560,128,1,163840,0,0,0,0,0.0,0.0,0.0,0.0
502,512,2624,0,1,1664,0,0,0,0,0.0,0.0,0.0,0.0
503,512,2624,64,0,177472,0,0,0,0,0.0,0.0,0.0,0.0
504,512,2624,128,1,163840,0,0,0,0,0.0,0.0,0.0,0.0
505,512,2688,64,0,21184,0,0,0,0,0.0,0.0,0.0,0.0
506,512,2688,128,1,150656,0,0,0,0,0.0,0.0,0.0,0.0
507,512,2752,128,1,24704,0,0,0,0,0.0,0.0,0.0,0.0
508,576,0,0,1,23040,0,0,0,0,0.0,0.0,0.0,0.0
509,576,64,0,1,121033,0,0,0,0,0.0,0.0,0.0,0.0
510,576,64,64,0,101123,0,0,0,0,0.0,0.0,0.0,0.0
511,576,64,128,1,63859,0,0,0,0,0.0,0.0,0.0,0.0
512,576,128,0,1,262144,0,0,0,0,0.0,0.0,0.0,0.0
513,576,128,64,0,262144,0,0,0,0,0.0,0.0,0.0,0.0
514,576,128,128,1,163840,0,0,0,0,0.0,0.0,0.0,0.0
515,576,192,0,1,262144,0,0,0,0,0.0,0.0,0.0,0.0
516,576,192,64,0,262144,0,0,0,0,0.0,0.0,0.0,0.0
517,576,192,128,1,163840,0,0,0,0,0.0,0.0,0.0,0.0
518,576,256,0,1,262144,0,0,0,0,0.0,0.0,0.0,0.0
519,576,256,64,0,262144,0,0,0,0,0.0,0.0,0.0,0.0
520,576,256,128,1,163840,0,0,0,0,0.0,0.0,0.0,0.0
521,576,320,0,1,262144,0,0,273,0,0.0,0.0,0.0,0.0
522,576,320,64,0,262144,0,0,0,0,0.0,0.0,0.0,0.0
523,576,320,128,1,163840,0,0,0,0,0.0,0.0,0.0,0.0
524,576,384,0,1,262144,3977,0,0,3977,0.0,0.0,0.0,0.0
525,576,384,64,0,262144,0,0,0,0,0.0,0.0,0.0,0.0
526,576,384,128,1,163840,0,0,0,0,0.0,0.0,0.0,0.0
527,576,448,0,1,262144,37620,16941,2427,20679,0.42302794216795264,0.5945462202568962,0.8746902106567535,0.4503189792663477
528,576,448,64,0,262144,8791,970,201,7821,0.10787366548042705,0.19474001204577393,0.8283518360375747,0.11034012057786373
529,576,448,128,1,163840,0,0,0,0,0.0,0.0,0.0,0.0
530,576,512,0,1,262144,3798,3639,1034,159,0.7531043046357616,0.8591665682918191,0.7787288679649048,0.9581358609794629
531,576,512,64,0,262144,6745,4184,2936,2561,0.4321867575663671,0.6035340786152181,0.5876404494382023,0.6203113417346182
532,576,512,128,1,163840,0,0,0,0,0.0,0.0,0.0,0.0
533,576,576,0,1,262144,0,0,29997,0,0.0,0.0,0.0,0.0
534,576,576,64,0,262144,0,0,22822,0,0.0,0.0,0.0,0.0
535,576,576,128,1,163840,0,0,0,0,0.0,0.0,0.0,0.0
536,576,640,0,1,262144,0,0,544,0,0.0,0.0,0.0,0.0
537,576,640,64,0,262144,0,0,0,0,0.0,0.0,0.0,0.0
538,576,640,128,1,163840,0,0,356,0,0.0,0.0,0.0,0.0
539,576,704,0,1,262144,0,0,4396,0,0.0,0.0,0.0,0.0
540,576,704,64,0,262144,0,0,7073,0,0.0,0.0,0.0,0.0
541,576,704,128,1,163840,0,0,1,0,0.0,0.0,0.0,0.0
542,576,768,0,1,262144,0,0,8663,0,0.0,0.0,0.0,0.0
543,576,768,64,0,262144,0,0,49,0,0.0,0.0,0.0,0.0
544,576,768,128,1,163840,0,0,0,0,0.0,0.0,0.0,0.0
545,576,832,0,1,262144,0,0,2896,0,0.0,0.0,0.0,0.0
546,576,832,64,0,262144,0,0,10046,0,0.0,0.0,0.0,0.0
547,576,832,128,1,163840,0,0,0,0,0.0,0.0,0.0,0.0
548,576,896,0,1,262144,0,0,252,0,0.0,0.0,0.0,0.0
549,576,896,64,0,262144,0,0,10286,0,0.0,0.0,0.0,0.0
550,576,896,128,1,163840,0,0,1359,0,0.0,0.0,0.0,0.0
551,576,960,0,1,262144,0,0,0,0,0.0,0.0,0.0,0.0
552,576,960,64,0,262144,0,0,0,0,0.0,0.0,0.0,0.0
553,576,960,128,1,163840,0,0,254,0,0.0,0.0,0.0,0.0
554,576,1024,0,1,262144,0,0,700,0,0.0,0.0,0.0,0.0
555,576,1024,64,0,262144,0,0,8300,0,0.0,0.0,0.0,0.0
556,576,1024,128,1,163840,0,0,1744,0,0.0,0.0,0.0,0.0
557,576,1088,0,1,262144,0,0,0,0,0.0,0.0,0.0,0.0
558,576,1088,64,0,262144,0,0,453,0,0.0,0.0,0.0,0.0
559,576,1088,128,1,163840,0,0,37,0,0.0,0.0,0.0,0.0
560,576,1152,0,1,262144,0,0,394,0,0.0,0.0,0.0,0.0
561,576,1152,64,0,262144,0,0,3640,0,0.0,0.0,0.0,0.0
562,576,1152,128,1,163840,0,0,750,0,0.0,0.0,0.0,0.0
563,576,1216,0,1,262144,0,0,0,0,0.0,0.0,0.0,0.0
564,576,1216,64,0,262144,0,0,1136,0,0.0,0.0,0.0,0.0
565,576,1216,128,1,163840,0,0,386,0,0.0,0.0,0.0,0.0
566,576,1280,0,1,262144,0,0,3113,0,0.0,0.0,0.0,0.0
567,576,1280,64,0,262144,0,0,21692,0,0.0,0.0,0.0,0.0
568,576,1280,128,1,163840,0,0,0,0,0.0,0.0,0.0,0.0
569,576,1344,0,1,262144,0,0,0,0,0.0,0.0,0.0,0.0
570,576,1344,64,0,262144,0,0,4528,0,0.0,0.0,0.0,0.0
571,576,1344,128,1,163840,0,0,914,0,0.0,0.0,0.0,0.0
572,576,1408,0,1,262144,0,0,5836,0,0.0,0.0,0.0,0.0
573,576,1408,64,0,262144,0,0,5241,0,0.0,0.0,0.0,0.0
574,576,1408,128,1,163840,0,0,0,0,0.0,0.0,0.0,0.0
575,576,1472,0,1,262144,0,0,3509,0,0.0,0.0,0.0,0.0
576,576,1472,64,0,262144,0,0,31,0,0.0,0.0,0.0,0.0
577,576,1472,128,1,163840,0,0,0,0,0.0,0.0,0.0,0.0
578,576,1536,0,1,262144,0,0,0,0,0.0,0.0,0.0,0.0
579,576,1536,64,0,262144,0,0,0,0,0.0,0.0,0.0,0.0
580,576,1536,128,1,163840,0,0,0,0,0.0,0.0,0.0,0.0
581,576,1600,0,1,262144,0,0,0,0,0.0,0.0,0.0,0.0
582,576,1600,64,0,262144,0,0,0,0,0.0,0.0,0.0,0.0
583,576,1600,128,1,163840,0,0,0,0,0.0,0.0,0.0,0.0
584,576,1664,0,1,262144,0,0,0,0,0.0,0.0,0.0,0.0
585,576,1664,64,0,262144,0,0,0,0,0.0,0.0,0.0,0.0
586,576,1664,128,1,163840,0,0,0,0,0.0,0.0,0.0,0.0
587,576,1728,0,1,262144,0,0,0,0,0.0,0.0,0.0,0.0
588,576,1728,64,0,262144,0,0,0,0,0.0,0.0,0.0,0.0
589,576,1728,128,1,163840,0,0,0,0,0.0,0.0,0.0,0.0
590,576,1792,0,1,262144,0,0,0,0,0.0,0.0,0.0,0.0
591,576,1792,64,0,262144,0,0,0,0,0.0,0.0,0.0,0.0
592,576,1792,128,1,163840,0,0,0,0,0.0,0.0,0.0,0.0
593,576,1856,0,1,262144,0,0,0,0,0.0,0.0,0.0,0.0
594,576,1856,64,0,262144,0,0,1746,0,0.0,0.0,0.0,0.0
595,576,1856,128,1,163840,0,0,0,0,0.0,0.0,0.0,0.0
596,576,1920,0,1,262144,0,0,0,0,0.0,0.0,0.0,0.0
597,576,1920,64,0,262144,0,0,3701,0,0.0,0.0,0.0,0.0
598,576,1920,128,1,163840,0,0,0,0,0.0,0.0,0.0,0.0
599,576,1984,0,1,262144,0,0,0,0,0.0,0.0,0.0,0.0
600,576,1984,64,0,262144,0,0,455,0,0.0,0.0,0.0,0.0
601,576,1984,128,1,163840,0,0,0,0,0.0,0.0,0.0,0.0
602,576,2048,0,1,262144,0,0,0,0,0.0,0.0,0.0,0.0
603,576,2048,64,0,262144,0,0,0,0,0.0,0.0,0.0,0.0
604,576,2048,128,1,163840,0,0,0,0,0.0,0.0,0.0,0.0
605,576,2112,0,1,262144,0,0,0,0,0.0,0.0,0.0,0.0
606,576,2112,64,0,262144,0,0,0,0,0.0,0.0,0.0,0.0
607,576,2112,128,1,163840,0,0,0,0,0.0,0.0,0.0,0.0
608,576,2176,0,1,262144,0,0,401,0,0.0,0.0,0.0,0.0
609,576,2176,64,0,262144,0,0,0,0,0.0,0.0,0.0,0.0
610,576,2176,128,1,163840,0,0,0,0,0.0,0.0,0.0,0.0
611,576,2240,0,1,262144,0,0,232,0,0.0,0.0,0.0,0.0
612,576,2240,64,0,262144,0,0,159,0,0.0,0.0,0.0,0.0
613,576,2240,128,1,163840,0,0,0,0,0.0,0.0,0.0,0.0
614,576,2304,0,1,262144,0,0,0,0,0.0,0.0,0.0,0.0
615,576,2304,64,0,262144,0,0,0,0,0.0,0.0,0.0,0.0
616,576,2304,128,1,163840,0,0,0,0,0.0,0.0,0.0,0.0
617,576,2368,0,1,262144,0,0,0,0,0.0,0.0,0.0,0.0
618,576,2368,64,0,262144,0,0,0,0,0.0,0.0,0.0,0.0
619,576,2368,128,1,163840,0,0,0,0,0.0,0.0,0.0,0.0
620,576,2432,0,1,262144,0,0,0,0,0.0,0.0,0.0,0.0
621,576,2432,64,0,262144,0,0,0,0,0.0,0.0,0.0,0.0
622,576,2432,128,1,163840,0,0,0,0,0.0,0.0,0.0,0.0
623,576,2496,0,1,240064,0,0,0,0,0.0,0.0,0.0,0.0
624,576,2496,64,0,262144,0,0,0,0,0.0,0.0,0.0,0.0
625,576,2496,128,1,163840,0,0,0,0,0.0,0.0,0.0,0.0
626,576,2560,0,1,92224,0,0,0,0,0.0,0.0,0.0,0.0
627,576,2560,64,0,262144,0,0,0,0,0.0,0.0,0.0,0.0
628,576,2560,128,1,163840,0,0,0,0,0.0,0.0,0.0,0.0
629,576,2624,0,1,1664,0,0,0,0,0.0,0.0,0.0,0.0
630,576,2624,64,0,177472,0,0,366,0,0.0,0.0,0.0,0.0
631,576,2624,128,1,163840,0,0,3489,0,0.0,0.0,0.0,0.0
632,576,2688,64,0,21184,0,0,0,0,0.0,0.0,0.0,0.0
633,576,2688,128,1,150656,0,0,0,0,0.0,0.0,0.0,0.0
634,576,2752,128,1,24704,0,0,0,0,0.0,0.0,0.0,0.0
635,640,0,0,1,23040,0,0,0,0,0.0,0.0,0.0,0.0
636,640,64,0,1,150090,0,0,0,0,0.0,0.0,0.0,0.0
637,640,64,64,0,136877,0,0,0,0,0.0,0.0,0.0,0.0
638,640,64,128,1,86100,0,0,0,0,0.0,0.0,0.0,0.0
639,640,128,0,1,262144,0,0,0,0,0.0,0.0,0.0,0.0
640,640,128,64,0,262144,0,0,0,0,0.0,0.0,0.0,0.0
641,640,128,128,1,163840,0,0,0,0,0.0,0.0,0.0,0.0
642,640,192,0,1,262144,0,0,0,0,0.0,0.0,0.0,0.0
643,640,192,64,0,262144,0,0,0,0,0.0,0.0,0.0,0.0
644,640,192,128,1,163840,0,0,0,0,0.0,0.0,0.0,0.0
645,640,256,0,1,262144,0,0,0,0,0.0,0.0,0.0,0.0
646,640,256,64,0,262144,0,0,0,0,0.0,0.0,0.0,0.0
647,640,256,128,1,163840,0,0,0,0,0.0,0.0,0.0,0.0
648,640,320,0,1,262144,0,0,0,0,0.0,0.0,0.0,0.0
649,640,320,64,0,262144,0,0,0,0,0.0,0.0,0.0,0.0
650,640,320,128,1,163840,0,0,0,0,0.0,0.0,0.0,0.0
651,640,384,0,1,262144,45,0,0,45,0.0,0.0,0.0,0.0
652,640,384,64,0,262144,0,0,0,0,0.0,0.0,0.0,0.0
653,640,384,128,1,163840,0,0,0,0,0.0,0.0,0.0,0.0
654,640,448,0,1,262144,32402,24080,7232,8322,0.6075591663723066,0.7558778290485607,0.7690342360756259,0.743164002222085
655,640,448,64,0,262144,18,0,0,18,0.0,0.0,0.0,0.0
656,640,448,128,1,163840,0,0,0,0,0.0,0.0,0.0,0.0
657,640,512,0,1,262144,13984,13457,5099,527,0.7051826232772624,0.8271051014136448,0.7252101746065962,0.9623140732265446
658,640,512,64,0,262144,25659,9133,5632,16526,0.29187306254194495,0.45186028102117554,0.6185573992549949,0.35593748782103746
659,640,512,128,1,163840,0,0,0,0,0.0,0.0,0.0,0.0
660,640,576,0,1,262144,0,0,4536,0,0.0,0.0,0.0,0.0
661,640,576,64,0,262144,0,0,1370,0,0.0,0.0,0.0,0.0
662,640,576,128,1,163840,0,0,0,0,0.0,0.0,0.0,0.0
663,640,640,0,1,262144,0,0,0,0,0.0,0.0,0.0,0.0
664,640,640,64,0,262144,0,0,0,0,0.0,0.0,0.0,0.0
665,640,640,128,1,163840,4766,1803,1077,2963,0.3085743624850248,0.4716191472665446,0.6260416666666667,0.37830465799412505
666,640,704,0,1,262144,0,0,0,0,0.0,0.0,0.0,0.0
667,640,704,64,0,262144,0,0,0,0,0.0,0.0,0.0,0.0
668,640,704,128,1,163840,92,58,10,34,0.5686274509803921,0.725,0.8529411764705882,0.6304347826086957
669,640,768,0,1,262144,0,0,151,0,0.0,0.0,0.0,0.0
670,640,768,64,0,262144,0,0,0,0,0.0,0.0,0.0,0.0
671,640,768,128,1,163840,0,0,0,0,0.0,0.0,0.0,0.0
672,640,832,0,1,262144,0,0,17,0,0.0,0.0,0.0,0.0
673,640,832,64,0,262144,0,0,0,0,0.0,0.0,0.0,0.0
674,640,832,128,1,163840,0,0,0,0,0.0,0.0,0.0,0.0
675,640,896,0,1,262144,0,0,0,0,0.0,0.0,0.0,0.0
676,640,896,64,0,262144,0,0,187,0,0.0,0.0,0.0,0.0
677,640,896,128,1,163840,0,0,0,0,0.0,0.0,0.0,0.0
678,640,960,0,1,262144,0,0,0,0,0.0,0.0,0.0,0.0
679,640,960,64,0,262144,0,0,0,0,0.0,0.0,0.0,0.0
680,640,960,128,1,163840,0,0,0,0,0.0,0.0,0.0,0.0
681,640,1024,0,1,262144,0,0,0,0,0.0,0.0,0.0,0.0
682,640,1024,64,0,262144,0,0,0,0,0.0,0.0,0.0,0.0
683,640,1024,128,1,163840,0,0,0,0,0.0,0.0,0.0,0.0
684,640,1088,0,1,262144,0,0,2,0,0.0,0.0,0.0,0.0
685,640,1088,64,0,262144,0,0,0,0,0.0,0.0,0.0,0.0
686,640,1088,128,1,163840,0,0,1184,0,0.0,0.0,0.0,0.0
687,640,1152,0,1,262144,0,0,444,0,0.0,0.0,0.0,0.0
688,640,1152,64,0,262144,0,0,0,0,0.0,0.0,0.0,0.0
689,640,1152,128,1,163840,0,0,1910,0,0.0,0.0,0.0,0.0
690,640,1216,0,1,262144,0,0,0,0,0.0,0.0,0.0,0.0
691,640,1216,64,0,262144,0,0,0,0,0.0,0.0,0.0,0.0
692,640,1216,128,1,163840,0,0,0,0,0.0,0.0,0.0,0.0
693,640,1280,0,1,262144,0,0,0,0,0.0,0.0,0.0,0.0
694,640,1280,64,0,262144,0,0,26799,0,0.0,0.0,0.0,0.0
695,640,1280,128,1,163840,0,0,246,0,0.0,0.0,0.0,0.0
696,640,1344,0,1,262144,0,0,0,0,0.0,0.0,0.0,0.0
697,640,1344,64,0,262144,0,0,240,0,0.0,0.0,0.0,0.0
698,640,1344,128,1,163840,0,0,1505,0,0.0,0.0,0.0,0.0
699,640,1408,0,1,262144,0,0,27313,0,0.0,0.0,0.0,0.0
700,640,1408,64,0,262144,0,0,33919,0,0.0,0.0,0.0,0.0
701,640,1408,128,1,163840,0,0,0,0,0.0,0.0,0.0,0.0
702,640,1472,0,1,262144,930,0,5848,930,0.0,0.0,0.0,0.0
703,640,1472,64,0,262144,0,0,215,0,0.0,0.0,0.0,0.0
704,640,1472,128,1,163840,0,0,0,0,0.0,0.0,0.0,0.0
705,640,1536,0,1,262144,0,0,0,0,0.0,0.0,0.0,0.0
706,640,1536,64,0,262144,0,0,0,0,0.0,0.0,0.0,0.0
707,640,1536,128,1,163840,0,0,0,0,0.0,0.0,0.0,0.0
708,640,1600,0,1,262144,0,0,0,0,0.0,0.0,0.0,0.0
709,640,1600,64,0,262144,0,0,7,0,0.0,0.0,0.0,0.0
710,640,1600,128,1,163840,0,0,0,0,0.0,0.0,0.0,0.0
711,640,1664,0,1,262144,0,0,0,0,0.0,0.0,0.0,0.0
712,640,1664,64,0,262144,0,0,4161,0,0.0,0.0,0.0,0.0
713,640,1664,128,1,163840,0,0,414,0,0.0,0.0,0.0,0.0
714,640,1728,0,1,262144,0,0,0,0,0.0,0.0,0.0,0.0
715,640,1728,64,0,262144,0,0,3032,0,0.0,0.0,0.0,0.0
716,640,1728,128,1,163840,0,0,2435,0,0.0,0.0,0.0,0.0
717,640,1792,0,1,262144,0,0,23449,0,0.0,0.0,0.0,0.0
718,640,1792,64,0,262144,0,0,137,0,0.0,0.0,0.0,0.0
719,640,1792,128,1,163840,0,0,164,0,0.0,0.0,0.0,0.0
720,640,1856,0,1,262144,0,0,7531,0,0.0,0.0,0.0,0.0
721,640,1856,64,0,262144,0,0,0,0,0.0,0.0,0.0,0.0
722,640,1856,128,1,163840,0,0,350,0,0.0,0.0,0.0,0.0
723,640,1920,0,1,262144,0,0,6300,0,0.0,0.0,0.0,0.0
724,640,1920,64,0,262144,0,0,10113,0,0.0,0.0,0.0,0.0
725,640,1920,128,1,163840,0,0,992,0,0.0,0.0,0.0,0.0
726,640,1984,0,1,262144,0,0,0,0,0.0,0.0,0.0,0.0
727,640,1984,64,0,262144,0,0,0,0,0.0,0.0,0.0,0.0
728,640,1984,128,1,163840,0,0,0,0,0.0,0.0,0.0,0.0
729,640,2048,0,1,262144,0,0,10723,0,0.0,0.0,0.0,0.0
730,640,2048,64,0,262144,0,0,4207,0,0.0,0.0,0.0,0.0
731,640,2048,128,1,163840,0,0,0,0,0.0,0.0,0.0,0.0
732,640,2112,0,1,262144,0,0,0,0,0.0,0.0,0.0,0.0
733,640,2112,64,0,262144,0,0,0,0,0.0,0.0,0.0,0.0
734,640,2112,128,1,163840,0,0,0,0,0.0,0.0,0.0,0.0
735,640,2176,0,1,262144,0,0,0,0,0.0,0.0,0.0,0.0
736,640,2176,64,0,262144,0,0,0,0,0.0,0.0,0.0,0.0
737,640,2176,128,1,163840,0,0,2,0,0.0,0.0,0.0,0.0
738,640,2240,0,1,262144,0,0,865,0,0.0,0.0,0.0,0.0
739,640,2240,64,0,262144,0,0,1309,0,0.0,0.0,0.0,0.0
740,640,2240,128,1,163840,0,0,0,0,0.0,0.0,0.0,0.0
741,640,2304,0,1,262144,0,0,0,0,0.0,0.0,0.0,0.0
742,640,2304,64,0,262144,0,0,0,0,0.0,0.0,0.0,0.0
743,640,2304,128,1,163840,0,0,0,0,0.0,0.0,0.0,0.0
744,640,2368,0,1,262144,0,0,0,0,0.0,0.0,0.0,0.0
745,640,2368,64,0,262144,0,0,0,0,0.0,0.0,0.0,0.0
746,640,2368,128,1,163840,0,0,0,0,0.0,0.0,0.0,0.0
747,640,2432,0,1,262144,0,0,0,0,0.0,0.0,0.0,0.0
748,640,2432,64,0,262144,0,0,0,0,0.0,0.0,0.0,0.0
749,640,2432,128,1,163840,0,0,0,0,0.0,0.0,0.0,0.0
750,640,2496,0,1,240064,0,0,0,0,0.0,0.0,0.0,0.0
751,640,2496,64,0,262144,0,0,0,0,0.0,0.0,0.0,0.0
752,640,2496,128,1,163840,0,0,0,0,0.0,0.0,0.0,0.0
753,640,2560,0,1,92224,0,0,0,0,0.0,0.0,0.0,0.0
754,640,2560,64,0,262144,0,0,0,0,0.0,0.0,0.0,0.0
755,640,2560,128,1,163840,0,0,0,0,0.0,0.0,0.0,0.0
756,640,2624,0,1,1664,0,0,0,0,0.0,0.0,0.0,0.0
757,640,2624,64,0,177472,0,0,0,0,0.0,0.0,0.0,0.0
758,640,2624,128,1,163840,0,0,0,0,0.0,0.0,0.0,0.0
759,640,2688,64,0,21184,0,0,0,0,0.0,0.0,0.0,0.0
760,640,2688,128,1,150656,0,0,0,0,0.0,0.0,0.0,0.0
761,640,2752,128,1,24704,0,0,0,0,0.0,0.0,0.0,0.0
762,704,0,0,1,23040,0,0,0,0,0.0,0.0,0.0,0.0
763,704,64,0,1,206006,0,0,0,0,0.0,0.0,0.0,0.0
764,704,64,64,0,199995,1315,0,0,1315,0.0,0.0,0.0,0.0
765,704,64,128,1,125391,2,0,0,2,0.0,0.0,0.0,0.0
766,704,128,0,1,262144,0,0,0,0,0.0,0.0,0.0,0.0
767,704,128,64,0,262144,894,0,0,894,0.0,0.0,0.0,0.0
768,704,128,128,1,163840,7049,293,11,6756,0.0415014164305949,0.0796953624371005,0.9638157894736842,0.041566179599943257
769,704,192,0,1,262144,11043,1947,1180,9096,0.15928986337233086,0.2748059280169372,0.6226415094339622,0.1763107851127411
770,704,192,64,0,262144,11647,6163,11245,5484,0.2692206884501136,0.4242299087936672,0.35403262867647056,0.5291491371168541
771,704,192,128,1,163840,0,0,0,0,0.0,0.0,0.0,0.0
772,704,256,0,1,262144,786,0,0,786,0.0,0.0,0.0,0.0
773,704,256,64,0,262144,5927,455,3849,5472,0.04654255319148936,0.08894536213468869,0.10571561338289963,0.07676733592036443
774,704,256,128,1,163840,342,0,0,342,0.0,0.0,0.0,0.0
775,704,320,0,1,262144,0,0,0,0,0.0,0.0,0.0,0.0
776,704,320,64,0,262144,2906,0,0,2906,0.0,0.0,0.0,0.0
777,704,320,128,1,163840,0,0,0,0,0.0,0.0,0.0,0.0
778,704,384,0,1,262144,0,0,0,0,0.0,0.0,0.0,0.0
779,704,384,64,0,262144,0,0,0,0,0.0,0.0,0.0,0.0
780,704,384,128,1,163840,0,0,0,0,0.0,0.0,0.0,0.0
781,704,448,0,1,262144,18791,13513,3556,5278,0.6046896675168927,0.7536530953708868,0.7916691077391763,0.7191208557288064
782,704,448,64,0,262144,0,0,0,0,0.0,0.0,0.0,0.0
783,704,448,128,1,163840,0,0,0,0,0.0,0.0,0.0,0.0
784,704,512,0,1,262144,29655,27857,9388,1798,0.7134953768921446,0.8327952167414051,0.7479393207141898,0.9393694149384589
785,704,512,64,0,262144,39852,19857,17225,19995,0.3478984529670445,0.5162086983648322,0.5354889164554231,0.4982685937970491
786,704,512,128,1,163840,0,0,0,0,0.0,0.0,0.0,0.0
787,704,576,0,1,262144,29,13,449,16,0.027196652719665274,0.05295315682281059,0.02813852813852814,0.4482758620689655
788,704,576,64,0,262144,6504,3497,6899,3007,0.2609117361784675,0.41384615384615386,0.3363793766833397,0.5376691266912669
789,704,576,128,1,163840,323,67,8839,256,0.007312813796114386,0.01451944956116589,0.00752301818998428,0.20743034055727555
790,704,640,0,1,262144,0,0,0,0,0.0,0.0,0.0,0.0
791,704,640,64,0,262144,11316,4953,7653,6363,0.2611102324845801,0.4140958113870078,0.3929081389814374,0.4376988335100742
792,704,640,128,1,163840,19736,11826,11061,7910,0.38399844140663053,0.5549116674096145,0.5167125442390877,0.5992095662748277
793,704,704,0,1,262144,0,0,0,0,0.0,0.0,0.0,0.0
794,704,704,64,0,262144,0,0,0,0,0.0,0.0,0.0,0.0
795,704,704,128,1,163840,8367,7893,1539,474,0.7967898243488795,0.8869037586381258,0.8368320610687023,0.9433488705629258
796,704,768,0,1,262144,0,0,0,0,0.0,0.0,0.0,0.0
797,704,768,64,0,262144,0,0,0,0,0.0,0.0,0.0,0.0
798,704,768,128,1,163840,0,0,0,0,0.0,0.0,0.0,0.0
799,704,832,0,1,262144,0,0,0,0,0.0,0.0,0.0,0.0
800,704,832,64,0,262144,0,0,0,0,0.0,0.0,0.0,0.0
801,704,832,128,1,163840,0,0,0,0,0.0,0.0,0.0,0.0
802,704,896,0,1,262144,0,0,0,0,0.0,0.0,0.0,0.0
803,704,896,64,0,262144,0,0,0,0,0.0,0.0,0.0,0.0
804,704,896,128,1,163840,0,0,0,0,0.0,0.0,0.0,0.0
805,704,960,0,1,262144,0,0,0,0,0.0,0.0,0.0,0.0
806,704,960,64,0,262144,0,0,0,0,0.0,0.0,0.0,0.0
807,704,960,128,1,163840,0,0,0,0,0.0,0.0,0.0,0.0
808,704,1024,0,1,262144,0,0,0,0,0.0,0.0,0.0,0.0
809,704,1024,64,0,262144,0,0,0,0,0.0,0.0,0.0,0.0
810,704,1024,128,1,163840,0,0,0,0,0.0,0.0,0.0,0.0
811,704,1088,0,1,262144,0,0,0,0,0.0,0.0,0.0,0.0
812,704,1088,64,0,262144,0,0,0,0,0.0,0.0,0.0,0.0
813,704,1088,128,1,163840,0,0,0,0,0.0,0.0,0.0,0.0
814,704,1152,0,1,262144,0,0,0,0,0.0,0.0,0.0,0.0
815,704,1152,64,0,262144,0,0,0,0,0.0,0.0,0.0,0.0
816,704,1152,128,1,163840,0,0,0,0,0.0,0.0,0.0,0.0
817,704,1216,0,1,262144,0,0,0,0,0.0,0.0,0.0,0.0
818,704,1216,64,0,262144,0,0,0,0,0.0,0.0,0.0,0.0
819,704,1216,128,1,163840,0,0,0,0,0.0,0.0,0.0,0.0
820,704,1280,0,1,262144,0,0,0,0,0.0,0.0,0.0,0.0
821,704,1280,64,0,262144,0,0,0,0,0.0,0.0,0.0,0.0
822,704,1280,128,1,163840,0,0,0,0,0.0,0.0,0.0,0.0
823,704,1344,0,1,262144,0,0,0,0,0.0,0.0,0.0,0.0
824,704,1344,64,0,262144,0,0,1,0,0.0,0.0,0.0,0.0
825,704,1344,128,1,163840,0,0,0,0,0.0,0.0,0.0,0.0
826,704,1408,0,1,262144,0,0,0,0,0.0,0.0,0.0,0.0
827,704,1408,64,0,262144,0,0,705,0,0.0,0.0,0.0,0.0
828,704,1408,128,1,163840,0,0,0,0,0.0,0.0,0.0,0.0
829,704,1472,0,1,262144,16661,1192,346,15469,0.07008878697007115,0.13099620858288916,0.7750325097529259,0.07154432507052398
830,704,1472,64,0,262144,0,0,378,0,0.0,0.0,0.0,0.0
831,704,1472,128,1,163840,0,0,0,0,0.0,0.0,0.0,0.0
832,704,1536,0,1,262144,36,34,452,2,0.06967213114754098,0.13026819923371646,0.06995884773662552,0.9444444444444444
833,704,1536,64,0,262144,0,0,8,0,0.0,0.0,0.0,0.0
834,704,1536,128,1,163840,0,0,0,0,0.0,0.0,0.0,0.0
835,704,1600,0,1,262144,0,0,0,0,0.0,0.0,0.0,0.0
836,704,1600,64,0,262144,0,0,0,0,0.0,0.0,0.0,0.0
837,704,1600,128,1,163840,0,0,0,0,0.0,0.0,0.0,0.0
838,704,1664,0,1,262144,0,0,0,0,0.0,0.0,0.0,0.0
839,704,1664,64,0,262144,0,0,0,0,0.0,0.0,0.0,0.0
840,704,1664,128,1,163840,0,0,0,0,0.0,0.0,0.0,0.0
841,704,1728,0,1,262144,0,0,0,0,0.0,0.0,0.0,0.0
842,704,1728,64,0,262144,0,0,0,0,0.0,0.0,0.0,0.0
843,704,1728,128,1,163840,0,0,0,0,0.0,0.0,0.0,0.0
844,704,1792,0,1,262144,0,0,0,0,0.0,0.0,0.0,0.0
845,704,1792,64,0,262144,0,0,7,0,0.0,0.0,0.0,0.0
846,704,1792,128,1,163840,0,0,0,0,0.0,0.0,0.0,0.0
847,704,1856,0,1,262144,0,0,0,0,0.0,0.0,0.0,0.0
848,704,1856,64,0,262144,0,0,0,0,0.0,0.0,0.0,0.0
849,704,1856,128,1,163840,0,0,0,0,0.0,0.0,0.0,0.0
850,704,1920,0,1,262144,0,0,0,0,0.0,0.0,0.0,0.0
851,704,1920,64,0,262144,0,0,0,0,0.0,0.0,0.0,0.0
852,704,1920,128,1,163840,0,0,0,0,0.0,0.0,0.0,0.0
853,704,1984,0,1,262144,0,0,0,0,0.0,0.0,0.0,0.0
854,704,1984,64,0,262144,0,0,0,0,0.0,0.0,0.0,0.0
855,704,1984,128,1,163840,0,0,0,0,0.0,0.0,0.0,0.0
856,704,2048,0,1,262144,0,0,3124,0,0.0,0.0,0.0,0.0
857,704,2048,64,0,262144,0,0,0,0,0.0,0.0,0.0,0.0
858,704,2048,128,1,163840,0,0,0,0,0.0,0.0,0.0,0.0
859,704,2112,0,1,262144,0,0,0,0,0.0,0.0,0.0,0.0
860,704,2112,64,0,262144,0,0,0,0,0.0,0.0,0.0,0.0
861,704,2112,128,1,163840,0,0,0,0,0.0,0.0,0.0,0.0
862,704,2176,0,1,262144,0,0,0,0,0.0,0.0,0.0,0.0
863,704,2176,64,0,262144,0,0,0,0,0.0,0.0,0.0,0.0
864,704,2176,128,1,163840,0,0,0,0,0.0,0.0,0.0,0.0
865,704,2240,0,1,262144,0,0,0,0,0.0,0.0,0.0,0.0
866,704,2240,64,0,262144,0,0,0,0,0.0,0.0,0.0,0.0
867,704,2240,128,1,163840,0,0,0,0,0.0,0.0,0.0,0.0
868,704,2304,0,1,262144,0,0,207,0,0.0,0.0,0.0,0.0
869,704,2304,64,0,262144,0,0,7101,0,0.0,0.0,0.0,0.0
870,704,2304,128,1,163840,0,0,0,0,0.0,0.0,0.0,0.0
871,704,2368,0,1,262144,0,0,159,0,0.0,0.0,0.0,0.0
872,704,2368,64,0,262144,0,0,0,0,0.0,0.0,0.0,0.0
873,704,2368,128,1,163840,0,0,765,0,0.0,0.0,0.0,0.0
874,704,2432,0,1,262144,0,0,289,0,0.0,0.0,0.0,0.0
875,704,2432,64,0,262144,0,0,0,0,0.0,0.0,0.0,0.0
876,704,2432,128,1,163840,0,0,0,0,0.0,0.0,0.0,0.0
877,704,2496,0,1,240064,0,0,183,0,0.0,0.0,0.0,0.0
878,704,2496,64,0,262144,0,0,0,0,0.0,0.0,0.0,0.0
879,704,2496,128,1,163840,0,0,0,0,0.0,0.0,0.0,0.0
880,704,2560,0,1,92224,0,0,0,0,0.0,0.0,0.0,0.0
881,704,2560,64,0,262144,0,0,0,0,0.0,0.0,0.0,0.0
882,704,2560,128,1,163840,0,0,0,0,0.0,0.0,0.0,0.0
883,704,2624,0,1,1664,0,0,0,0,0.0,0.0,0.0,0.0
884,704,2624,64,0,177472,0,0,0,0,0.0,0.0,0.0,0.0
885,704,2624,128,1,163840,0,0,7596,0,0.0,0.0,0.0,0.0
886,704,2688,64,0,21184,0,0,0,0,0.0,0.0,0.0,0.0
887,704,2688,128,1,150656,0,0,494,0,0.0,0.0,0.0,0.0
888,704,2752,128,1,24704,0,0,0,0,0.0,0.0,0.0,0.0
889,768,0,0,1,23040,0,0,0,0,0.0,0.0,0.0,0.0
890,768,64,0,1,233809,596,0,1202,596,0.0,0.0,0.0,0.0
891,768,64,64,0,229429,7498,4466,8102,3032,0.2862820512820513,0.44513106747732484,0.35534691279439845,0.5956255001333689
892,768,64,128,1,144993,18270,6194,679,12076,0.3268774077787746,0.49270174601280675,0.9012076240360832,0.3390257252326218
893,768,128,0,1,262144,173,7,318,166,0.014256619144602852,0.028112449799196786,0.021538461538461538,0.04046242774566474
894,768,128,64,0,262144,22505,18734,17852,3771,0.46420695294496617,0.634072870657122,0.5120537910676215,0.8324372361697401
895,768,128,128,1,163840,9244,0,20,9244,0.0,0.0,0.0,0.0
896,768,192,0,1,262144,22873,15845,5339,7028,0.5616404366936055,0.7192954581564791,0.747970166163142,0.6927381628994885
897,768,192,64,0,262144,23864,20001,35742,3863,0.3355534677717008,0.5024934993153868,0.35880738388676603,0.8381243714381496
898,768,192,128,1,163840,12976,473,1946,12503,0.031698163785015415,0.06144852224748295,0.19553534518396032,0.036451911220715165
899,768,256,0,1,262144,5010,0,0,5010,0.0,0.0,0.0,0.0
900,768,256,64,0,262144,53643,12328,15723,41315,0.17772395698180665,0.30180919039341936,0.43948522334319634,0.22981563298100405
901,768,256,128,1,163840,9859,3949,890,5910,0.367383012373244,0.5373520206830862,0.8160777020045464,0.40054772289278834
902,768,320,0,1,262144,0,0,0,0,0.0,0.0,0.0,0.0
903,768,320,64,0,262144,4917,0,0,4917,0.0,0.0,0.0,0.0
904,768,320,128,1,163840,0,0,0,0,0.0,0.0,0.0,0.0
905,768,384,0,1,262144,0,0,0,0,0.0,0.0,0.0,0.0
906,768,384,64,0,262144,0,0,0,0,0.0,0.0,0.0,0.0
907,768,384,128,1,163840,0,0,0,0,0.0,0.0,0.0,0.0
908,768,448,0,1,262144,14975,283,1,14692,0.018896901709401708,0.037092863228258735,0.9964788732394366,0.018898163606010016
909,768,448,64,0,262144,0,0,0,0,0.0,0.0,0.0,0.0
910,768,448,128,1,163840,0,0,0,0,0.0,0.0,0.0,0.0
911,768,512,0,1,262144,58768,28655,6756,30113,0.43732067639338257,0.6085220696758301,0.8092118268334698,0.4875952899537163
912,768,512,64,0,262144,22208,14779,4624,7429,0.5507975551580203,0.7103410155968374,0.7616863371643561,0.6654809077809798
913,768,512,128,1,163840,0,0,0,0,0.0,0.0,0.0,0.0
914,768,576,0,1,262144,10957,7788,7200,3169,0.4289254832846836,0.6003468876469454,0.5196156925540433,0.7107784977639865
915,768,576,64,0,262144,31083,24952,22464,6131,0.46598315498534,0.6357278436667984,0.526235869748608,0.8027539169320851
916,768,576,128,1,163840,20321,7823,5437,12498,0.30371146828169887,0.4659182275691611,0.5899698340874812,0.38497121204665125
917,768,640,0,1,262144,2063,2003,11490,60,0.1477901571607762,0.2575212136796092,0.14844734306677537,0.9709161415414445
918,768,640,64,0,262144,40918,29508,26560,11410,0.4372980823379472,0.6085001959045635,0.5262895056003425,0.7211496163057823
919,768,640,128,1,163840,29420,8885,2953,20535,0.27445710931949463,0.4307043482476126,0.7505490792363575,0.3020054384772264
920,768,704,0,1,262144,0,0,0,0,0.0,0.0,0.0,0.0
921,768,704,64,0,262144,210,210,297,0,0.41420118343195267,0.5857740585774058,0.41420118343195267,1.0
922,768,704,128,1,163840,24228,16395,9558,7833,0.4852601669330492,0.6534345668679381,0.6317188764304704,0.6766963843486875
923,768,768,0,1,262144,0,0,540,0,0.0,0.0,0.0,0.0
924,768,768,64,0,262144,0,0,9670,0,0.0,0.0,0.0,0.0
925,768,768,128,1,163840,0,0,0,0,0.0,0.0,0.0,0.0
926,768,832,0,1,262144,0,0,646,0,0.0,0.0,0.0,0.0
927,768,832,64,0,262144,0,0,23683,0,0.0,0.0,0.0,0.0
928,768,832,128,1,163840,0,0,1004,0,0.0,0.0,0.0,0.0
929,768,896,0,1,262144,0,0,0,0,0.0,0.0,0.0,0.0
930,768,896,64,0,262144,0,0,0,0,0.0,0.0,0.0,0.0
931,768,896,128,1,163840,0,0,1773,0,0.0,0.0,0.0,0.0
932,768,960,0,1,262144,0,0,0,0,0.0,0.0,0.0,0.0
933,768,960,64,0,262144,0,0,6,0,0.0,0.0,0.0,0.0
934,768,960,128,1,163840,0,0,0,0,0.0,0.0,0.0,0.0
935,768,1024,0,1,262144,0,0,0,0,0.0,0.0,0.0,0.0
936,768,1024,64,0,262144,0,0,0,0,0.0,0.0,0.0,0.0
937,768,1024,128,1,163840,0,0,0,0,0.0,0.0,0.0,0.0
938,768,1088,0,1,262144,2,0,0,2,0.0,0.0,0.0,0.0
939,768,1088,64,0,262144,0,0,0,0,0.0,0.0,0.0,0.0
940,768,1088,128,1,163840,0,0,0,0,0.0,0.0,0.0,0.0
941,768,1152,0,1,262144,2903,51,0,2852,0.01756803306923872,0.034529451591062965,1.0,0.01756803306923872
942,768,1152,64,0,262144,0,0,0,0,0.0,0.0,0.0,0.0
943,768,1152,128,1,163840,0,0,0,0,0.0,0.0,0.0,0.0
944,768,1216,0,1,262144,0,0,0,0,0.0,0.0,0.0,0.0
945,768,1216,64,0,262144,0,0,0,0,0.0,0.0,0.0,0.0
946,768,1216,128,1,163840,0,0,0,0,0.0,0.0,0.0,0.0
947,768,1280,0,1,262144,0,0,0,0,0.0,0.0,0.0,0.0
948,768,1280,64,0,262144,0,0,0,0,0.0,0.0,0.0,0.0
949,768,1280,128,1,163840,0,0,0,0,0.0,0.0,0.0,0.0
950,768,1344,0,1,262144,0,0,0,0,0.0,0.0,0.0,0.0
951,768,1344,64,0,262144,29,0,0,29,0.0,0.0,0.0,0.0
952,768,1344,128,1,163840,0,0,0,0,0.0,0.0,0.0,0.0
953,768,1408,0,1,262144,0,0,28,0,0.0,0.0,0.0,0.0
954,768,1408,64,0,262144,4515,1179,111,3336,0.25486381322957197,0.4062015503875969,0.913953488372093,0.26112956810631227
955,768,1408,128,1,163840,13778,1406,517,12372,0.09835606855543896,0.179096872810649,0.7311492459698388,0.10204674118159385
956,768,1472,0,1,262144,9350,4583,1803,4767,0.4109208284766431,0.5824860193187595,0.7176636392107736,0.49016042780748664
957,768,1472,64,0,262144,7352,4275,7763,3077,0.2828316242143566,0.44094894275399693,0.35512543611895664,0.581474428726877
958,768,1472,128,1,163840,7528,3332,157,4196,0.4335718932986337,0.6048833620767904,0.9550014330753798,0.44261424017003187
959,768,1536,0,1,262144,34106,29333,10400,4773,0.6590796746506089,0.7945123850539688,0.7382528376915913,0.8600539494517094
960,768,1536,64,0,262144,18615,16678,7777,1937,0.6319339193695059,0.774460181100534,0.6819873236556941,0.8959441310770884
961,768,1536,128,1,163840,8049,3612,663,4437,0.41460055096418735,0.5861733203505355,0.8449122807017544,0.44875139768915395
962,768,1600,0,1,262144,0,0,0,0,0.0,0.0,0.0,0.0
963,768,1600,64,0,262144,0,0,0,0,0.0,0.0,0.0,0.0
964,768,1600,128,1,163840,323,0,0,323,0.0,0.0,0.0,0.0
965,768,1664,0,1,262144,0,0,0,0,0.0,0.0,0.0,0.0
966,768,1664,64,0,262144,0,0,0,0,0.0,0.0,0.0,0.0
967,768,1664,128,1,163840,0,0,0,0,0.0,0.0,0.0,0.0
968,768,1728,0,1,262144,0,0,0,0,0.0,0.0,0.0,0.0
969,768,1728,64,0,262144,303,10,48,293,0.02849002849002849,0.055401662049861494,0.1724137931034483,0.033003300330033
970,768,1728,128,1,163840,0,0,0,0,0.0,0.0,0.0,0.0
971,768,1792,0,1,262144,6004,376,186,5628,0.06074313408723748,0.11452939384709107,0.6690391459074733,0.0626249167221852
972,768,1792,64,0,262144,674,0,0,674,0.0,0.0,0.0,0.0
973,768,1792,128,1,163840,0,0,0,0,0.0,0.0,0.0,0.0
974,768,1856,0,1,262144,135,0,0,135,0.0,0.0,0.0,0.0
975,768,1856,64,0,262144,235,0,0,235,0.0,0.0,0.0,0.0
976,768,1856,128,1,163840,0,0,0,0,0.0,0.0,0.0,0.0
977,768,1920,0,1,262144,0,0,0,0,0.0,0.0,0.0,0.0
978,768,1920,64,0,262144,0,0,0,0,0.0,0.0,0.0,0.0
979,768,1920,128,1,163840,384,0,0,384,0.0,0.0,0.0,0.0
980,768,1984,0,1,262144,0,0,0,0,0.0,0.0,0.0,0.0
981,768,1984,64,0,262144,0,0,0,0,0.0,0.0,0.0,0.0
982,768,1984,128,1,163840,0,0,0,0,0.0,0.0,0.0,0.0
983,768,2048,0,1,262144,1152,566,2797,586,0.14332742466447201,0.25071982281284605,0.16830211121022895,0.4913194444444444
984,768,2048,64,0,262144,1479,0,0,1479,0.0,0.0,0.0,0.0
985,768,2048,128,1,163840,0,0,0,0,0.0,0.0,0.0,0.0
986,768,2112,0,1,262144,3402,2805,2141,597,0.506043658668591,0.6720172496406325,0.5671249494541043,0.8245149911816578
987,768,2112,64,0,262144,3039,160,9,2879,0.05249343832020997,0.09975062344139651,0.9467455621301775,0.05264889766370517
988,768,2112,128,1,163840,0,0,0,0,0.0,0.0,0.0,0.0
989,768,2176,0,1,262144,0,0,0,0,0.0,0.0,0.0,0.0
990,768,2176,64,0,262144,0,0,0,0,0.0,0.0,0.0,0.0
991,768,2176,128,1,163840,0,0,0,0,0.0,0.0,0.0,0.0
992,768,2240,0,1,262144,0,0,0,0,0.0,0.0,0.0,0.0
993,768,2240,64,0,262144,0,0,0,0,0.0,0.0,0.0,0.0
994,768,2240,128,1,163840,0,0,0,0,0.0,0.0,0.0,0.0
995,768,2304,0,1,262144,0,0,0,0,0.0,0.0,0.0,0.0
996,768,2304,64,0,262144,0,0,0,0,0.0,0.0,0.0,0.0
997,768,2304,128,1,163840,0,0,0,0,0.0,0.0,0.0,0.0
998,768,2368,0,1,262144,0,0,0,0,0.0,0.0,0.0,0.0
999,768,2368,64,0,262144,0,0,0,0,0.0,0.0,0.0,0.0
1000,768,2368,128,1,163840,0,0,0,0,0.0,0.0,0.0,0.0
1001,768,2432,0,1,262144,0,0,0,0,0.0,0.0,0.0,0.0
1002,768,2432,64,0,262144,0,0,0,0,0.0,0.0,0.0,0.0
1003,768,2432,128,1,163840,0,0,0,0,0.0,0.0,0.0,0.0
1004,768,2496,0,1,240064,0,0,0,0,0.0,0.0,0.0,0.0
1005,768,2496,64,0,262144,0,0,0,0,0.0,0.0,0.0,0.0
1006,768,2496,128,1,163840,0,0,0,0,0.0,0.0,0.0,0.0
1007,768,2560,0,1,92224,0,0,0,0,0.0,0.0,0.0,0.0
1008,768,2560,64,0,262144,0,0,0,0,0.0,0.0,0.0,0.0
1009,768,2560,128,1,163840,0,0,0,0,0.0,0.0,0.0,0.0
1010,768,2624,0,1,1664,0,0,0,0,0.0,0.0,0.0,0.0
1011,768,2624,64,0,177472,0,0,0,0,0.0,0.0,0.0,0.0
1012,768,2624,128,1,163840,0,0,0,0,0.0,0.0,0.0,0.0
1013,768,2688,64,0,21184,0,0,0,0,0.0,0.0,0.0,0.0
1014,768,2688,128,1,150656,0,0,0,0,0.0,0.0,0.0,0.0
1015,768,2752,128,1,24704,0,0,0,0,0.0,0.0,0.0,0.0
1016,832,0,0,1,26235,412,0,0,412,0.0,0.0,0.0,0.0
1017,832,0,64,1,628,0,0,0,0,0.0,0.0,0.0,0.0
1018,832,0,128,1,28,0,0,0,0,0.0,0.0,0.0,0.0
1019,832,64,0,1,255340,21544,4655,5849,16889,0.16993392472529478,0.2905017473789316,0.44316450875856817,0.21606943928704048
1020,832,64,64,0,252280,12076,2532,1292,9544,0.18940754039497307,0.31849056603773584,0.6621338912133892,0.20967207684663797
1021,832,64,128,1,155292,28558,6987,389,21571,0.24137216291843713,0.3888796126231424,0.9472613882863341,0.24465999019539184
1022,832,128,0,1,262144,16395,3416,3138,12979,0.17488353043567295,0.29770360364286025,0.5212084223375039,0.20835620616041475
1023,832,128,64,0,262144,36557,27496,23453,9061,0.4581903016163973,0.6284369071835074,0.5396769318337946,0.7521404929288509
1024,832,128,128,1,163840,13144,897,2,12247,0.06823368324965769,0.12775048066652425,0.9977753058954394,0.06824406573341449
1025,832,192,0,1,262144,15667,10050,5070,5617,0.48464097989101607,0.6528729658622145,0.6646825396825397,0.6414757132826961
1026,832,192,64,0,262144,50700,29905,29097,20795,0.3747634622855496,0.5452042806876811,0.506847225517779,0.5898422090729784
1027,832,192,128,1,163840,44163,9722,7046,34441,0.18984944052803218,0.31911506458124766,0.5797948473282443,0.22013903041007177
1028,832,256,0,1,262144,744,0,0,744,0.0,0.0,0.0,0.0
1029,832,256,64,0,262144,45863,7248,7376,38615,0.13614079903829898,0.23965480185825053,0.49562363238512036,0.15803588949698014
1030,832,256,128,1,163840,31457,10857,5890,20600,0.2907060808097036,0.4504605426935524,0.6482952170538007,0.3451378071653368
1031,832,320,0,1,262144,0,0,0,0,0.0,0.0,0.0,0.0
1032,832,320,64,0,262144,0,0,0,0,0.0,0.0,0.0,0.0
1033,832,320,128,1,163840,0,0,0,0,0.0,0.0,0.0,0.0
1034,832,384,0,1,262144,0,0,0,0,0.0,0.0,0.0,0.0
1035,832,384,64,0,262144,0,0,0,0,0.0,0.0,0.0,0.0
1036,832,384,128,1,163840,0,0,0,0,0.0,0.0,0.0,0.0
1037,832,448,0,1,262144,15518,0,0,15518,0.0,0.0,0.0,0.0
1038,832,448,64,0,262144,0,0,0,0,0.0,0.0,0.0,0.0
1039,832,448,128,1,163840,0,0,0,0,0.0,0.0,0.0,0.0
1040,832,512,0,1,262144,35255,15384,11792,19871,0.3269921567793908,0.4928320866236325,0.5660877244627612,0.43636363636363634
1041,832,512,64,0,262144,8376,3181,1342,5195,0.32733072648693146,0.4932165284130553,0.7032942737121379,0.37977554918815665
1042,832,512,128,1,163840,1617,360,54,1257,0.21543985637342908,0.35450516986706054,0.8695652173913043,0.22263450834879406
1043,832,576,0,1,262144,23696,19215,7664,4481,0.6127232142857143,0.7598615916955017,0.7148703448789018,0.8108963538149899
1044,832,576,64,0,262144,42832,40127,28392,2705,0.5633915534089633,0.7207299440507944,0.5856331820370992,0.936846283152783
1045,832,576,128,1,163840,25617,9346,4068,16271,0.3148391443489978,0.4789013860777331,0.6967347547338602,0.36483585119256745
1046,832,640,0,1,262144,11267,8522,2346,2745,0.6260192463086756,0.7700022588660492,0.7841369157158631,0.7563681547883199
1047,832,640,64,0,262144,44589,32921,30733,11668,0.43707017869945036,0.6082795192298809,0.5171866654098721,0.7383211105878131
1048,832,640,128,1,163840,26794,10622,1515,16172,0.37521636228761174,0.5456833885592458,0.8751750844525006,0.39643203702321417
1049,832,704,0,1,262144,36,0,140,36,0.0,0.0,0.0,0.0
1050,832,704,64,0,262144,6894,6482,3153,412,0.6451677117547526,0.7843184705668824,0.672755578619616,0.9402378880185669
1051,832,704,128,1,163840,29760,24086,4974,5674,0.6934415846144988,0.8189731383883033,0.8288368891947694,0.8093413978494624
1052,832,768,0,1,262144,8575,5899,3849,2676,0.47480682549903414,0.6438901926540413,0.6051497743126796,0.687930029154519
1053,832,768,64,0,262144,239,239,11431,0,0.02047986289631534,0.04013771097489294,0.02047986289631534,1.0
1054,832,768,128,1,163840,94,80,1076,14,0.06837606837606838,0.128,0.06920415224913495,0.851063829787234
1055,832,832,0,1,262144,3868,2147,1655,1721,0.38873800470758646,0.5598435462842243,0.5647027880063125,0.5550672182006204
1056,832,832,64,0,262144,17766,5753,9382,12013,0.21191247974068073,0.34971581410899366,0.38011232243145027,0.3238207812675898
1057,832,832,128,1,163840,4134,2167,12841,1967,0.1276583210603829,0.22641312297565563,0.14438965884861407,0.5241896468311563
1058,832,896,0,1,262144,0,0,0,0,0.0,0.0,0.0,0.0
1059,832,896,64,0,262144,21600,2687,349,18913,0.1224201558157547,0.21813606104887157,0.8850461133069829,0.12439814814814815
1060,832,896,128,1,163840,1712,0,178,1712,0.0,0.0,0.0,0.0
1061,832,960,0,1,262144,0,0,0,0,0.0,0.0,0.0,0.0
1062,832,960,64,0,262144,2622,541,211,2081,0.1909636427815037,0.3206876111440427,0.7194148936170213,0.20633104500381388
1063,832,960,128,1,163840,1990,82,148,1908,0.03835360149672591,0.07387387387387387,0.3565217391304348,0.04120603015075377
1064,832,1024,0,1,262144,0,0,0,0,0.0,0.0,0.0,0.0
1065,832,1024,64,0,262144,6276,0,0,6276,0.0,0.0,0.0,0.0
1066,832,1024,128,1,163840,15365,4826,642,10539,0.30149309677016306,0.4633034128546057,0.8825896122896855,0.3140904653433127
1067,832,1088,0,1,262144,11752,10216,2486,1536,0.7175165051271246,0.8355279299910036,0.8042827901117934,0.8692988427501702
1068,832,1088,64,0,262144,0,0,34,0,0.0,0.0,0.0,0.0
1069,832,1088,128,1,163840,2466,641,68,1825,0.25295974743488553,0.4037795275590551,0.9040902679830748,0.2599351175993512
1070,832,1152,0,1,262144,19992,15151,7258,4841,0.556,0.7146529562982005,0.676112276317551,0.7578531412565026
1071,832,1152,64,0,262144,27404,8927,5391,18477,0.27220612898307667,0.427927711998466,0.6234809330912139,0.3257553641804116
1072,832,1152,128,1,163840,0,0,0,0,0.0,0.0,0.0,0.0
1073,832,1216,0,1,262144,0,0,3749,0,0.0,0.0,0.0,0.0
1074,832,1216,64,0,262144,0,0,95,0,0.0,0.0,0.0,0.0
1075,832,1216,128,1,163840,0,0,0,0,0.0,0.0,0.0,0.0
1076,832,1280,0,1,262144,0,0,440,0,0.0,0.0,0.0,0.0
1077,832,1280,64,0,262144,1927,1906,12638,21,0.13086165465156196,0.23143707121607673,0.13105060506050606,0.9891022314478464
1078,832,1280,128,1,163840,0,0,0,0,0.0,0.0,0.0,0.0
1079,832,1344,0,1,262144,0,0,0,0,0.0,0.0,0.0,0.0
1080,832,1344,64,0,262144,17700,15496,8880,2204,0.5829947328818661,0.7365719174826505,0.6357072530357729,0.8754802259887006
1081,832,1344,128,1,163840,0,0,0,0,0.0,0.0,0.0,0.0
1082,832,1408,0,1,262144,33,0,3,33,0.0,0.0,0.0,0.0
1083,832,1408,64,0,262144,7919,6153,2297,1766,0.6022905246671887,0.7517869142892052,0.7281656804733728,0.7769920444500569
1084,832,1408,128,1,163840,31280,20681,5140,10599,0.5678473366282263,0.7243655978003888,0.8009372216412998,0.6611572890025575
1085,832,1472,0,1,262144,19354,12998,2762,6356,0.5877192982456141,0.7403314917127072,0.824746192893401,0.6715924356722125
1086,832,1472,64,0,262144,39037,33020,10013,6017,0.673190621814475,0.8046789326184964,0.7673181047103386,0.8458641801367933
1087,832,1472,128,1,163840,31051,20912,1563,10139,0.6411970319494695,0.7813772745955236,0.930456062291435,0.6734726739879553
1088,832,1536,0,1,262144,46602,37770,3987,8832,0.7466049931803357,0.8549214001969239,0.9045190028019254,0.8104802368997038
1089,832,1536,64,0,262144,46974,44885,9989,2089,0.7879676281094745,0.8814115151991203,0.8179647920691038,0.9555285902839868
1090,832,1536,128,1,163840,19579,16310,4207,3269,0.6856974690994703,0.8135474860335196,0.7949505288297509,0.8330353950661423
1091,832,1600,0,1,262144,0,0,0,0,0.0,0.0,0.0,0.0
1092,832,1600,64,0,262144,0,0,0,0,0.0,0.0,0.0,0.0
1093,832,1600,128,1,163840,12153,9432,1990,2721,0.6669023545216715,0.8001696712619301,0.8257748205218001,0.7761046655146877
1094,832,1664,0,1,262144,0,0,0,0,0.0,0.0,0.0,0.0
1095,832,1664,64,0,262144,6968,0,0,6968,0.0,0.0,0.0,0.0
1096,832,1664,128,1,163840,538,0,0,538,0.0,0.0,0.0,0.0
1097,832,1728,0,1,262144,6143,5384,289,759,0.8370646766169154,0.9113067027758971,0.9490569363652388,0.8764447338433989
1098,832,1728,64,0,262144,28238,17758,3939,10480,0.5518848867203282,0.7112446180034044,0.8184541641701618,0.6288689000637439
1099,832,1728,128,1,163840,9360,6650,2144,2710,0.5780598052851182,0.7326209099922882,0.7561974073231749,0.7104700854700855
1100,832,1792,0,1,262144,43370,16414,1604,26956,0.3649664250455819,0.5347624942985599,0.910977910977911,0.3784643762969795
1101,832,1792,64,0,262144,35729,4481,39,31248,0.12527957951241334,0.22266391711595318,0.9913716814159292,0.12541632847266926
1102,832,1792,128,1,163840,12269,2954,434,9315,0.23254349366291427,0.37733920929935494,0.871900826446281,0.24076941886054284
1103,832,1856,0,1,262144,8236,1875,39,6361,0.22658610271903323,0.3694581280788177,0.9796238244514106,0.22765905779504614
1104,832,1856,64,0,262144,1018,0,0,1018,0.0,0.0,0.0,0.0
1105,832,1856,128,1,163840,5623,1045,10,4578,0.18551393573584235,0.31296795447738845,0.990521327014218,0.18584385559309977
1106,832,1920,0,1,262144,1550,44,406,1506,0.022494887525562373,0.044,0.09777777777777778,0.02838709677419355
1107,832,1920,64,0,262144,0,0,0,0,0.0,0.0,0.0,0.0
1108,832,1920,128,1,163840,6261,0,0,6261,0.0,0.0,0.0,0.0
1109,832,1984,0,1,262144,0,0,0,0,0.0,0.0,0.0,0.0
1110,832,1984,64,0,262144,0,0,0,0,0.0,0.0,0.0,0.0
1111,832,1984,128,1,163840,1063,0,0,1063,0.0,0.0,0.0,0.0
1112,832,2048,0,1,262144,11301,9429,21326,1872,0.2889937781591933,0.4484021304926764,0.3065842952365469,0.8343509423944784
1113,832,2048,64,0,262144,10418,7484,9626,2934,0.37337856715226503,0.5437372856727696,0.4374050263004091,0.7183720483778077
1114,832,2048,128,1,163840,1913,186,105,1727,0.09217046580773043,0.16878402903811252,0.6391752577319587,0.09722948248823837
1115,832,2112,0,1,262144,35508,30582,6238,4926,0.7325731806640157,0.8456476053533901,0.830581205866377,0.8612706995606624
1116,832,2112,64,0,262144,33203,28753,7268,4450,0.7104593412567023,0.8307234485149659,0.7982288109713778,0.8659759660271662
1117,832,2112,128,1,163840,1520,273,234,1247,0.1556442417331813,0.2693635915145535,0.5384615384615384,0.17960526315789474
1118,832,2176,0,1,262144,0,0,0,0,0.0,0.0,0.0,0.0
1119,832,2176,64,0,262144,0,0,0,0,0.0,0.0,0.0,0.0
1120,832,2176,128,1,163840,0,0,0,0,0.0,0.0,0.0,0.0
1121,832,2240,0,1,262144,0,0,0,0,0.0,0.0,0.0,0.0
1122,832,2240,64,0,262144,0,0,0,0,0.0,0.0,0.0,0.0
1123,832,2240,128,1,163840,612,0,5,612,0.0,0.0,0.0,0.0
1124,832,2304,0,1,262144,0,0,0,0,0.0,0.0,0.0,0.0
1125,832,2304,64,0,262144,10262,6626,2504,3636,0.5190349365502115,0.6833745874587459,0.7257393209200438,0.6456831027090236
1126,832,2304,128,1,163840,0,0,0,0,0.0,0.0,0.0,0.0
1127,832,2368,0,1,262144,0,0,0,0,0.0,0.0,0.0,0.0
1128,832,2368,64,0,262144,0,0,0,0,0.0,0.0,0.0,0.0
1129,832,2368,128,1,163840,0,0,0,0,0.0,0.0,0.0,0.0
1130,832,2432,0,1,262144,0,0,0,0,0.0,0.0,0.0,0.0
1131,832,2432,64,0,262144,0,0,0,0,0.0,0.0,0.0,0.0
1132,832,2432,128,1,163840,0,0,0,0,0.0,0.0,0.0,0.0
1133,832,2496,0,1,240064,0,0,0,0,0.0,0.0,0.0,0.0
1134,832,2496,64,0,262144,0,0,0,0,0.0,0.0,0.0,0.0
1135,832,2496,128,1,163840,0,0,0,0,0.0,0.0,0.0,0.0
1136,832,2560,0,1,92224,0,0,0,0,0.0,0.0,0.0,0.0
1137,832,2560,64,0,262144,0,0,0,0,0.0,0.0,0.0,0.0
1138,832,2560,128,1,163840,0,0,0,0,0.0,0.0,0.0,0.0
1139,832,2624,0,1,1664,0,0,0,0,0.0,0.0,0.0,0.0
1140,832,2624,64,0,177472,0,0,148,0,0.0,0.0,0.0,0.0
1141,832,2624,128,1,163840,423,0,14,423,0.0,0.0,0.0,0.0
1142,832,2688,64,0,21184,0,0,0,0,0.0,0.0,0.0,0.0
1143,832,2688,128,1,150656,0,0,0,0,0.0,0.0,0.0,0.0
1144,832,2752,128,1,24704,0,0,0,0,0.0,0.0,0.0,0.0
1145,896,0,0,1,45414,0,0,0,0,0.0,0.0,0.0,0.0
1146,896,0,64,1,18896,0,0,0,0,0.0,0.0,0.0,0.0
1147,896,0,128,1,5480,0,0,0,0,0.0,0.0,0.0,0.0
1148,896,64,0,1,262144,17084,3748,7118,13336,0.15486323444343442,0.2681932021466905,0.34492913675685627,0.21938656052446734
1149,896,64,64,0,262144,9730,55,39,9675,0.005630054253250077,0.011197068403908795,0.5851063829787234,0.005652620760534429
1150,896,64,128,1,163202,35547,4361,162,31186,0.12212607465904954,0.21766907911155478,0.9641830643378289,0.12268264551157622
1151,896,128,0,1,262144,40120,28503,12604,11617,0.5406076928912829,0.7018109741834612,0.6933855547716934,0.7104436689930209
1152,896,128,64,0,262144,45981,40865,35633,5116,0.5007106623863553,0.6672980674238033,0.5341969724698685,0.8887366520954307
1153,896,128,128,1,163840,38554,25687,3396,12867,0.6123241954707985,0.7595546816091784,0.88323075336107,0.6662603102142449
1154,896,192,0,1,262144,286,75,203,211,0.15337423312883436,0.26595744680851063,0.2697841726618705,0.26223776223776224
1155,896,192,64,0,262144,49934,25907,20838,24027,0.36606284971457637,0.5359385181890587,0.5542197026419938,0.5188248488004166
1156,896,192,128,1,163840,23093,5872,3472,17221,0.22104272539055148,0.36205567715880016,0.6284246575342466,0.25427618758931275
1157,896,256,0,1,262144,0,0,0,0,0.0,0.0,0.0,0.0
1158,896,256,64,0,262144,12524,0,7,12524,0.0,0.0,0.0,0.0
1159,896,256,128,1,163840,29502,14774,9178,14728,0.38195449844881074,0.552774348037565,0.616816967267869,0.5007796081621585
1160,896,320,0,1,262144,0,0,0,0,0.0,0.0,0.0,0.0
1161,896,320,64,0,262144,0,0,0,0,0.0,0.0,0.0,0.0
1162,896,320,128,1,163840,0,0,75,0,0.0,0.0,0.0,0.0
1163,896,384,0,1,262144,0,0,0,0,0.0,0.0,0.0,0.0
1164,896,384,64,0,262144,0,0,0,0,0.0,0.0,0.0,0.0
1165,896,384,128,1,163840,0,0,0,0,0.0,0.0,0.0,0.0
1166,896,448,0,1,262144,14502,0,0,14502,0.0,0.0,0.0,0.0
1167,896,448,64,0,262144,0,0,0,0,0.0,0.0,0.0,0.0
1168,896,448,128,1,163840,0,0,0,0,0.0,0.0,0.0,0.0
1169,896,512,0,1,262144,13772,10126,2015,3646,0.6414138214987014,0.7815382240574229,0.8340334404085331,0.7352599477200116
1170,896,512,64,0,262144,16400,6198,4438,10202,0.2974373740282177,0.45849977807367953,0.5827378713802182,0.3779268292682927
1171,896,512,128,1,163840,9170,5310,3085,3860,0.43329253365973075,0.6046114432109309,0.6325193567599762,0.579062159214831
1172,896,576,0,1,262144,34455,30473,10916,3982,0.6716404751934055,0.8035704867886715,0.7362584261518761,0.8844289653170803
1173,896,576,64,0,262144,35508,29251,16349,6257,0.564070424436431,0.7212851999802732,0.641469298245614,0.8237861890278247
1174,896,576,128,1,163840,19159,14872,5773,4287,0.5965024867639981,0.7472615817505779,0.720368127875999,0.7762409311550708
1175,896,640,0,1,262144,20256,12491,5851,7765,0.4784540544681503,0.647235608062594,0.6810053429287973,0.6166567930489731
1176,896,640,64,0,262144,37110,27565,25751,9545,0.4385071825138003,0.6096697852387588,0.5170117788281191,0.7427917003503098
1177,896,640,128,1,163840,19462,9177,1761,10285,0.432408236347359,0.60375,0.8390016456390565,0.47153427191450004
1178,896,704,0,1,262144,13470,3800,3282,9670,0.22683858643744031,0.36979369404437523,0.5365715899463428,0.28210838901262064
1179,896,704,64,0,262144,19795,18616,17945,1179,0.49326974032856385,0.6606572503371424,0.5091764448456005,0.9404395049254862
1180,896,704,128,1,163840,30057,18407,3362,11650,0.5507944582423172,0.7103384401651681,0.8455602002848087,0.6124031007751938
1181,896,768,0,1,262144,34986,30736,14859,4250,0.6166315578292707,0.7628597312021445,0.6741090031801733,0.8785228377065112
1182,896,768,64,0,262144,11053,10554,4977,499,0.658390517779164,0.7940114354498947,0.6795441375313889,0.9548538858228536
1183,896,768,128,1,163840,6277,5493,1216,784,0.7330842119311357,0.8459879870629909,0.8187509315844388,0.8750995698582125
1184,896,832,0,1,262144,19449,12503,1614,6946,0.5936001519251769,0.7449800393255079,0.8856697598639938,0.6428608154660908
1185,896,832,64,0,262144,39278,22650,15419,16628,0.41409949357368775,0.5856723596261005,0.5949722871627834,0.5766586893426345
1186,896,832,128,1,163840,7361,81,1080,7280,0.00959601942897761,0.019009622154423846,0.06976744186046512,0.011003939682108409
1187,896,896,0,1,262144,32269,21434,8768,10835,0.5223091356580647,0.686206399769493,0.7096881001258195,0.664228826427841
1188,896,896,64,0,262144,55788,36191,8976,19597,0.5588135383855228,0.7169729087217077,0.8012708393295991,0.648723739872374
1189,896,896,128,1,163840,27327,9970,1279,17357,0.3485282807802559,0.5169017005391954,0.8863010045337363,0.36484063380539394
1190,896,960,0,1,262144,1011,945,2556,66,0.2649285113540791,0.41888297872340424,0.2699228791773779,0.9347181008902077
1191,896,960,64,0,262144,33117,26684,9604,6433,0.6246108471243651,0.7689359556227937,0.7353395061728395,0.8057493130416402
1192,896,960,128,1,163840,23292,11269,784,12023,0.4680594783186576,0.6376573772810864,0.9349539533726043,0.48381418512794094
1193,896,1024,0,1,262144,8376,467,264,7909,0.054050925925925926,0.10255847150543539,0.6388508891928865,0.05575453677172875
1194,896,1024,64,0,262144,20116,17923,7834,2193,0.641252236135957,0.7814182634665271,0.6958496719338432,0.8909823026446609
1195,896,1024,128,1,163840,29369,23898,4075,5471,0.714567635450305,0.8335251648006696,0.8543238122475244,0.8137151418162007
1196,896,1088,0,1,262144,42671,37858,7111,4813,0.7604756739383713,0.8639434048379735,0.8418688429807201,0.8872067680626187
1197,896,1088,64,0,262144,13452,13273,5505,179,0.7001635279843857,0.8236425690350605,0.7068377889019065,0.9866934284864705
1198,896,1088,128,1,163840,0,0,0,0,0.0,0.0,0.0,0.0
1199,896,1152,0,1,262144,5300,1780,191,3520,0.32416681843015843,0.4896162838674185,0.9030948756976154,0.33584905660377357
1200,896,1152,64,0,262144,29770,21746,1974,8024,0.6850428427419355,0.8130865582351842,0.916779089376054,0.730466912999664
1201,896,1152,128,1,163840,0,0,39,0,0.0,0.0,0.0,0.0
1202,896,1216,0,1,262144,8430,5145,10170,3285,0.27661290322580645,0.4333543903979785,0.33594515181194906,0.6103202846975089
1203,896,1216,64,0,262144,3094,2906,2808,188,0.49237546594374787,0.6598546775658493,0.5085754287714386,0.9392372333548804
1204,896,1216,128,1,163840,0,0,434,0,0.0,0.0,0.0,0.0
1205,896,1280,0,1,262144,0,0,173,0,0.0,0.0,0.0,0.0
1206,896,1280,64,0,262144,16086,14924,18363,1162,0.4332201224999274,0.6045409434306199,0.44834319704389103,0.927763272410792
1207,896,1280,128,1,163840,0,0,0,0,0.0,0.0,0.0,0.0
1208,896,1344,0,1,262144,0,0,0,0,0.0,0.0,0.0,0.0
1209,896,1344,64,0,262144,22211,21878,15422,333,0.581351473440863,0.7352590277427703,0.5865415549597855,0.9850074287515195
1210,896,1344,128,1,163840,274,156,1,118,0.5672727272727273,0.7238979118329466,0.9936305732484076,0.5693430656934306
1211,896,1408,0,1,262144,0,0,0,0,0.0,0.0,0.0,0.0
1212,896,1408,64,0,262144,2370,2158,1748,212,0.5240407965031568,0.6876991714467814,0.5524833589349718,0.9105485232067511
1213,896,1408,128,1,163840,21041,11675,3439,9366,0.4769199346405229,0.64583045221961,0.7724626174407834,0.5548690651585001
1214,896,1472,0,1,262144,16876,16035,5312,841,0.7226879394267172,0.8390236245192685,0.7511594135007261,0.9501659160938611
1215,896,1472,64,0,262144,44830,40380,11137,4450,0.72149659620848,0.8382201832957954,0.7838189335559136,0.9007361142092349
1216,896,1472,128,1,163840,46670,35970,3755,10700,0.7133366385721368,0.8326870767984258,0.9054751415984896,0.7707306620955646
1217,896,1536,0,1,262144,47450,36095,4296,11355,0.6975418389827233,0.8218257988866247,0.8936396722042039,0.760695468914647
1218,896,1536,64,0,262144,45000,41396,6856,3604,0.7982875655661833,0.8878308240037747,0.8579126253834038,0.9199111111111111
1219,896,1536,128,1,163840,4729,4460,2098,269,0.6532884136516771,0.79028971383007,0.6800853918877706,0.9431169380418694
1220,896,1600,0,1,262144,316,0,0,316,0.0,0.0,0.0,0.0
1221,896,1600,64,0,262144,299,150,1,149,0.5,0.6666666666666666,0.9933774834437086,0.5016722408026756
1222,896,1600,128,1,163840,24197,22202,7093,1995,0.7095557686161713,0.8301054363269273,0.7578767707799966,0.9175517626152002
1223,896,1664,0,1,262144,0,0,2103,0,0.0,0.0,0.0,0.0
1224,896,1664,64,0,262144,30017,0,0,30017,0.0,0.0,0.0,0.0
1225,896,1664,128,1,163840,2185,0,0,2185,0.0,0.0,0.0,0.0
1226,896,1728,0,1,262144,36812,34475,4941,2337,0.8256891720355424,0.904523272288398,0.8746448142886137,0.9365152667608388
1227,896,1728,64,0,262144,49179,39676,8283,9503,0.690473704361143,0.8168996685128374,0.8272899768552305,0.8067671160454666
1228,896,1728,128,1,163840,35862,25342,3955,10520,0.6364618127935304,0.7778511026872726,0.8650032426528314,0.7066532820255423
1229,896,1792,0,1,262144,33811,21446,5070,12365,0.5515804634654459,0.7109917615661312,0.8087946899984915,0.6342906154801692
1230,896,1792,64,0,262144,46733,41349,6742,5384,0.7732398316970547,0.8721209820298659,0.8598074483791146,0.8847923309010763
1231,896,1792,128,1,163840,26902,18624,2851,8278,0.6259536853426545,0.7699526634557744,0.8672409778812573,0.6922905360196268
1232,896,1856,0,1,262144,36468,22012,4688,14456,0.5348430362523083,0.69693515704154,0.8244194756554307,0.6035976746736865
1233,896,1856,64,0,262144,11296,2531,124,8765,0.22162872154115587,0.36284137337825245,0.9532956685499059,0.22406161473087818
1234,896,1856,128,1,163840,2236,475,89,1761,0.20430107526881722,0.3392857142857143,0.8421985815602837,0.21243291592128802
1235,896,1920,0,1,262144,7742,2578,475,5164,0.3137398077157113,0.4776285317276517,0.8444153291844088,0.33298889175923535
1236,896,1920,64,0,262144,22818,11258,1292,11560,0.4669431771049357,0.6366206740556435,0.8970517928286853,0.49338241738978
1237,896,1920,128,1,163840,21684,8670,289,13014,0.3945751604241569,0.5658714877786117,0.967741935483871,0.39983397897066963
1238,896,1984,0,1,262144,10,0,0,10,0.0,0.0,0.0,0.0
1239,896,1984,64,0,262144,0,0,137,0,0.0,0.0,0.0,0.0
1240,896,1984,128,1,163840,11016,6343,7000,4673,0.35207593250444047,0.5207931360072252,0.47538034924679606,0.57579883805374
1241,896,2048,0,1,262144,44226,37630,5315,6596,0.7595728790294908,0.863360521274277,0.8762370473861917,0.850856961968073
1242,896,2048,64,0,262144,35959,30214,5452,5745,0.7296129047837531,0.8436719022687609,0.8471373296697134,0.8402347117550544
1243,896,2048,128,1,163840,9880,1800,1224,8080,0.16210374639769454,0.27898326100433973,0.5952380952380952,0.18218623481781376
1244,896,2112,0,1,262144,42216,32779,4892,9437,0.6958266111913051,0.8206341457308448,0.8701388335855167,0.7764591624028804
1245,896,2112,64,0,262144,49865,37101,8653,12764,0.6340100481903004,0.7760173187337245,0.8108799230668357,0.7440288779705204
1246,896,2112,128,1,163840,46155,12659,2239,33496,0.2615820142992933,0.41468887687746714,0.849711370653779,0.27427147654641965
1247,896,2176,0,1,262144,0,0,0,0,0.0,0.0,0.0,0.0
1248,896,2176,64,0,262144,6050,320,781,5730,0.04684526423656858,0.08949797231156481,0.29064486830154407,0.05289256198347107
1249,896,2176,128,1,163840,10560,9039,3860,1521,0.6268377253814147,0.770621083592651,0.7007519962787813,0.8559659090909091
1250,896,2240,0,1,262144,2765,0,0,2765,0.0,0.0,0.0,0.0
1251,896,2240,64,0,262144,0,0,0,0,0.0,0.0,0.0,0.0
1252,896,2240,128,1,163840,17159,12245,1867,4914,0.6435929780300641,0.7831537206996898,0.8677012471655329,0.7136196748062241
1253,896,2304,0,1,262144,4055,2981,4755,1074,0.33836549375709424,0.5056398948350437,0.38534126163391935,0.7351418002466091
1254,896,2304,64,0,262144,32134,24506,4134,7628,0.67569207014448,0.8064632902227926,0.8556564245810055,0.7626190328001494
1255,896,2304,128,1,163840,0,0,0,0,0.0,0.0,0.0,0.0
1256,896,2368,0,1,262144,0,0,0,0,0.0,0.0,0.0,0.0
1257,896,2368,64,0,262144,0,0,0,0,0.0,0.0,0.0,0.0
1258,896,2368,128,1,163840,0,0,0,0,0.0,0.0,0.0,0.0
1259,896,2432,0,1,262144,961,0,0,961,0.0,0.0,0.0,0.0
1260,896,2432,64,0,262144,0,0,0,0,0.0,0.0,0.0,0.0
1261,896,2432,128,1,163840,0,0,0,0,0.0,0.0,0.0,0.0
1262,896,2496,0,1,240064,1610,0,0,1610,0.0,0.0,0.0,0.0
1263,896,2496,64,0,262144,0,0,0,0,0.0,0.0,0.0,0.0
1264,896,2496,128,1,163840,0,0,0,0,0.0,0.0,0.0,0.0
1265,896,2560,0,1,92224,0,0,0,0,0.0,0.0,0.0,0.0
1266,896,2560,64,0,262144,0,0,0,0,0.0,0.0,0.0,0.0
1267,896,2560,128,1,163840,733,0,0,733,0.0,0.0,0.0,0.0
1268,896,2624,0,1,1664,0,0,0,0,0.0,0.0,0.0,0.0
1269,896,2624,64,0,177472,0,0,664,0,0.0,0.0,0.0,0.0
1270,896,2624,128,1,163840,15672,55,0,15617,0.00350944359367024,0.00699434094232848,1.0,0.00350944359367024
1271,896,2688,64,0,21184,0,0,0,0,0.0,0.0,0.0,0.0
1272,896,2688,128,1,150656,0,0,0,0,0.0,0.0,0.0,0.0
1273,896,2752,128,1,24704,0,0,0,0,0.0,0.0,0.0,0.0
1274,960,0,0,1,80664,0,0,0,0,0.0,0.0,0.0,0.0
1275,960,0,64,1,60996,2358,0,0,2358,0.0,0.0,0.0,0.0
1276,960,0,128,1,33696,5307,0,0,5307,0.0,0.0,0.0,0.0
1277,960,64,0,1,262144,3828,1369,3749,2459,0.1806783687475254,0.30605857366420747,0.26748729972645563,0.35762800417972834
1278,960,64,64,0,262144,10254,1478,103,8776,0.14270541662643624,0.24976763836079424,0.9348513598987982,0.14413887263506925
1279,960,64,128,1,163840,45685,21803,2860,23882,0.44912967349881555,0.6198612611588105,0.8840368162835016,0.4772463609499836
1280,960,128,0,1,262144,28226,15149,5968,13077,0.4430309411007779,0.6140283322862412,0.7173840981199981,0.5367037483171544
1281,960,128,64,0,262144,26722,11257,42562,15465,0.16247618497777264,0.27953464695000063,0.20916404987086346,0.421263378489634
1282,960,128,128,1,163840,27728,909,252,26819,0.03248749106504646,0.06293052719028004,0.7829457364341085,0.03278274668205424
1283,960,192,0,1,262144,0,0,0,0,0.0,0.0,0.0,0.0
1284,960,192,64,0,262144,33786,21598,26885,12188,0.35598556147088395,0.5250580413035286,0.44547573376234967,0.639258864618481
1285,960,192,128,1,163840,30688,3491,758,27197,0.11101570947020288,0.19984543607064145,0.8216050835490704,0.11375782064650677
1286,960,256,0,1,262144,0,0,0,0,0.0,0.0,0.0,0.0
1287,960,256,64,0,262144,254,87,3617,167,0.022474812709894085,0.043961596766043456,0.023488120950323974,0.3425196850393701
1288,960,256,128,1,163840,24142,4700,12515,19442,0.12821562048176338,0.2272892134342433,0.273017717107174,0.19468146798111174
1289,960,320,0,1,262144,0,0,0,0,0.0,0.0,0.0,0.0
1290,960,320,64,0,262144,0,0,0,0,0.0,0.0,0.0,0.0
1291,960,320,128,1,163840,0,0,0,0,0.0,0.0,0.0,0.0
1292,960,384,0,1,262144,0,0,0,0,0.0,0.0,0.0,0.0
1293,960,384,64,0,262144,0,0,0,0,0.0,0.0,0.0,0.0
1294,960,384,128,1,163840,0,0,0,0,0.0,0.0,0.0,0.0
1295,960,448,0,1,262144,127,0,0,127,0.0,0.0,0.0,0.0
1296,960,448,64,0,262144,0,0,0,0,0.0,0.0,0.0,0.0
1297,960,448,128,1,163840,0,0,0,0,0.0,0.0,0.0,0.0
1298,960,512,0,1,262144,3185,0,0,3185,0.0,0.0,0.0,0.0
1299,960,512,64,0,262144,14504,1938,839,12566,0.12631167307566968,0.22429257566113073,0.6978754051134317,0.13361831218974077
1300,960,512,128,1,163840,21786,17056,3894,4730,0.6641744548286604,0.7982029202545863,0.814128878281623,0.7828880932709079
1301,960,576,0,1,262144,36751,27196,10211,9555,0.5791065116477152,0.7334609886998031,0.7270297003234689,0.7400070746374249
1302,960,576,64,0,262144,18036,15048,10343,2988,0.5302512421156489,0.6930250765652705,0.5926509393092041,0.8343313373253493
1303,960,576,128,1,163840,7080,4652,774,2428,0.5923096511331806,0.7439628978090517,0.8573534832288979,0.6570621468926554
1304,960,640,0,1,262144,51190,33863,11129,17327,0.5433816332097755,0.7041442265704602,0.7526449146514936,0.6615159210783356
1305,960,640,64,0,262144,37872,29279,16423,8593,0.5392577585413021,0.700672457941465,0.6406502997680626,0.773104140261935
1306,960,640,128,1,163840,11335,9837,2663,1498,0.7027432490355765,0.8254247954688483,0.78696,0.8678429642699603
1307,960,704,0,1,262144,27,0,1650,27,0.0,0.0,0.0,0.0
1308,960,704,64,0,262144,33909,29820,20231,4089,0.550794237162911,0.7103382563125298,0.5957922918623004,0.8794125453419446
1309,960,704,128,1,163840,26144,7517,1006,18627,0.27686924493554327,0.4336689070297401,0.881966443740467,0.2875229498164015
1310,960,768,0,1,262144,33956,20250,11788,13706,0.4426810073452256,0.6136921538321666,0.632061926462326,0.5963599952880198
1311,960,768,64,0,262144,17108,13602,18079,3506,0.38656321937079036,0.5575847014695936,0.4293425081279,0.7950666354921674
1312,960,768,128,1,163840,17897,15386,3007,2511,0.7360313815537696,0.8479470928630477,0.8365138911542435,0.8596971559479243
1313,960,832,0,1,262144,60928,35243,8647,25685,0.5065468918433346,0.672460836879162,0.8029847345636819,0.578436843487395
1314,960,832,64,0,262144,48663,27902,18208,20761,0.4172511253009526,0.5888174902134574,0.6051181956191716,0.5733719663810287
1315,960,832,128,1,163840,16690,11,0,16679,0.0006590772917914919,0.0013172863900365248,1.0,0.0006590772917914919
1316,960,896,0,1,262144,45654,29701,11316,15953,0.5213445673161313,0.6853734236365104,0.7241143915937295,0.6505673106409077
1317,960,896,64,0,262144,53558,43774,16845,9784,0.6217632771330767,0.766774394142428,0.7221168280572098,0.8173195414317189
1318,960,896,128,1,163840,31573,13506,6191,18067,0.35764219891960597,0.5268578115857226,0.6856881758643448,0.4277705634561176
1319,960,960,0,1,262144,2955,38,0,2917,0.012859560067681896,0.02539258269295022,1.0,0.012859560067681896
1320,960,960,64,0,262144,41417,35793,19455,5624,0.5880043369693784,0.7405575958206176,0.6478605560382277,0.8642103484076586
1321,960,960,128,1,163840,33853,13716,2435,20137,0.37797619047619047,0.5485961123110151,0.8492353414649247,0.405163501019112
1322,960,1024,0,1,262144,12156,6077,2523,6079,0.41399277879964574,0.5855656195798805,0.7066279069767442,0.4999177360974005
1323,960,1024,64,0,262144,2590,2541,2251,49,0.5248915513323693,0.68843131942563,0.5302587646076795,0.981081081081081
1324,960,1024,128,1,163840,22890,12935,6361,9955,0.4422071040306314,0.6132366187834827,0.6703461857379768,0.5650939274792486
1325,960,1088,0,1,262144,44994,32233,4698,12761,0.6486557192304596,0.7868904485810192,0.8727897971893531,0.7163844068097969
1326,960,1088,64,0,262144,40361,37084,9577,3277,0.7426008250230286,0.8522902254602285,0.794753648657337,0.9188077599663041
1327,960,1088,128,1,163840,0,0,0,0,0.0,0.0,0.0,0.0
1328,960,1152,0,1,262144,9237,1582,151,7655,0.16851299531316574,0.28842297174111214,0.9128678592036931,0.17126772761719172
1329,960,1152,64,0,262144,3021,2463,934,558,0.62275600505689,0.7675288251791835,0.7250515160435679,0.8152929493545183
1330,960,1152,128,1,163840,0,0,0,0,0.0,0.0,0.0,0.0
1331,960,1216,0,1,262144,8204,8067,4780,137,0.6213031423290203,0.7664243978908365,0.6279286993072313,0.9833008288639687
1332,960,1216,64,0,262144,11160,11140,12149,20,0.4779269809944657,0.6467531713547563,0.4783374125123449,0.9982078853046595
1333,960,1216,128,1,163840,0,0,0,0,0.0,0.0,0.0,0.0
1334,960,1280,0,1,262144,0,0,0,0,0.0,0.0,0.0,0.0
1335,960,1280,64,0,262144,18649,18542,19689,107,0.48364546924722207,0.6519690576652601,0.48499908451256835,0.9942624269397823
1336,960,1280,128,1,163840,0,0,0,0,0.0,0.0,0.0,0.0
1337,960,1344,0,1,262144,0,0,0,0,0.0,0.0,0.0,0.0
1338,960,1344,64,0,262144,17400,17078,14961,322,0.5277340008034362,0.6908715791177006,0.5330378601079934,0.9814942528735632
1339,960,1344,128,1,163840,5099,4706,2752,393,0.5994140873774042,0.7495420880783626,0.6310002681684097,0.9229260639341047
1340,960,1408,0,1,262144,0,0,0,0,0.0,0.0,0.0,0.0
1341,960,1408,64,0,262144,0,0,162,0,0.0,0.0,0.0,0.0
1342,960,1408,128,1,163840,15447,12575,5761,2872,0.5929366276876651,0.7444572714086967,0.6858093368237347,0.8140739302129864
1343,960,1472,0,1,262144,10020,8980,1560,1040,0.7754749568221071,0.8735408560311284,0.8519924098671727,0.8962075848303394
1344,960,1472,64,0,262144,44322,38363,12787,5959,0.6717505121784657,0.8036492374727668,0.7500097751710655,0.8655520960245476
1345,960,1472,128,1,163840,49648,30429,4165,19219,0.5654581606674967,0.7224187459936848,0.8796033994334278,0.6128947792458911
1346,960,1536,0,1,262144,41251,31039,9296,10212,0.614062159969929,0.7608903488343588,0.7695301847031114,0.752442365033575
1347,960,1536,64,0,262144,34767,31409,11783,3358,0.6747368421052632,0.8057825267127593,0.7271948508983145,0.903414157103
1348,960,1536,128,1,163840,224,23,74,201,0.07718120805369127,0.14330218068535824,0.23711340206185566,0.10267857142857142
1349,960,1600,0,1,262144,13102,8181,1289,4921,0.5684803001876173,0.7248803827751196,0.8638859556494192,0.6244084872538543
1350,960,1600,64,0,262144,11284,8935,2610,2349,0.643083345328919,0.7827762933111393,0.7739281074058034,0.7918291386033321
1351,960,1600,128,1,163840,27513,25361,5845,2152,0.7602674021224294,0.8638089885726937,0.8126962763571108,0.9217824301239415
1352,960,1664,0,1,262144,0,0,30,0,0.0,0.0,0.0,0.0
1353,960,1664,64,0,262144,38485,0,139,38485,0.0,0.0,0.0,0.0
1354,960,1664,128,1,163840,4046,1128,282,2918,0.26062846580406657,0.41348973607038125,0.8,0.2787938704893722
1355,960,1728,0,1,262144,45851,39287,8967,6564,0.7166806523404721,0.8349609478773711,0.8141708459402329,0.8568406359730432
1356,960,1728,64,0,262144,49048,41506,14117,7542,0.657104409087311,0.7930754459210287,0.7462021106376858,0.8462322622736911
1357,960,1728,128,1,163840,40553,15554,3386,24999,0.3539907599171579,0.522885045299447,0.8212249208025343,0.38354745641506177
1358,960,1792,0,1,262144,53553,35934,9250,17619,0.5721701192618187,0.7278730364503682,0.7952815155807366,0.6709988235953168
1359,960,1792,64,0,262144,44019,42160,12599,1859,0.7446395139354975,0.8536313754074794,0.7699191000566117,0.957768236443354
1360,960,1792,128,1,163840,28718,19055,2307,9663,0.6141821112006446,0.7609824281150159,0.8920044939612396,0.6635211365693989
1361,960,1856,0,1,262144,44957,31934,4520,13023,0.6454312104614265,0.7845131493287147,0.8760081198222417,0.7103231977222679
1362,960,1856,64,0,262144,22209,12294,1399,9915,0.5207556760420197,0.6848643529608378,0.8978310085445118,0.5535593678238552
1363,960,1856,128,1,163840,0,0,0,0,0.0,0.0,0.0,0.0
1364,960,1920,0,1,262144,31426,21873,4013,9553,0.6172013883010243,0.7632956448911222,0.8449741172834737,0.6960160376758099
1365,960,1920,64,0,262144,45727,39380,12461,6347,0.6767718429916821,0.8072318793046901,0.7596304083640362,0.8611979793120038
1366,960,1920,128,1,163840,29074,19772,7162,9302,0.5456452147036097,0.706041994000857,0.7340907403282096,0.6800577835867098
1367,960,1984,0,1,262144,12723,9913,994,2810,0.7226798862725086,0.8390181972069404,0.9088658659576418,0.7791401399041107
1368,960,1984,64,0,262144,2620,0,764,2620,0.0,0.0,0.0,0.0
1369,960,1984,128,1,163840,31851,18291,11467,13560,0.42224941133016297,0.5937768832475775,0.6146582431615027,0.5742676839031742
1370,960,2048,0,1,262144,31921,25604,7148,6317,0.6553533492026927,0.7917987413603822,0.7817537860283341,0.8021051972056014
1371,960,2048,64,0,262144,41428,34941,16455,6487,0.6036487396990481,0.7528440920451608,0.6798388979687136,0.8434150815873322
1372,960,2048,128,1,163840,27665,4404,4496,23261,0.13693604054600292,0.2408860932585806,0.4948314606741573,0.15919031266943792
1373,960,2112,0,1,262144,42795,34408,4815,8387,0.7227053140096619,0.839035333707235,0.8772403946663947,0.8040191611169529
1374,960,2112,64,0,262144,51108,42565,12473,8543,0.669461002500747,0.8020085542554595,0.7733747592572404,0.8328441731235814
1375,960,2112,128,1,163840,55099,15615,8361,39484,0.2460605105578317,0.39494151122352195,0.6512762762762763,0.28339897275812626
1376,960,2176,0,1,262144,0,0,0,0,0.0,0.0,0.0,0.0
1377,960,2176,64,0,262144,1364,256,1456,1108,0.09078014184397164,0.16644993498049415,0.14953271028037382,0.187683284457478
1378,960,2176,128,1,163840,26473,21429,9041,5044,0.6033958438925494,0.7526473842263316,0.7032819166393174,0.8094662486306803
1379,960,2240,0,1,262144,20961,9169,2302,11792,0.3941452091303787,0.565429205722743,0.7993200244093802,0.43743142025666715
1380,960,2240,64,0,262144,5074,4405,600,669,0.7763482551991541,0.8740946522472468,0.8801198801198801,0.8681513598738668
1381,960,2240,128,1,163840,5524,4285,1381,1239,0.6205648081100652,0.7658623771224308,0.7562654429932933,0.7757060101375814
1382,960,2304,0,1,262144,20074,17393,5811,2681,0.671933552250338,0.8037802116548823,0.7495690398207205,0.8664441566205041
1383,960,2304,64,0,262144,36882,33502,4235,3380,0.8147967993773865,0.8979482437448907,0.8877759228343536,0.9083563798058674
1384,960,2304,128,1,163840,132,19,27,113,0.11949685534591195,0.21348314606741572,0.41304347826086957,0.14393939393939395
1385,960,2368,0,1,262144,0,0,0,0,0.0,0.0,0.0,0.0
1386,960,2368,64,0,262144,0,0,0,0,0.0,0.0,0.0,0.0
1387,960,2368,128,1,163840,0,0,0,0,0.0,0.0,0.0,0.0
1388,960,2432,0,1,262144,14930,0,0,14930,0.0,0.0,0.0,0.0
1389,960,2432,64,0,262144,0,0,0,0,0.0,0.0,0.0,0.0
1390,960,2432,128,1,163840,0,0,0,0,0.0,0.0,0.0,0.0
1391,960,2496,0,1,240064,5209,0,0,5209,0.0,0.0,0.0,0.0
1392,960,2496,64,0,262144,0,0,0,0,0.0,0.0,0.0,0.0
1393,960,2496,128,1,163840,0,0,0,0,0.0,0.0,0.0,0.0
1394,960,2560,0,1,92224,0,0,0,0,0.0,0.0,0.0,0.0
1395,960,2560,64,0,262144,0,0,0,0,0.0,0.0,0.0,0.0
1396,960,2560,128,1,163840,5971,0,0,5971,0.0,0.0,0.0,0.0
1397,960,2624,0,1,1664,0,0,0,0,0.0,0.0,0.0,0.0
1398,960,2624,64,0,177472,0,0,0,0,0.0,0.0,0.0,0.0
1399,960,2624,128,1,163840,19492,4380,359,15112,0.22064379628230316,0.36152036647270025,0.9242456214391221,0.22470757233736918
1400,960,2688,64,0,21184,0,0,0,0,0.0,0.0,0.0,0.0
1401,960,2688,128,1,150656,0,0,0,0,0.0,0.0,0.0,0.0
1402,960,2752,128,1,24704,0,0,0,0,0.0,0.0,0.0,0.0
1403,1024,0,0,1,121224,0,0,0,0,0.0,0.0,0.0,0.0
1404,1024,0,64,1,108977,0,0,0,0,0.0,0.0,0.0,0.0
1405,1024,0,128,1,67596,0,0,0,0,0.0,0.0,0.0,0.0
1406,1024,64,0,1,262144,425,16,32,409,0.0350109409190372,0.06765327695560254,0.3333333333333333,0.03764705882352941
1407,1024,64,64,0,262144,6083,3347,2096,2736,0.4092187308961976,0.5807739024813465,0.6149182436156532,0.5502219299687654
1408,1024,64,128,1,163840,20917,6941,2787,13976,0.29281977725278435,0.4529939631261217,0.7135074013157895,0.33183534923746233
1409,1024,128,0,1,262144,15693,1105,17673,14588,0.033117544806090034,0.06411186214499144,0.05884545745020769,0.07041356018607023
1410,1024,128,64,0,262144,14984,9030,49098,5954,0.14091320495614992,0.24701827333406282,0.15534682080924855,0.6026428190069407
1411,1024,128,128,1,163840,26620,4912,647,21708,0.180144497011039,0.30529227135709625,0.8836121604605145,0.1845229151014275
1412,1024,192,0,1,262144,34,0,6163,34,0.0,0.0,0.0,0.0
1413,1024,192,64,0,262144,34676,20019,43893,14657,0.25479514821367205,0.40611433440175276,0.3132275628989861,0.5773157226900449
1414,1024,192,128,1,163840,28344,16273,3767,12071,0.5067733798386845,0.6726603835978836,0.8120259481037924,0.5741250352808355
1415,1024,256,0,1,262144,0,0,0,0,0.0,0.0,0.0,0.0
1416,1024,256,64,0,262144,6110,1547,1422,4563,0.2053903345724907,0.3407864302235929,0.5210508588750421,0.2531914893617021
1417,1024,256,128,1,163840,23830,11298,8901,12532,0.3451773548012587,0.5132072043425924,0.5593346205257687,0.4741082668904742
1418,1024,320,0,1,262144,0,0,0,0,0.0,0.0,0.0,0.0
1419,1024,320,64,0,262144,0,0,0,0,0.0,0.0,0.0,0.0
1420,1024,320,128,1,163840,0,0,0,0,0.0,0.0,0.0,0.0
1421,1024,384,0,1,262144,0,0,0,0,0.0,0.0,0.0,0.0
1422,1024,384,64,0,262144,0,0,0,0,0.0,0.0,0.0,0.0
1423,1024,384,128,1,163840,0,0,0,0,0.0,0.0,0.0,0.0
1424,1024,448,0,1,262144,0,0,0,0,0.0,0.0,0.0,0.0
1425,1024,448,64,0,262144,47,0,0,47,0.0,0.0,0.0,0.0
1426,1024,448,128,1,163840,0,0,0,0,0.0,0.0,0.0,0.0
1427,1024,512,0,1,262144,0,0,2923,0,0.0,0.0,0.0,0.0
1428,1024,512,64,0,262144,2738,0,0,2738,0.0,0.0,0.0,0.0
1429,1024,512,128,1,163840,19624,3454,404,16170,0.17245855801877372,0.294182778298271,0.8952825298081908,0.17600896860986548
1430,1024,576,0,1,262144,27077,20441,7196,6636,0.5964170046392204,0.7471945023211609,0.7396244165430401,0.7549211507921852
1431,1024,576,64,0,262144,28,19,104,9,0.14393939393939395,0.25165562913907286,0.15447154471544716,0.6785714285714286
1432,1024,576,128,1,163840,52,0,0,52,0.0,0.0,0.0,0.0
1433,1024,640,0,1,262144,58593,33075,10750,25518,0.47697676766220093,0.6458825597063016,0.7547062179121506,0.5644872254364856
1434,1024,640,64,0,262144,47203,36839,20276,10364,0.5459328087256776,0.7062827124753158,0.644996936006303,0.7804376840455056
1435,1024,640,128,1,163840,2769,1412,719,1357,0.4048165137614679,0.5763265306122449,0.662599718442046,0.5099313831708198
1436,1024,704,0,1,262144,6800,5454,4088,1346,0.5009184423218221,0.6674825602741402,0.5715782854747432,0.8020588235294117
1437,1024,704,64,0,262144,42266,36821,21728,5445,0.5753820670687877,0.7304666964241432,0.6288920391466977,0.8711730468934841
1438,1024,704,128,1,163840,24652,2253,972,22399,0.08792538245394942,0.16163862682498117,0.6986046511627907,0.09139217913353886
1439,1024,768,0,1,262144,28180,535,45,27645,0.018954827280779452,0.037204450625869266,0.9224137931034483,0.018985095812633072
1440,1024,768,64,0,262144,5137,2469,1416,2668,0.37677399664275907,0.547328751939703,0.6355212355212355,0.48063071831808446
1441,1024,768,128,1,163840,27316,20083,4293,7233,0.6353570185706603,0.7770254584848719,0.8238841483426321,0.735210133255235
1442,1024,832,0,1,262144,51860,33092,5053,18768,0.5814488781122064,0.7353369257263486,0.8675317866037489,0.638102583879676
1443,1024,832,64,0,262144,50131,38788,11699,11343,0.6273330098657609,0.7709952493589616,0.768276982193436,0.7737328200115697
1444,1024,832,128,1,163840,15892,3958,931,11934,0.23527313796588004,0.38092488330686686,0.8095725097156883,0.24905612886987163
1445,1024,896,0,1,262144,38525,31206,9049,7319,0.6559465254130408,0.7922315308453922,0.7752080486896038,0.8100194678780013
1446,1024,896,64,0,262144,47079,43588,13160,3491,0.7235843888510766,0.8396274572124784,0.7680975540988229,0.925848042651713
1447,1024,896,128,1,163840,33133,7561,1220,25572,0.22009722586091462,0.3607863720952426,0.8610636601753786,0.22820149096067366
1448,1024,960,0,1,262144,12509,5638,2426,6871,0.3775025108804821,0.5480970203664998,0.699156746031746,0.45071548485090734
1449,1024,960,64,0,262144,28374,25849,30100,2525,0.44205971884940315,0.6130948851440295,0.4620100448622853,0.9110100796503842
1450,1024,960,128,1,163840,34755,14502,3065,20253,0.3834479111581174,0.5543366079278315,0.8255251323504298,0.41726370306430727
1451,1024,1024,0,1,262144,5081,2687,8707,2394,0.19487960545401797,0.32619119878603947,0.23582587326663157,0.5288329069080889
1452,1024,1024,64,0,262144,0,0,0,0,0.0,0.0,0.0,0.0
1453,1024,1024,128,1,163840,4701,2694,301,2007,0.5385845661735306,0.7001039501039501,0.8994991652754591,0.5730695596681558
1454,1024,1088,0,1,262144,42507,29558,6251,12949,0.6062184667131547,0.7548393687113745,0.8254349465218241,0.6953678217705319
1455,1024,1088,64,0,262144,42956,31703,10699,11253,0.5908675799086758,0.7428243398392652,0.7476769963680958,0.7380342676226836
1456,1024,1088,128,1,163840,0,0,0,0,0.0,0.0,0.0,0.0
1457,1024,1152,0,1,262144,15421,10737,5665,4684,0.5092004173385184,0.6747949596204004,0.6546152908181929,0.6962583490046041
1458,1024,1152,64,0,262144,298,294,1738,4,0.1444007858546169,0.25236051502145923,0.14468503937007873,0.9865771812080537
1459,1024,1152,128,1,163840,0,0,0,0,0.0,0.0,0.0,0.0
1460,1024,1216,0,1,262144,1854,1834,930,20,0.6587643678160919,0.794283239497618,0.6635311143270622,0.9892125134843581
1461,1024,1216,64,0,262144,18948,18681,19788,267,0.4822645600991326,0.6507132034066566,0.4856117913124854,0.9859088030398987
1462,1024,1216,128,1,163840,0,0,0,0,0.0,0.0,0.0,0.0
1463,1024,1280,0,1,262144,0,0,0,0,0.0,0.0,0.0,0.0
1464,1024,1280,64,0,262144,20262,20044,19145,218,0.5086405968482757,0.6743032076836386,0.5114700553726811,0.9892409436383378
1465,1024,1280,128,1,163840,0,0,5,0,0.0,0.0,0.0,0.0
1466,1024,1344,0,1,262144,0,0,0,0,0.0,0.0,0.0,0.0
1467,1024,1344,64,0,262144,8332,7848,4096,484,0.6314773093015771,0.7741171828763069,0.6570663094440723,0.941910705712914
1468,1024,1344,128,1,163840,12959,8821,4669,4138,0.5003970955298389,0.6670195470528186,0.6538917716827279,0.6806852380584921
1469,1024,1408,0,1,262144,0,0,0,0,0.0,0.0,0.0,0.0
1470,1024,1408,64,0,262144,0,0,0,0,0.0,0.0,0.0,0.0
1471,1024,1408,128,1,163840,6153,2589,2356,3564,0.3042660712187096,0.46657055325283836,0.5235591506572296,0.4207703559239395
1472,1024,1472,0,1,262144,663,606,180,57,0.7188612099644128,0.8364389233954451,0.7709923664122137,0.9140271493212669
1473,1024,1472,64,0,262144,14563,13784,7926,779,0.6129218729156477,0.7600143357318115,0.6349147858129894,0.9465082743940122
1474,1024,1472,128,1,163840,41293,19594,2217,21699,0.4503332567225925,0.6210065922920892,0.8983540415386732,0.4745114184002131
1475,1024,1536,0,1,262144,25996,15872,5560,10124,0.5029788312840664,0.6693092687863709,0.740574841358716,0.6105554700723188
1476,1024,1536,64,0,262144,35290,31739,11957,3551,0.671767519630876,0.803661408350847,0.7263593921640424,0.8993765939359591
1477,1024,1536,128,1,163840,7099,4645,153,2454,0.6405129619415334,0.7808691266705893,0.9681117132138392,0.6543175095083814
1478,1024,1600,0,1,262144,36832,27352,13712,9480,0.5411522633744856,0.7022696929238985,0.6660822131307228,0.7426151172893136
1479,1024,1600,64,0,262144,42396,35784,11500,6612,0.6639453762802434,0.7980374665477252,0.7567887657558582,0.8440418907444098
1480,1024,1600,128,1,163840,16784,15570,2314,1214,0.8152686145146089,0.8982346832814122,0.8706106016551107,0.9276692087702574
1481,1024,1664,0,1,262144,5608,5314,1932,294,0.7047745358090186,0.8268243348374047,0.7333701352470329,0.9475748930099858
1482,1024,1664,64,0,262144,32320,28099,8755,4221,0.6840900791235545,0.8124150692456703,0.7624409833396646,0.8693997524752475
1483,1024,1664,128,1,163840,22923,13750,2000,9173,0.55169923363961,0.7110904248442066,0.873015873015873,0.5998342276316363
1484,1024,1728,0,1,262144,47243,25264,2910,21979,0.5037385600063805,0.6699815691422358,0.8967132817491305,0.5347670554367843
1485,1024,1728,64,0,262144,54582,48957,9959,5625,0.7585410824127299,0.862693615746533,0.8309627265937946,0.8969440474881829
1486,1024,1728,128,1,163840,30602,16495,1930,14107,0.5070392229189721,0.6728945275052522,0.8952510176390773,0.5390170577086465
1487,1024,1792,0,1,262144,63465,37117,6770,26348,0.5284687121805368,0.6915008569938147,0.8457401964135165,0.5848420389190893
1488,1024,1792,64,0,262144,13636,9756,2492,3880,0.6049107142857143,0.7538247566063978,0.7965382103200522,0.7154590789087709
1489,1024,1792,128,1,163840,23293,15433,6239,7860,0.5225856697819314,0.6864450127877237,0.7121170173495754,0.6625595672519641
1490,1024,1856,0,1,262144,32493,25938,4821,6555,0.6951278340569224,0.8201479795105293,0.8432653857407588,0.7982642415289447
1491,1024,1856,64,0,262144,20673,11652,1607,9021,0.5229802513464991,0.6867853353766357,0.8787993061316841,0.5636337251487448
1492,1024,1856,128,1,163840,788,0,0,788,0.0,0.0,0.0,0.0
1493,1024,1920,0,1,262144,38267,28493,5271,9774,0.6544397997151913,0.7911315961183379,0.8438869802156143,0.7445841064102229
1494,1024,1920,64,0,262144,43660,37403,13566,6257,0.6536015098032363,0.7905187627471494,0.7338382153858227,0.8566880439761796
1495,1024,1920,128,1,163840,29799,16961,3483,12838,0.5096148068024758,0.6751587285791055,0.8296321659166503,0.5691801738313366
1496,1024,1984,0,1,262144,42736,36026,4770,6710,0.7583463141497916,0.8625676387492218,0.8830767722325719,0.8429895170348184
1497,1024,1984,64,0,262144,15240,3663,954,11577,0.2261948869951834,0.36893790602810095,0.7933723196881092,0.2403543307086614
1498,1024,1984,128,1,163840,44240,18270,6753,25970,0.35828447041750827,0.5275543941209593,0.7301282819805779,0.4129746835443038
1499,1024,2048,0,1,262144,2199,1099,805,1100,0.3658455392809587,0.5357055812819888,0.5772058823529411,0.49977262391996363
1500,1024,2048,64,0,262144,42081,34667,27490,7414,0.4982967040864728,0.6651509046604885,0.5577328378139228,0.8238159739549915
1501,1024,2048,128,1,163840,36714,5834,2213,30880,0.14987026999255015,0.26067335403587943,0.724990679756431,0.15890396034210383
1502,1024,2112,0,1,262144,42661,31014,9793,11647,0.5912609143249323,0.7431350936885992,0.7600166638076801,0.7269871779845761
1503,1024,2112,64,0,262144,42169,36005,15626,6164,0.6229777662427546,0.7676972281449893,0.697352365826732,0.8538262704830563
1504,1024,2112,128,1,163840,33592,16546,8356,17046,0.39444073614951847,0.5657332375970185,0.6644446229218537,0.4925577518456775
1505,1024,2176,0,1,262144,0,0,0,0,0.0,0.0,0.0,0.0
1506,1024,2176,64,0,262144,0,0,470,0,0.0,0.0,0.0,0.0
1507,1024,2176,128,1,163840,23059,16963,7330,6096,0.5581953996511896,0.7164639297178578,0.698266990491088,0.7356346762652327
1508,1024,2240,0,1,262144,37102,30261,4591,6841,0.7258052910560526,0.8411207160130083,0.8682715482612189,0.8156164088189316
1509,1024,2240,64,0,262144,32162,30719,6763,1443,0.789184328837508,0.8821721899948308,0.8195667253615069,0.9551333872271625
1510,1024,2240,128,1,163840,5523,4617,1805,906,0.6300491266375546,0.7730431142737547,0.7189349112426036,0.8359587180879956
1511,1024,2304,0,1,262144,6769,6417,1230,352,0.80222527815977,0.8902608213096559,0.839152608866222,0.9479982272122913
1512,1024,2304,64,0,262144,12562,11193,1128,1369,0.8176040905770635,0.8996503637021259,0.9084489895300706,0.8910205381308709
1513,1024,2304,128,1,163840,0,0,9,0,0.0,0.0,0.0,0.0
1514,1024,2368,0,1,262144,0,0,0,0,0.0,0.0,0.0,0.0
1515,1024,2368,64,0,262144,0,0,0,0,0.0,0.0,0.0,0.0
1516,1024,2368,128,1,163840,0,0,0,0,0.0,0.0,0.0,0.0
1517,1024,2432,0,1,262144,27761,0,0,27761,0.0,0.0,0.0,0.0
1518,1024,2432,64,0,262144,0,0,0,0,0.0,0.0,0.0,0.0
1519,1024,2432,128,1,163840,0,0,0,0,0.0,0.0,0.0,0.0
1520,1024,2496,0,1,240064,9127,0,0,9127,0.0,0.0,0.0,0.0
1521,1024,2496,64,0,262144,5329,0,0,5329,0.0,0.0,0.0,0.0
1522,1024,2496,128,1,163840,0,0,0,0,0.0,0.0,0.0,0.0
1523,1024,2560,0,1,92224,0,0,0,0,0.0,0.0,0.0,0.0
1524,1024,2560,64,0,262144,0,0,0,0,0.0,0.0,0.0,0.0
1525,1024,2560,128,1,163840,11587,188,156,11399,0.016009537596866217,0.03151454194954321,0.5465116279069767,0.016225079830844914
1526,1024,2624,0,1,1664,0,0,0,0,0.0,0.0,0.0,0.0
1527,1024,2624,64,0,177472,0,0,0,0,0.0,0.0,0.0,0.0
1528,1024,2624,128,1,163840,14099,9275,812,4824,0.6220240091207833,0.7669726287935169,0.919500346981263,0.6578480743315128
1529,1024,2688,64,0,21184,0,0,0,0,0.0,0.0,0.0,0.0
1530,1024,2688,128,1,150656,0,0,0,0,0.0,0.0,0.0,0.0
1531,1024,2752,128,1,24704,0,0,0,0,0.0,0.0,0.0,0.0
1532,1088,0,0,1,164234,0,0,0,0,0.0,0.0,0.0,0.0
1533,1088,0,64,1,155091,0,0,0,0,0.0,0.0,0.0,0.0
1534,1088,0,128,1,100931,0,0,0,0,0.0,0.0,0.0,0.0
1535,1088,64,0,1,262144,0,0,0,0,0.0,0.0,0.0,0.0
1536,1088,64,64,0,262144,0,0,0,0,0.0,0.0,0.0,0.0
1537,1088,64,128,1,163840,0,0,0,0,0.0,0.0,0.0,0.0
1538,1088,128,0,1,262144,158,0,3447,158,0.0,0.0,0.0,0.0
1539,1088,128,64,0,262144,851,606,53845,245,0.011079420798595875,0.021916024736899208,0.01112927218967512,0.7121034077555817
1540,1088,128,128,1,163840,21775,12750,9932,9025,0.4021194058094427,0.5735879614009043,0.562119742527114,0.5855338691159586
1541,1088,192,0,1,262144,0,0,525,0,0.0,0.0,0.0,0.0
1542,1088,192,64,0,262144,1408,41,25765,1367,0.001508850697383432,0.0030131549937532152,0.0015887778036115631,0.02911931818181818
1543,1088,192,128,1,163840,8916,468,673,8448,0.04880592345395766,0.09306950382817938,0.4101665205959685,0.052489905787348586
1544,1088,256,0,1,262144,0,0,0,0,0.0,0.0,0.0,0.0
1545,1088,256,64,0,262144,4463,356,835,4107,0.06719516798791997,0.1259285461620092,0.2989084802686818,0.0797669728881918
1546,1088,256,128,1,163840,213,48,8020,165,0.0058301955544758895,0.011592802801594011,0.005949429846306396,0.22535211267605634
1547,1088,320,0,1,262144,0,0,0,0,0.0,0.0,0.0,0.0
1548,1088,320,64,0,262144,0,0,0,0,0.0,0.0,0.0,0.0
1549,1088,320,128,1,163840,0,0,0,0,0.0,0.0,0.0,0.0
1550,1088,384,0,1,262144,0,0,0,0,0.0,0.0,0.0,0.0
1551,1088,384,64,0,262144,0,0,743,0,0.0,0.0,0.0,0.0
1552,1088,384,128,1,163840,0,0,0,0,0.0,0.0,0.0,0.0
1553,1088,448,0,1,262144,0,0,0,0,0.0,0.0,0.0,0.0
1554,1088,448,64,0,262144,0,0,211,0,0.0,0.0,0.0,0.0
1555,1088,448,128,1,163840,0,0,0,0,0.0,0.0,0.0,0.0
1556,1088,512,0,1,262144,0,0,0,0,0.0,0.0,0.0,0.0
1557,1088,512,64,0,262144,0,0,0,0,0.0,0.0,0.0,0.0
1558,1088,512,128,1,163840,218,0,9,218,0.0,0.0,0.0,0.0
1559,1088,576,0,1,262144,17966,4088,1460,13878,0.21043961700813343,0.34770774857531683,0.7368421052631579,0.22754091060892798
1560,1088,576,64,0,262144,0,0,0,0,0.0,0.0,0.0,0.0
1561,1088,576,128,1,163840,0,0,0,0,0.0,0.0,0.0,0.0
1562,1088,640,0,1,262144,37650,17222,24350,20428,0.2777741935483871,0.43477821817171997,0.41426921966708363,0.45742363877822045
1563,1088,640,64,0,262144,34868,20488,13804,14380,0.42094017094017094,0.5924812030075188,0.5974571328589758,0.5875874727543879
1564,1088,640,128,1,163840,64,0,0,64,0.0,0.0,0.0,0.0
1565,1088,704,0,1,262144,39070,20854,11364,18216,0.41349089899670854,0.5850634047806083,0.6472779191756162,0.5337599180957256
1566,1088,704,64,0,262144,44177,30057,31183,14120,0.3988455414012739,0.5702495802384815,0.49080666231221426,0.6803766665912127
1567,1088,704,128,1,163840,23211,1191,1783,22020,0.047651436344722735,0.09096811151422571,0.4004707464694015,0.05131187798888458
1568,1088,768,0,1,262144,23736,2794,473,20942,0.11541162377628154,0.20693996963300373,0.8552188552188552,0.11771149309066398
1569,1088,768,64,0,262144,15655,12926,10071,2729,0.502448884397108,0.6688399047914726,0.5620733139105101,0.8256786969019483
1570,1088,768,128,1,163840,28942,17882,8289,11060,0.4802986758346539,0.6489213071326184,0.6832753811470712,0.6178564024600925
1571,1088,832,0,1,262144,41144,18759,11360,22385,0.3572870638427548,0.5264723629372886,0.6228294432086059,0.45593525179856115
1572,1088,832,64,0,262144,36353,10724,5517,25629,0.25612610460950563,0.4078031714644256,0.6603041684625331,0.294996286413776
1573,1088,832,128,1,163840,15234,88,309,15146,0.005661712668082095,0.011259676284306826,0.2216624685138539,0.005776552448470526
1574,1088,896,0,1,262144,8872,6507,9558,2365,0.3530656538252849,0.5218751253157958,0.4050420168067227,0.7334310189359784
1575,1088,896,64,0,262144,42695,32536,21029,10159,0.5105768627204821,0.6760024932474548,0.607411556053393,0.7620564468907366
1576,1088,896,128,1,163840,18419,762,544,17657,0.04018351526657175,0.07726235741444867,0.5834609494640123,0.04137032412183072
1577,1088,960,0,1,262144,5468,507,986,4961,0.0785559343043074,0.1456687257577934,0.33958472873409246,0.09272128749085588
1578,1088,960,64,0,262144,27426,17565,22766,9861,0.3499561683136755,0.5184704163407471,0.4355210632020034,0.6404506672500547
1579,1088,960,128,1,163840,28033,16080,9220,11953,0.4316430891471828,0.6030037687735549,0.6355731225296443,0.5736096743124175
1580,1088,1024,0,1,262144,20244,7714,3155,12530,0.32967220821402626,0.495869893613602,0.7097249056950962,0.38105117565698476
1581,1088,1024,64,0,262144,1403,0,0,1403,0.0,0.0,0.0,0.0
1582,1088,1024,128,1,163840,0,0,0,0,0.0,0.0,0.0,0.0
1583,1088,1088,0,1,262144,23074,17170,7912,5904,0.5541212160330472,0.7130990946091869,0.6845546607128619,0.7441275894946693
1584,1088,1088,64,0,262144,28552,1369,2022,27183,0.04477660757506378,0.08571518016466831,0.40371571807726336,0.04794760437097226
1585,1088,1088,128,1,163840,0,0,0,0,0.0,0.0,0.0,0.0
1586,1088,1152,0,1,262144,13528,11794,5852,1734,0.6085655314757482,0.7566561878488484,0.668366768672787,0.8718214074512123
1587,1088,1152,64,0,262144,6543,5394,4125,1149,0.5056242969628797,0.6716473664549869,0.5666561613614876,0.8243924805135259
1588,1088,1152,128,1,163840,0,0,0,0,0.0,0.0,0.0,0.0
1589,1088,1216,0,1,262144,0,0,0,0,0.0,0.0,0.0,0.0
1590,1088,1216,64,0,262144,22242,7027,4333,15215,0.2644214487300094,0.4182489137551336,0.6185739436619718,0.31593381890117794
1591,1088,1216,128,1,163840,0,0,0,0,0.0,0.0,0.0,0.0
1592,1088,1280,0,1,262144,0,0,0,0,0.0,0.0,0.0,0.0
1593,1088,1280,64,0,262144,18617,1897,1976,16720,0.09211868110522993,0.16869719875500222,0.4898011877097857,0.10189611645270452
1594,1088,1280,128,1,163840,2542,91,119,2451,0.034197670048853816,0.06613372093023256,0.43333333333333335,0.035798583792289534
1595,1088,1344,0,1,262144,0,0,0,0,0.0,0.0,0.0,0.0
1596,1088,1344,64,0,262144,783,2,0,781,0.002554278416347382,0.005095541401273885,1.0,0.002554278416347382
1597,1088,1344,128,1,163840,9981,1164,808,8817,0.10788766336083047,0.194762821049109,0.59026369168357,0.11662158100390742
1598,1088,1408,0,1,262144,0,0,0,0,0.0,0.0,0.0,0.0
1599,1088,1408,64,0,262144,0,0,0,0,0.0,0.0,0.0,0.0
1600,1088,1408,128,1,163840,2,0,0,2,0.0,0.0,0.0,0.0
1601,1088,1472,0,1,262144,0,0,0,0,0.0,0.0,0.0,0.0
1602,1088,1472,64,0,262144,69,69,301,0,0.1864864864864865,0.3143507972665148,0.1864864864864865,1.0
1603,1088,1472,128,1,163840,11429,4774,4454,6655,0.3005729396209784,0.4622161978990173,0.5173385348938014,0.4177093358999038
1604,1088,1536,0,1,262144,11967,4404,2220,7563,0.31042503700570945,0.4737776343391964,0.6648550724637681,0.3680120330910002
1605,1088,1536,64,0,262144,46451,38919,21015,7532,0.5768683485014674,0.7316632983973305,0.6493643007308039,0.8378506383070332
1606,1088,1536,128,1,163840,31582,14951,4596,16631,0.41326220354911825,0.5848344383813492,0.7648744052795825,0.4734025710847951
1607,1088,1600,0,1,262144,50223,27599,18584,22624,0.4011074454633976,0.5725577246229487,0.5976008487971765,0.5495291002130498
1608,1088,1600,64,0,262144,44943,41182,22193,3761,0.6134115824594852,0.7603907014531287,0.6498145956607495,0.9163162227710656
1609,1088,1600,128,1,163840,4374,3027,335,1347,0.6428116372902952,0.782574974146846,0.9003569303985722,0.6920438957475995
1610,1088,1664,0,1,262144,23619,13941,4241,9678,0.5003948312993539,0.6670175354656587,0.7667473325266747,0.5902451416232694
1611,1088,1664,64,0,262144,17495,14416,13981,3079,0.4579997458380989,0.6282576483918766,0.5076592597809628,0.8240068591026007
1612,1088,1664,128,1,163840,40528,18742,4984,21786,0.4118034804007734,0.5833722414168768,0.7899350923038018,0.46244571654165023
1613,1088,1728,0,1,262144,38912,11026,1909,27886,0.27010607285465815,0.4253283700117654,0.8524159257827599,0.28335731907894735
1614,1088,1728,64,0,262144,44296,38083,9072,6213,0.7135924149302953,0.8328613137089808,0.8076131905418301,0.8597390283547047
1615,1088,1728,128,1,163840,26463,17669,1122,8794,0.6405292731557005,0.7808812480664693,0.9402905646320047,0.667686959150512
1616,1088,1792,0,1,262144,73011,43086,9557,29925,0.5218244356167038,0.6857879574068474,0.8184563949622932,0.5901302543452357
1617,1088,1792,64,0,262144,14857,6737,1660,8120,0.40788278743113154,0.5794271953212351,0.8023103489341431,0.45345628323349263
1618,1088,1792,128,1,163840,4796,2584,1054,2212,0.4417094017094017,0.6127578847521935,0.7102803738317757,0.5387823185988324
1619,1088,1856,0,1,262144,14327,786,1314,13541,0.050252541397608846,0.09569611006270165,0.3742857142857143,0.05486145040831995
1620,1088,1856,64,0,262144,42703,6154,587,36549,0.14215754215754214,0.24892808025240676,0.9129209316125204,0.14411165491885816
1621,1088,1856,128,1,163840,18702,7968,1697,10734,0.39060738271483897,0.5617795325554341,0.8244180031039835,0.42605068976580046
1622,1088,1920,0,1,262144,24353,7276,268,17077,0.2955200844807278,0.4562184531460639,0.9644750795334041,0.29877222518786184
1623,1088,1920,64,0,262144,19688,1766,434,17922,0.08776463572209522,0.1613669590643275,0.8027272727272727,0.08969930922389273
1624,1088,1920,128,1,163840,31695,5027,945,26668,0.15401348039215687,0.2669179918761781,0.8417615539182853,0.15860545827417574
1625,1088,1984,0,1,262144,43684,33883,8529,9801,0.6489380039453776,0.78709812302546,0.798901254361973,0.7756386777767603
1626,1088,1984,64,0,262144,26799,18341,8550,8458,0.5188548473789923,0.6832184764388154,0.6820497564240824,0.6843912086271876
1627,1088,1984,128,1,163840,24630,12172,1012,12458,0.4746899617814523,0.6437827259745068,0.9232402912621359,0.49419407226958995
1628,1088,2048,0,1,262144,0,0,0,0,0.0,0.0,0.0,0.0
1629,1088,2048,64,0,262144,19858,17050,16428,2808,0.46987818993551234,0.6393430328483576,0.5092896827767489,0.8585960318259643
1630,1088,2048,128,1,163840,42614,18689,9447,23925,0.35898273179539386,0.5283109540636043,0.664237986920671,0.4385647909137842
1631,1088,2112,0,1,262144,39491,26039,10596,13452,0.5198754167748119,0.6841026718860836,0.7107683908830353,0.659365425033552
1632,1088,2112,64,0,262144,40280,32710,15033,7570,0.5913618859942509,0.7432148415754973,0.6851266154200616,0.8120655412115194
1633,1088,2112,128,1,163840,23250,11199,8162,12051,0.3565198013498026,0.5256389195278215,0.5784308661742679,0.4816774193548387
1634,1088,2176,0,1,262144,1868,1745,3171,123,0.34629886882317923,0.5144457547169812,0.3549633848657445,0.934154175588865
1635,1088,2176,64,0,262144,642,642,2061,0,0.23751387347391786,0.38385650224215245,0.23751387347391786,1.0
1636,1088,2176,128,1,163840,15964,9126,2273,6838,0.5004112518506333,0.6670321236706501,0.8005965435564523,0.5716612377850163
1637,1088,2240,0,1,262144,43752,36290,5599,7462,0.7353447751818606,0.8474912717039735,0.8663372245696961,0.8294477966721522
1638,1088,2240,64,0,262144,43751,38901,8267,4850,0.7478372870929294,0.855728725568913,0.8247328697421981,0.8891453909624922
1639,1088,2240,128,1,163840,4232,3308,1733,924,0.5545683151718357,0.7134692116898522,0.6562190041658401,0.781663516068053
1640,1088,2304,0,1,262144,4,0,0,4,0.0,0.0,0.0,0.0
1641,1088,2304,64,0,262144,29,0,0,29,0.0,0.0,0.0,0.0
1642,1088,2304,128,1,163840,0,0,547,0,0.0,0.0,0.0,0.0
1643,1088,2368,0,1,262144,0,0,0,0,0.0,0.0,0.0,0.0
1644,1088,2368,64,0,262144,0,0,0,0,0.0,0.0,0.0,0.0
1645,1088,2368,128,1,163840,0,0,0,0,0.0,0.0,0.0,0.0
1646,1088,2432,0,1,262144,10709,0,0,10709,0.0,0.0,0.0,0.0
1647,1088,2432,64,0,262144,0,0,0,0,0.0,0.0,0.0,0.0
1648,1088,2432,128,1,163840,0,0,0,0,0.0,0.0,0.0,0.0
1649,1088,2496,0,1,240064,2678,0,0,2678,0.0,0.0,0.0,0.0
1650,1088,2496,64,0,262144,4790,0,0,4790,0.0,0.0,0.0,0.0
1651,1088,2496,128,1,163840,0,0,0,0,0.0,0.0,0.0,0.0
1652,1088,2560,0,1,92224,0,0,0,0,0.0,0.0,0.0,0.0
1653,1088,2560,64,0,262144,0,0,0,0,0.0,0.0,0.0,0.0
1654,1088,2560,128,1,163840,15002,6060,2228,8942,0.3517121300058038,0.5203950193215973,0.7311776061776062,0.40394614051459804
1655,1088,2624,0,1,1664,0,0,0,0,0.0,0.0,0.0,0.0
1656,1088,2624,64,0,177472,0,0,0,0,0.0,0.0,0.0,0.0
1657,1088,2624,128,1,163840,7575,6116,360,1459,0.7707624448645243,0.8705430218489787,0.9444101297096974,0.8073927392739274
1658,1088,2688,64,0,21184,0,0,0,0,0.0,0.0,0.0,0.0
1659,1088,2688,128,1,150656,0,0,0,0,0.0,0.0,0.0,0.0
1660,1088,2752,128,1,24704,0,0,0,0,0.0,0.0,0.0,0.0
1661,1152,0,0,1,214783,0,0,0,0,0.0,0.0,0.0,0.0
1662,1152,0,64,1,206020,0,0,0,0,0.0,0.0,0.0,0.0
1663,1152,0,128,1,131128,0,0,0,0,0.0,0.0,0.0,0.0
1664,1152,64,0,1,262144,0,0,0,0,0.0,0.0,0.0,0.0
1665,1152,64,64,0,262144,0,0,3170,0,0.0,0.0,0.0,0.0
1666,1152,64,128,1,163840,0,0,26,0,0.0,0.0,0.0,0.0
1667,1152,128,0,1,262144,0,0,2,0,0.0,0.0,0.0,0.0
1668,1152,128,64,0,262144,0,0,14608,0,0.0,0.0,0.0,0.0
1669,1152,128,128,1,163840,918,288,3745,630,0.06176281363928801,0.11634013330640275,0.0714108604016861,0.3137254901960784
1670,1152,192,0,1,262144,0,0,0,0,0.0,0.0,0.0,0.0
1671,1152,192,64,0,262144,0,0,7769,0,0.0,0.0,0.0,0.0
1672,1152,192,128,1,163840,59,0,0,59,0.0,0.0,0.0,0.0
1673,1152,256,0,1,262144,0,0,0,0,0.0,0.0,0.0,0.0
1674,1152,256,64,0,262144,0,0,936,0,0.0,0.0,0.0,0.0
1675,1152,256,128,1,163840,0,0,286,0,0.0,0.0,0.0,0.0
1676,1152,320,0,1,262144,0,0,0,0,0.0,0.0,0.0,0.0
1677,1152,320,64,0,262144,0,0,0,0,0.0,0.0,0.0,0.0
1678,1152,320,128,1,163840,0,0,0,0,0.0,0.0,0.0,0.0
1679,1152,384,0,1,262144,0,0,0,0,0.0,0.0,0.0,0.0
1680,1152,384,64,0,262144,0,0,0,0,0.0,0.0,0.0,0.0
1681,1152,384,128,1,163840,0,0,0,0,0.0,0.0,0.0,0.0
1682,1152,448,0,1,262144,0,0,0,0,0.0,0.0,0.0,0.0
1683,1152,448,64,0,262144,0,0,0,0,0.0,0.0,0.0,0.0
1684,1152,448,128,1,163840,0,0,0,0,0.0,0.0,0.0,0.0
1685,1152,512,0,1,262144,0,0,0,0,0.0,0.0,0.0,0.0
1686,1152,512,64,0,262144,0,0,0,0,0.0,0.0,0.0,0.0
1687,1152,512,128,1,163840,0,0,0,0,0.0,0.0,0.0,0.0
1688,1152,576,0,1,262144,7257,0,0,7257,0.0,0.0,0.0,0.0
1689,1152,576,64,0,262144,0,0,0,0,0.0,0.0,0.0,0.0
1690,1152,576,128,1,163840,0,0,0,0,0.0,0.0,0.0,0.0
1691,1152,640,0,1,262144,32576,7226,17360,25350,0.14470522268503686,0.25282530352331967,0.293907101602538,0.2218197445972495
1692,1152,640,64,0,262144,10029,6344,7603,3685,0.35980036297640655,0.5291958625291958,0.45486484548648454,0.6325655598763585
1693,1152,640,128,1,163840,0,0,0,0,0.0,0.0,0.0,0.0
1694,1152,704,0,1,262144,55509,4400,5729,51109,0.07185081158757634,0.1340686797282062,0.43439628788626716,0.07926642526437154
1695,1152,704,64,0,262144,46782,5366,55162,41416,0.052636741740563445,0.10000931879601156,0.08865318530266984,0.11470223590269762
1696,1152,704,128,1,163840,19020,3,3,19017,0.00015770383220312253,0.000315357931251971,0.5,0.0001577287066246057
1697,1152,768,0,1,262144,2205,0,0,2205,0.0,0.0,0.0,0.0
1698,1152,768,64,0,262144,42757,24120,35145,18637,0.30961977869631074,0.4728391915469213,0.4069855732725892,0.5641181560914003
1699,1152,768,128,1,163840,15182,1992,1273,13190,0.12105742935278031,0.21597007643519273,0.6101071975497703,0.13120800948491634
1700,1152,832,0,1,262144,95,0,0,95,0.0,0.0,0.0,0.0
1701,1152,832,64,0,262144,1761,0,319,1761,0.0,0.0,0.0,0.0
1702,1152,832,128,1,163840,15759,957,648,14802,0.05832876211373195,0.11022805805114029,0.5962616822429907,0.06072720350276033
1703,1152,896,0,1,262144,0,0,0,0,0.0,0.0,0.0,0.0
1704,1152,896,64,0,262144,13774,0,0,13774,0.0,0.0,0.0,0.0
1705,1152,896,128,1,163840,69,0,0,69,0.0,0.0,0.0,0.0
1706,1152,960,0,1,262144,0,0,0,0,0.0,0.0,0.0,0.0
1707,1152,960,64,0,262144,13290,4183,3260,9107,0.25274924471299093,0.40351131047122946,0.5620045680505172,0.31474793077501884
1708,1152,960,128,1,163840,22462,10637,1390,11825,0.44595841019620996,0.6168343529821102,0.8844267065768687,0.47355533790401566
1709,1152,1024,0,1,262144,22682,9869,9661,12813,0.3051355780230653,0.4675921538898891,0.5053251408090118,0.4351027246274579
1710,1152,1024,64,0,262144,104,0,0,104,0.0,0.0,0.0,0.0
1711,1152,1024,128,1,163840,0,0,0,0,0.0,0.0,0.0,0.0
1712,1152,1088,0,1,262144,1709,1412,2430,297,0.34114520415559313,0.5087371644748694,0.3675169182717335,0.826214160327677
1713,1152,1088,64,0,262144,517,0,0,517,0.0,0.0,0.0,0.0
1714,1152,1088,128,1,163840,0,0,0,0,0.0,0.0,0.0,0.0
1715,1152,1152,0,1,262144,377,68,1016,309,0.048815506101938265,0.09308692676249145,0.06273062730627306,0.18037135278514588
1716,1152,1152,64,0,262144,8841,2251,2137,6590,0.20504645654946257,0.3403129488245521,0.5129899726526892,0.25460920710326884
1717,1152,1152,128,1,163840,0,0,0,0,0.0,0.0,0.0,0.0
1718,1152,1216,0,1,262144,0,0,0,0,0.0,0.0,0.0,0.0
1719,1152,1216,64,0,262144,14178,662,0,13516,0.04669205811821131,0.08921832884097035,1.0,0.04669205811821131
1720,1152,1216,128,1,163840,0,0,0,0,0.0,0.0,0.0,0.0
1721,1152,1280,0,1,262144,0,0,0,0,0.0,0.0,0.0,0.0
1722,1152,1280,64,0,262144,833,0,0,833,0.0,0.0,0.0,0.0
1723,1152,1280,128,1,163840,109,0,0,109,0.0,0.0,0.0,0.0
1724,1152,1344,0,1,262144,0,0,0,0,0.0,0.0,0.0,0.0
1725,1152,1344,64,0,262144,0,0,0,0,0.0,0.0,0.0,0.0
1726,1152,1344,128,1,163840,22,0,0,22,0.0,0.0,0.0,0.0
1727,1152,1408,0,1,262144,0,0,0,0,0.0,0.0,0.0,0.0
1728,1152,1408,64,0,262144,0,0,0,0,0.0,0.0,0.0,0.0
1729,1152,1408,128,1,163840,0,0,0,0,0.0,0.0,0.0,0.0
1730,1152,1472,0,1,262144,0,0,0,0,0.0,0.0,0.0,0.0
1731,1152,1472,64,0,262144,0,0,0,0,0.0,0.0,0.0,0.0
1732,1152,1472,128,1,163840,0,0,0,0,0.0,0.0,0.0,0.0
1733,1152,1536,0,1,262144,3989,611,5138,3378,0.06694423140133669,0.1254877798315876,0.10627935293094451,0.15317122085735774
1734,1152,1536,64,0,262144,45360,36051,29360,9309,0.48248126338329766,0.6509104368471893,0.5511458317408386,0.7947751322751323
1735,1152,1536,128,1,163840,31058,20213,10535,10845,0.4859711970764311,0.6540788920169562,0.6573760895017562,0.6508146049327066
1736,1152,1600,0,1,262144,56398,25191,25618,31207,0.30714738587592666,0.46995065620715065,0.49579798854533647,0.4466647753466435
1737,1152,1600,64,0,262144,33526,30102,14065,3424,0.6325145510705805,0.7748960652825866,0.6815495732107683,0.8978703096104516
1738,1152,1600,128,1,163840,0,0,0,0,0.0,0.0,0.0,0.0
1739,1152,1664,0,1,262144,10081,0,0,10081,0.0,0.0,0.0,0.0
1740,1152,1664,64,0,262144,14963,11394,9504,3569,0.4656884783586055,0.635453556788712,0.5452196382428941,0.7614783131724921
1741,1152,1664,128,1,163840,30012,13296,6746,16716,0.3617171772131237,0.5312662324689336,0.6634068456241892,0.44302279088364654
1742,1152,1728,0,1,262144,9969,339,38,9630,0.03387628659938043,0.06553257297506282,0.8992042440318302,0.03400541679205537
1743,1152,1728,64,0,262144,20972,262,254,20710,0.012343352492226515,0.024385703648548026,0.5077519379844961,0.012492847606332253
1744,1152,1728,128,1,163840,11371,0,0,11371,0.0,0.0,0.0,0.0
1745,1152,1792,0,1,262144,37612,22433,8046,15179,0.49132682114853915,0.6589123379007504,0.7360149611207717,0.5964319897904924
1746,1152,1792,64,0,262144,3956,1990,189,1966,0.48009650180940894,0.6487367563162184,0.9132629646626893,0.5030333670374115
1747,1152,1792,128,1,163840,0,0,0,0,0.0,0.0,0.0,0.0
1748,1152,1856,0,1,262144,13513,0,0,13513,0.0,0.0,0.0,0.0
1749,1152,1856,64,0,262144,37406,0,0,37406,0.0,0.0,0.0,0.0
1750,1152,1856,128,1,163840,11020,0,0,11020,0.0,0.0,0.0,0.0
1751,1152,1920,0,1,262144,194,0,0,194,0.0,0.0,0.0,0.0
1752,1152,1920,64,0,262144,14142,0,0,14142,0.0,0.0,0.0,0.0
1753,1152,1920,128,1,163840,25858,0,0,25858,0.0,0.0,0.0,0.0
1754,1152,1984,0,1,262144,45202,28537,13903,16665,0.4828187124608747,0.6512174528194244,0.6724081055607917,0.6313216229370382
1755,1152,1984,64,0,262144,43573,37472,19939,6101,0.5899987403955158,0.7421373682959677,0.6526972183031127,0.8599820990062653
1756,1152,1984,128,1,163840,9862,2286,228,7576,0.2265609514370664,0.36942469295410474,0.9093078758949881,0.23179882376799837
1757,1152,2048,0,1,262144,0,0,0,0,0.0,0.0,0.0,0.0
1758,1152,2048,64,0,262144,3862,3834,2270,28,0.6252446183953033,0.769416014449127,0.6281127129750983,0.9927498705334024
1759,1152,2048,128,1,163840,39153,12354,6495,26799,0.27063617245005256,0.42598531085134994,0.6554193856438008,0.3155313769059842
1760,1152,2112,0,1,262144,24231,14125,3025,10106,0.5182345171705313,0.6826804572146637,0.8236151603498543,0.5829309562131154
1761,1152,2112,64,0,262144,32070,22440,4656,9630,0.6110112726678647,0.7585437582395295,0.8281665190434012,0.6997193638914874
1762,1152,2112,128,1,163840,27737,11353,2577,16384,0.3745134261397374,0.5449396404828761,0.8150035893754487,0.4093088654144284
1763,1152,2176,0,1,262144,17095,14935,8988,2160,0.5725951769351685,0.7282168803939734,0.624294611879781,0.8736472652822462
1764,1152,2176,64,0,262144,8498,7951,11992,547,0.38804294777940457,0.5591223937273654,0.398686255829113,0.9356319133913862
1765,1152,2176,128,1,163840,3601,59,15,3542,0.01631637168141593,0.032108843537414965,0.7972972972972973,0.016384337683976673
1766,1152,2240,0,1,262144,43134,34432,6465,8702,0.6942075445069457,0.8195070866703954,0.8419199452282563,0.7982565957249501
1767,1152,2240,64,0,262144,39319,32819,13353,6500,0.6230824726609964,0.7677767250353839,0.710798752490687,0.8346855209949389
1768,1152,2240,128,1,163840,59,47,192,12,0.18725099601593626,0.31543624161073824,0.19665271966527198,0.7966101694915254
1769,1152,2304,0,1,262144,0,0,0,0,0.0,0.0,0.0,0.0
1770,1152,2304,64,0,262144,0,0,0,0,0.0,0.0,0.0,0.0
1771,1152,2304,128,1,163840,0,0,0,0,0.0,0.0,0.0,0.0
1772,1152,2368,0,1,262144,0,0,0,0,0.0,0.0,0.0,0.0
1773,1152,2368,64,0,262144,0,0,0,0,0.0,0.0,0.0,0.0
1774,1152,2368,128,1,163840,0,0,0,0,0.0,0.0,0.0,0.0
1775,1152,2432,0,1,262144,0,0,0,0,0.0,0.0,0.0,0.0
1776,1152,2432,64,0,262144,0,0,0,0,0.0,0.0,0.0,0.0
1777,1152,2432,128,1,163840,0,0,0,0,0.0,0.0,0.0,0.0
1778,1152,2496,0,1,240064,0,0,0,0,0.0,0.0,0.0,0.0
1779,1152,2496,64,0,262144,0,0,0,0,0.0,0.0,0.0,0.0
1780,1152,2496,128,1,163840,0,0,0,0,0.0,0.0,0.0,0.0
1781,1152,2560,0,1,92203,0,0,0,0,0.0,0.0,0.0,0.0
1782,1152,2560,64,0,262099,0,0,0,0,0.0,0.0,0.0,0.0
1783,1152,2560,128,1,163840,10767,2379,4172,8388,0.15924760693486847,0.27474304192169996,0.3631506640207602,0.22095291167456116
1784,1152,2624,0,1,1664,0,0,0,0,0.0,0.0,0.0,0.0
1785,1152,2624,64,0,177386,0,0,0,0,0.0,0.0,0.0,0.0
1786,1152,2624,128,1,163840,811,0,0,811,0.0,0.0,0.0,0.0
1787,1152,2688,64,0,21184,0,0,0,0,0.0,0.0,0.0,0.0
1788,1152,2688,128,1,150656,0,0,0,0,0.0,0.0,0.0,0.0
1789,1152,2752,128,1,24704,0,0,0,0,0.0,0.0,0.0,0.0
1790,1216,0,0,1,241836,0,0,0,0,0.0,0.0,0.0,0.0
1791,1216,0,64,1,242860,0,0,0,0,0.0,0.0,0.0,0.0
1792,1216,0,128,1,150280,0,0,0,0,0.0,0.0,0.0,0.0
1793,1216,64,0,1,262144,0,0,0,0,0.0,0.0,0.0,0.0
1794,1216,64,64,0,262144,0,0,3823,0,0.0,0.0,0.0,0.0
1795,1216,64,128,1,163840,0,0,268,0,0.0,0.0,0.0,0.0
1796,1216,128,0,1,262144,0,0,0,0,0.0,0.0,0.0,0.0
1797,1216,128,64,0,262144,0,0,24,0,0.0,0.0,0.0,0.0
1798,1216,128,128,1,163840,0,0,0,0,0.0,0.0,0.0,0.0
1799,1216,192,0,1,262144,0,0,0,0,0.0,0.0,0.0,0.0
1800,1216,192,64,0,262144,0,0,14936,0,0.0,0.0,0.0,0.0
1801,1216,192,128,1,163840,0,0,0,0,0.0,0.0,0.0,0.0
1802,1216,256,0,1,262144,0,0,0,0,0.0,0.0,0.0,0.0
1803,1216,256,64,0,262144,0,0,0,0,0.0,0.0,0.0,0.0
1804,1216,256,128,1,163840,0,0,0,0,0.0,0.0,0.0,0.0
1805,1216,320,0,1,262144,0,0,0,0,0.0,0.0,0.0,0.0
1806,1216,320,64,0,262144,0,0,0,0,0.0,0.0,0.0,0.0
1807,1216,320,128,1,163840,0,0,0,0,0.0,0.0,0.0,0.0
1808,1216,384,0,1,262144,0,0,0,0,0.0,0.0,0.0,0.0
1809,1216,384,64,0,262144,0,0,0,0,0.0,0.0,0.0,0.0
1810,1216,384,128,1,163840,0,0,0,0,0.0,0.0,0.0,0.0
1811,1216,448,0,1,262144,0,0,0,0,0.0,0.0,0.0,0.0
1812,1216,448,64,0,262144,0,0,0,0,0.0,0.0,0.0,0.0
1813,1216,448,128,1,163840,0,0,0,0,0.0,0.0,0.0,0.0
1814,1216,512,0,1,262144,0,0,0,0,0.0,0.0,0.0,0.0
1815,1216,512,64,0,262144,0,0,0,0,0.0,0.0,0.0,0.0
1816,1216,512,128,1,163840,0,0,0,0,0.0,0.0,0.0,0.0
1817,1216,576,0,1,262144,67,0,0,67,0.0,0.0,0.0,0.0
1818,1216,576,64,0,262144,0,0,0,0,0.0,0.0,0.0,0.0
1819,1216,576,128,1,163840,0,0,0,0,0.0,0.0,0.0,0.0
1820,1216,640,0,1,262144,26362,203,464,26159,0.007567285469320808,0.015020903474046395,0.30434782608695654,0.007700477960701009
1821,1216,640,64,0,262144,0,0,0,0,0.0,0.0,0.0,0.0
1822,1216,640,128,1,163840,0,0,0,0,0.0,0.0,0.0,0.0
1823,1216,704,0,1,262144,29700,3471,11645,26229,0.08395211029145,0.15490003570153515,0.229624239216724,0.11686868686868687
1824,1216,704,64,0,262144,37879,10465,37135,27414,0.1395072919721652,0.2448554615753577,0.21985294117647058,0.27627445286306396
1825,1216,704,128,1,163840,4072,0,0,4072,0.0,0.0,0.0,0.0
1826,1216,768,0,1,262144,28792,4004,6086,24788,0.11480016055966512,0.20595648371997324,0.39682854311199206,0.13906640733537093
1827,1216,768,64,0,262144,45216,2279,33215,42937,0.029057388022593108,0.056473795068764716,0.06420803516087226,0.05040251238499646
1828,1216,768,128,1,163840,13569,0,0,13569,0.0,0.0,0.0,0.0
1829,1216,832,0,1,262144,0,0,0,0,0.0,0.0,0.0,0.0
1830,1216,832,64,0,262144,19463,1059,4370,18404,0.04443418789073973,0.08508757833842198,0.195063547614662,0.05441093356625392
1831,1216,832,128,1,163840,30480,164,84,30316,0.005365789818086638,0.010674303566779484,0.6612903225806451,0.005380577427821522
1832,1216,896,0,1,262144,0,0,0,0,0.0,0.0,0.0,0.0
1833,1216,896,64,0,262144,0,0,0,0,0.0,0.0,0.0,0.0
1834,1216,896,128,1,163840,227,0,0,227,0.0,0.0,0.0,0.0
1835,1216,960,0,1,262144,0,0,0,0,0.0,0.0,0.0,0.0
1836,1216,960,64,0,262144,0,0,0,0,0.0,0.0,0.0,0.0
1837,1216,960,128,1,163840,1675,0,0,1675,0.0,0.0,0.0,0.0
1838,1216,1024,0,1,262144,0,0,271,0,0.0,0.0,0.0,0.0
1839,1216,1024,64,0,262144,0,0,0,0,0.0,0.0,0.0,0.0
1840,1216,1024,128,1,163840,0,0,0,0,0.0,0.0,0.0,0.0
1841,1216,1088,0,1,262144,0,0,0,0,0.0,0.0,0.0,0.0
1842,1216,1088,64,0,262144,0,0,0,0,0.0,0.0,0.0,0.0
1843,1216,1088,128,1,163840,0,0,0,0,0.0,0.0,0.0,0.0
1844,1216,1152,0,1,262144,0,0,0,0,0.0,0.0,0.0,0.0
1845,1216,1152,64,0,262144,0,0,0,0,0.0,0.0,0.0,0.0
1846,1216,1152,128,1,163840,0,0,0,0,0.0,0.0,0.0,0.0
1847,1216,1216,0,1,262144,0,0,0,0,0.0,0.0,0.0,0.0
1848,1216,1216,64,0,262144,4,0,0,4,0.0,0.0,0.0,0.0
1849,1216,1216,128,1,163840,0,0,0,0,0.0,0.0,0.0,0.0
1850,1216,1280,0,1,262144,0,0,0,0,0.0,0.0,0.0,0.0
1851,1216,1280,64,0,262144,0,0,0,0,0.0,0.0,0.0,0.0
1852,1216,1280,128,1,163840,0,0,0,0,0.0,0.0,0.0,0.0
1853,1216,1344,0,1,262144,0,0,0,0,0.0,0.0,0.0,0.0
1854,1216,1344,64,0,262144,0,0,0,0,0.0,0.0,0.0,0.0
1855,1216,1344,128,1,163840,0,0,0,0,0.0,0.0,0.0,0.0
1856,1216,1408,0,1,262144,0,0,0,0,0.0,0.0,0.0,0.0
1857,1216,1408,64,0,262144,0,0,0,0,0.0,0.0,0.0,0.0
1858,1216,1408,128,1,163840,0,0,0,0,0.0,0.0,0.0,0.0
1859,1216,1472,0,1,262144,0,0,0,0,0.0,0.0,0.0,0.0
1860,1216,1472,64,0,262144,0,0,0,0,0.0,0.0,0.0,0.0
1861,1216,1472,128,1,163840,0,0,0,0,0.0,0.0,0.0,0.0
1862,1216,1536,0,1,262144,0,0,44,0,0.0,0.0,0.0,0.0
1863,1216,1536,64,0,262144,11958,11805,10145,153,0.5340903949690088,0.6962958593842161,0.5378132118451026,0.9872052182639237
1864,1216,1536,128,1,163840,24173,12166,5056,12007,0.41623045605391906,0.587800458992632,0.7064220183486238,0.5032887932817607
1865,1216,1600,0,1,262144,38299,14150,14990,24149,0.2655332244928597,0.41963848811518556,0.48558682223747424,0.3694613436382151
1866,1216,1600,64,0,262144,41274,37458,17996,3816,0.6319892019571453,0.7745016954759739,0.6754787752010676,0.9075447012647188
1867,1216,1600,128,1,163840,5009,2215,1195,2794,0.3570277240490006,0.5261907589975057,0.6495601173020528,0.44220403274106607
1868,1216,1664,0,1,262144,20963,15585,14182,5378,0.4434485702091336,0.6144293317563572,0.523566365438237,0.7434527500834804
1869,1216,1664,64,0,262144,41329,31930,23017,9399,0.4962235414788798,0.6633013419751548,0.5811054288678181,0.7725809963947833
1870,1216,1664,128,1,163840,23771,2321,1659,21450,0.09127015336217066,0.16727325141436344,0.5831658291457287,0.0976399814900509
1871,1216,1728,0,1,262144,0,0,918,0,0.0,0.0,0.0,0.0
1872,1216,1728,64,0,262144,19,0,0,19,0.0,0.0,0.0,0.0
1873,1216,1728,128,1,163840,0,0,0,0,0.0,0.0,0.0,0.0
1874,1216,1792,0,1,262144,10420,0,0,10420,0.0,0.0,0.0,0.0
1875,1216,1792,64,0,262144,0,0,0,0,0.0,0.0,0.0,0.0
1876,1216,1792,128,1,163840,0,0,0,0,0.0,0.0,0.0,0.0
1877,1216,1856,0,1,262144,2,0,0,2,0.0,0.0,0.0,0.0
1878,1216,1856,64,0,262144,2371,0,413,2371,0.0,0.0,0.0,0.0
1879,1216,1856,128,1,163840,104,0,0,104,0.0,0.0,0.0,0.0
1880,1216,1920,0,1,262144,4064,1082,2832,2982,0.15690255220417634,0.27124592629731764,0.2764435360245273,0.266240157480315
1881,1216,1920,64,0,262144,7593,2527,461,5066,0.3137571393096598,0.47764861544277476,0.8457161981258366,0.3328065323324114
1882,1216,1920,128,1,163840,6458,0,0,6458,0.0,0.0,0.0,0.0
1883,1216,1984,0,1,262144,40564,28750,12333,11814,0.5435090836909465,0.7042512278467059,0.6998028381569019,0.7087565328863031
1884,1216,1984,64,0,262144,41952,39371,32102,2581,0.531652577848597,0.6942208507824553,0.5508513704475816,0.9384773073989321
1885,1216,1984,128,1,163840,13827,3252,1795,10575,0.208167968249904,0.3446010384656141,0.644343174162869,0.2351920156216099
1886,1216,2048,0,1,262144,0,0,0,0,0.0,0.0,0.0,0.0
1887,1216,2048,64,0,262144,0,0,162,0,0.0,0.0,0.0,0.0
1888,1216,2048,128,1,163840,21750,1019,3703,20731,0.04003457352767847,0.07698700513750378,0.2157983905124947,0.04685057471264368
1889,1216,2112,0,1,262144,3168,696,1185,2472,0.15988973121984837,0.2756981580510992,0.3700159489633174,0.2196969696969697
1890,1216,2112,64,0,262144,12075,7384,2998,4691,0.4898825714854375,0.6576123257781538,0.7112309766904258,0.6115113871635611
1891,1216,2112,128,1,163840,20574,4269,371,16305,0.20381952733349248,0.3386214008090743,0.9200431034482759,0.20749489647127442
1892,1216,2176,0,1,262144,39278,24539,10385,14739,0.4941103034452208,0.6614107436457238,0.7026400183255068,0.6247517694383624
1893,1216,2176,64,0,262144,28752,22468,15731,6284,0.5050918328350156,0.6711774282684351,0.5881829367260923,0.7814412910406232
1894,1216,2176,128,1,163840,4652,1150,53,3502,0.24442082890541977,0.3928266438941076,0.9559434746467166,0.2472055030094583
1895,1216,2240,0,1,262144,42498,33060,6214,9438,0.6786828707505338,0.8085897373183975,0.8417782757040281,0.7779189608922773
1896,1216,2240,64,0,262144,31245,24343,6052,6902,0.6526798402016248,0.7898442569759896,0.800888303997368,0.7791006561049768
1897,1216,2240,128,1,163840,0,0,0,0,0.0,0.0,0.0,0.0
1898,1216,2304,0,1,262144,0,0,0,0,0.0,0.0,0.0,0.0
1899,1216,2304,64,0,262144,0,0,0,0,0.0,0.0,0.0,0.0
1900,1216,2304,128,1,163840,0,0,0,0,0.0,0.0,0.0,0.0
1901,1216,2368,0,1,262144,0,0,0,0,0.0,0.0,0.0,0.0
1902,1216,2368,64,0,262144,0,0,0,0,0.0,0.0,0.0,0.0
1903,1216,2368,128,1,163840,0,0,0,0,0.0,0.0,0.0,0.0
1904,1216,2432,0,1,262144,0,0,0,0,0.0,0.0,0.0,0.0
1905,1216,2432,64,0,262144,0,0,0,0,0.0,0.0,0.0,0.0
1906,1216,2432,128,1,163840,0,0,0,0,0.0,0.0,0.0,0.0
1907,1216,2496,0,1,235535,0,0,0,0,0.0,0.0,0.0,0.0
1908,1216,2496,64,0,262144,0,0,91,0,0.0,0.0,0.0,0.0
1909,1216,2496,128,1,163840,0,0,1241,0,0.0,0.0,0.0,0.0
1910,1216,2560,0,1,86917,0,0,0,0,0.0,0.0,0.0,0.0
1911,1216,2560,64,0,259648,0,0,313,0,0.0,0.0,0.0,0.0
1912,1216,2560,128,1,163840,151,0,1415,151,0.0,0.0,0.0,0.0
1913,1216,2624,0,1,1664,0,0,0,0,0.0,0.0,0.0,0.0
1914,1216,2624,64,0,172800,0,0,0,0,0.0,0.0,0.0,0.0
1915,1216,2624,128,1,163840,0,0,0,0,0.0,0.0,0.0,0.0
1916,1216,2688,64,0,17539,0,0,0,0,0.0,0.0,0.0,0.0
1917,1216,2688,128,1,146732,0,0,0,0,0.0,0.0,0.0,0.0
1918,1216,2752,128,1,21959,0,0,0,0,0.0,0.0,0.0,0.0
1919,1280,0,0,1,242596,0,0,0,0,0.0,0.0,0.0,0.0
1920,1280,0,64,1,244864,0,0,0,0,0.0,0.0,0.0,0.0
1921,1280,0,128,1,151168,0,0,0,0,0.0,0.0,0.0,0.0
1922,1280,64,0,1,262144,0,0,0,0,0.0,0.0,0.0,0.0
1923,1280,64,64,0,262144,0,0,27504,0,0.0,0.0,0.0,0.0
1924,1280,64,128,1,163840,0,0,1623,0,0.0,0.0,0.0,0.0
1925,1280,128,0,1,262144,0,0,0,0,0.0,0.0,0.0,0.0
1926,1280,128,64,0,262144,0,0,0,0,0.0,0.0,0.0,0.0
1927,1280,128,128,1,163840,0,0,0,0,0.0,0.0,0.0,0.0
1928,1280,192,0,1,262144,0,0,0,0,0.0,0.0,0.0,0.0
1929,1280,192,64,0,262144,0,0,9059,0,0.0,0.0,0.0,0.0
1930,1280,192,128,1,163840,0,0,0,0,0.0,0.0,0.0,0.0
1931,1280,256,0,1,262144,0,0,0,0,0.0,0.0,0.0,0.0
1932,1280,256,64,0,262144,0,0,0,0,0.0,0.0,0.0,0.0
1933,1280,256,128,1,163840,0,0,360,0,0.0,0.0,0.0,0.0
1934,1280,320,0,1,262144,0,0,0,0,0.0,0.0,0.0,0.0
1935,1280,320,64,0,262144,0,0,0,0,0.0,0.0,0.0,0.0
1936,1280,320,128,1,163840,0,0,0,0,0.0,0.0,0.0,0.0
1937,1280,384,0,1,262144,0,0,0,0,0.0,0.0,0.0,0.0
1938,1280,384,64,0,262144,0,0,8,0,0.0,0.0,0.0,0.0
1939,1280,384,128,1,163840,0,0,0,0,0.0,0.0,0.0,0.0
1940,1280,448,0,1,262144,0,0,0,0,0.0,0.0,0.0,0.0
1941,1280,448,64,0,262144,0,0,0,0,0.0,0.0,0.0,0.0
1942,1280,448,128,1,163840,0,0,0,0,0.0,0.0,0.0,0.0
1943,1280,512,0,1,262144,0,0,0,0,0.0,0.0,0.0,0.0
1944,1280,512,64,0,262144,0,0,0,0,0.0,0.0,0.0,0.0
1945,1280,512,128,1,163840,0,0,0,0,0.0,0.0,0.0,0.0
1946,1280,576,0,1,262144,0,0,0,0,0.0,0.0,0.0,0.0
1947,1280,576,64,0,262144,0,0,0,0,0.0,0.0,0.0,0.0
1948,1280,576,128,1,163840,0,0,0,0,0.0,0.0,0.0,0.0
1949,1280,640,0,1,262144,11432,0,0,11432,0.0,0.0,0.0,0.0
1950,1280,640,64,0,262144,0,0,0,0,0.0,0.0,0.0,0.0
1951,1280,640,128,1,163840,0,0,0,0,0.0,0.0,0.0,0.0
1952,1280,704,0,1,262144,30518,0,0,30518,0.0,0.0,0.0,0.0
1953,1280,704,64,0,262144,8632,4481,21987,4151,0.146347039419968,0.2553276353276353,0.16929877588030828,0.519114921223355
1954,1280,704,128,1,163840,0,0,1541,0,0.0,0.0,0.0,0.0
1955,1280,768,0,1,262144,21264,657,4680,20607,0.02532377428307123,0.04939663922408932,0.12310286677908938,0.03089729119638826
1956,1280,768,64,0,262144,45809,4686,69391,41123,0.040677083333333336,0.07817426555227466,0.06325850128919908,0.10229430897858499
1957,1280,768,128,1,163840,9589,0,11,9589,0.0,0.0,0.0,0.0
1958,1280,832,0,1,262144,2201,0,0,2201,0.0,0.0,0.0,0.0
1959,1280,832,64,0,262144,51362,17757,41519,33605,0.1911801121865613,0.32099278728827346,0.2995647479587017,0.3457225185935127
1960,1280,832,128,1,163840,15871,0,0,15871,0.0,0.0,0.0,0.0
1961,1280,896,0,1,262144,0,0,0,0,0.0,0.0,0.0,0.0
1962,1280,896,64,0,262144,0,0,1501,0,0.0,0.0,0.0,0.0
1963,1280,896,128,1,163840,18255,0,0,18255,0.0,0.0,0.0,0.0
1964,1280,960,0,1,262144,0,0,0,0,0.0,0.0,0.0,0.0
1965,1280,960,64,0,262144,0,0,0,0,0.0,0.0,0.0,0.0
1966,1280,960,128,1,163840,0,0,0,0,0.0,0.0,0.0,0.0
1967,1280,1024,0,1,262144,0,0,0,0,0.0,0.0,0.0,0.0
1968,1280,1024,64,0,262144,0,0,0,0,0.0,0.0,0.0,0.0
1969,1280,1024,128,1,163840,0,0,0,0,0.0,0.0,0.0,0.0
1970,1280,1088,0,1,262144,0,0,0,0,0.0,0.0,0.0,0.0
1971,1280,1088,64,0,262144,0,0,0,0,0.0,0.0,0.0,0.0
1972,1280,1088,128,1,163840,0,0,0,0,0.0,0.0,0.0,0.0
1973,1280,1152,0,1,262144,0,0,0,0,0.0,0.0,0.0,0.0
1974,1280,1152,64,0,262144,0,0,0,0,0.0,0.0,0.0,0.0
1975,1280,1152,128,1,163840,0,0,0,0,0.0,0.0,0.0,0.0
1976,1280,1216,0,1,262144,0,0,0,0,0.0,0.0,0.0,0.0
1977,1280,1216,64,0,262144,0,0,0,0,0.0,0.0,0.0,0.0
1978,1280,1216,128,1,163840,0,0,0,0,0.0,0.0,0.0,0.0
1979,1280,1280,0,1,262144,0,0,0,0,0.0,0.0,0.0,0.0
1980,1280,1280,64,0,262144,0,0,0,0,0.0,0.0,0.0,0.0
1981,1280,1280,128,1,163840,0,0,0,0,0.0,0.0,0.0,0.0
1982,1280,1344,0,1,262144,0,0,0,0,0.0,0.0,0.0,0.0
1983,1280,1344,64,0,262144,0,0,0,0,0.0,0.0,0.0,0.0
1984,1280,1344,128,1,163840,0,0,0,0,0.0,0.0,0.0,0.0
1985,1280,1408,0,1,262144,0,0,0,0,0.0,0.0,0.0,0.0
1986,1280,1408,64,0,262144,0,0,0,0,0.0,0.0,0.0,0.0
1987,1280,1408,128,1,163840,0,0,0,0,0.0,0.0,0.0,0.0
1988,1280,1472,0,1,262144,0,0,0,0,0.0,0.0,0.0,0.0
1989,1280,1472,64,0,262144,0,0,0,0,0.0,0.0,0.0,0.0
1990,1280,1472,128,1,163840,0,0,0,0,0.0,0.0,0.0,0.0
1991,1280,1536,0,1,262144,0,0,0,0,0.0,0.0,0.0,0.0
1992,1280,1536,64,0,262144,0,0,5,0,0.0,0.0,0.0,0.0
1993,1280,1536,128,1,163840,1336,20,11,1316,0.014847809948032665,0.029261155815654718,0.6451612903225806,0.014970059880239521
1994,1280,1600,0,1,262144,10636,6868,5129,3768,0.43564858864573425,0.6069014271196925,0.572476452446445,0.6457314779992478
1995,1280,1600,64,0,262144,47757,43652,25438,4105,0.5963795341211832,0.7471650962369595,0.6318135764944276,0.9140440144900224
1996,1280,1600,128,1,163840,28267,12008,8410,16259,0.3273986422008343,0.4932936222655849,0.5881085316877265,0.4248063112463296
1997,1280,1664,0,1,262144,47285,21673,24590,25612,0.3015373913043478,0.4633557104374225,0.4684737263039578,0.4583483134186317
1998,1280,1664,64,0,262144,38582,29904,14338,8678,0.5650793650793651,0.7221095334685599,0.6759188101803716,0.7750764605256337
1999,1280,1664,128,1,163840,9110,0,2,9110,0.0,0.0,0.0,0.0
2000,1280,1728,0,1,262144,0,0,33,0,0.0,0.0,0.0,0.0
2001,1280,1728,64,0,262144,0,0,51,0,0.0,0.0,0.0,0.0
2002,1280,1728,128,1,163840,270,0,0,270,0.0,0.0,0.0,0.0
2003,1280,1792,0,1,262144,25,0,0,25,0.0,0.0,0.0,0.0
2004,1280,1792,64,0,262144,0,0,0,0,0.0,0.0,0.0,0.0
2005,1280,1792,128,1,163840,0,0,0,0,0.0,0.0,0.0,0.0
2006,1280,1856,0,1,262144,0,0,0,0,0.0,0.0,0.0,0.0
2007,1280,1856,64,0,262144,0,0,0,0,0.0,0.0,0.0,0.0
2008,1280,1856,128,1,163840,0,0,0,0,0.0,0.0,0.0,0.0
2009,1280,1920,0,1,262144,40167,18990,13181,21177,0.35596460973232363,0.5250352511819514,0.5902831742874017,0.47277615953394575
2010,1280,1920,64,0,262144,43603,18093,26057,25510,0.25973298880275625,0.412361970530922,0.4098074745186863,0.4149485127170149
2011,1280,1920,128,1,163840,4110,151,383,3959,0.03360783440908079,0.06503014642549526,0.28277153558052437,0.03673965936739659
2012,1280,1984,0,1,262144,5712,972,28,4740,0.16933797909407666,0.2896305125148987,0.972,0.17016806722689076
2013,1280,1984,64,0,262144,5779,4451,9126,1328,0.29862462260986244,0.45990907212233934,0.3278338366354865,0.7702024571725212
2014,1280,1984,128,1,163840,25880,5856,4967,20024,0.18984017894770966,0.3191019807645152,0.5410699436385475,0.22627511591962907
2015,1280,2048,0,1,262144,0,0,0,0,0.0,0.0,0.0,0.0
2016,1280,2048,64,0,262144,0,0,0,0,0.0,0.0,0.0,0.0
2017,1280,2048,128,1,163840,1888,0,0,1888,0.0,0.0,0.0,0.0
2018,1280,2112,0,1,262144,0,0,0,0,0.0,0.0,0.0,0.0
2019,1280,2112,64,0,262144,762,53,58,709,0.06463414634146342,0.12142038946162657,0.4774774774774775,0.06955380577427822
2020,1280,2112,128,1,163840,12565,1368,1189,11197,0.09946197469826959,0.1809284486179077,0.5350019554165037,0.10887385594906486
2021,1280,2176,0,1,262144,54096,14858,5073,39238,0.25111122378272405,0.4014211031110271,0.7454718779790277,0.27465986394557823
2022,1280,2176,64,0,262144,41795,35706,30354,6089,0.4948925141027596,0.6621111677715451,0.5405086285195277,0.8543127168321569
2023,1280,2176,128,1,163840,14187,9601,2528,4586,0.5743942566556984,0.7296701626386989,0.791573913760409,0.6767463170508212
2024,1280,2240,0,1,262144,31177,10968,599,20209,0.34516616314199394,0.5131948343627176,0.9482147488544999,0.3517977996600058
2025,1280,2240,64,0,262144,28813,19156,5261,9657,0.5621881786699536,0.7197445049783956,0.7845353647049187,0.6648387880470621
2026,1280,2240,128,1,163840,0,0,0,0,0.0,0.0,0.0,0.0
2027,1280,2304,0,1,262144,0,0,0,0,0.0,0.0,0.0,0.0
2028,1280,2304,64,0,262144,0,0,0,0,0.0,0.0,0.0,0.0
2029,1280,2304,128,1,163840,0,0,0,0,0.0,0.0,0.0,0.0
2030,1280,2368,0,1,262144,0,0,0,0,0.0,0.0,0.0,0.0
2031,1280,2368,64,0,262144,0,0,0,0,0.0,0.0,0.0,0.0
2032,1280,2368,128,1,163840,0,0,0,0,0.0,0.0,0.0,0.0
2033,1280,2432,0,1,262144,0,0,0,0,0.0,0.0,0.0,0.0
2034,1280,2432,64,0,262144,0,0,0,0,0.0,0.0,0.0,0.0
2035,1280,2432,128,1,163840,0,0,0,0,0.0,0.0,0.0,0.0
2036,1280,2496,0,1,228220,0,0,0,0,0.0,0.0,0.0,0.0
2037,1280,2496,64,0,262144,0,0,0,0,0.0,0.0,0.0,0.0
2038,1280,2496,128,1,163840,0,0,0,0,0.0,0.0,0.0,0.0
2039,1280,2560,0,1,79264,0,0,41,0,0.0,0.0,0.0,0.0
2040,1280,2560,64,0,258256,0,0,0,0,0.0,0.0,0.0,0.0
2041,1280,2560,128,1,163840,0,0,0,0,0.0,0.0,0.0,0.0
2042,1280,2624,0,1,1301,0,0,0,0,0.0,0.0,0.0,0.0
2043,1280,2624,64,0,166245,0,0,0,0,0.0,0.0,0.0,0.0
2044,1280,2624,128,1,163840,0,0,0,0,0.0,0.0,0.0,0.0
2045,1280,2688,64,0,13546,0,0,0,0,0.0,0.0,0.0,0.0
2046,1280,2688,128,1,141377,0,0,0,0,0.0,0.0,0.0,0.0
2047,1280,2752,128,1,17427,0,0,0,0,0.0,0.0,0.0,0.0
2048,1344,0,0,1,242496,0,0,0,0,0.0,0.0,0.0,0.0
2049,1344,0,64,1,244864,0,0,0,0,0.0,0.0,0.0,0.0
2050,1344,0,128,1,151168,0,0,0,0,0.0,0.0,0.0,0.0
2051,1344,64,0,1,262144,0,0,0,0,0.0,0.0,0.0,0.0
2052,1344,64,64,0,262144,0,0,0,0,0.0,0.0,0.0,0.0
2053,1344,64,128,1,163840,0,0,0,0,0.0,0.0,0.0,0.0
2054,1344,128,0,1,262144,0,0,0,0,0.0,0.0,0.0,0.0
2055,1344,128,64,0,262144,0,0,557,0,0.0,0.0,0.0,0.0
2056,1344,128,128,1,163840,0,0,0,0,0.0,0.0,0.0,0.0
2057,1344,192,0,1,262144,0,0,0,0,0.0,0.0,0.0,0.0
2058,1344,192,64,0,262144,0,0,188,0,0.0,0.0,0.0,0.0
2059,1344,192,128,1,163840,0,0,0,0,0.0,0.0,0.0,0.0
2060,1344,256,0,1,262144,0,0,0,0,0.0,0.0,0.0,0.0
2061,1344,256,64,0,262144,0,0,266,0,0.0,0.0,0.0,0.0
2062,1344,256,128,1,163840,0,0,0,0,0.0,0.0,0.0,0.0
2063,1344,320,0,1,262144,0,0,0,0,0.0,0.0,0.0,0.0
2064,1344,320,64,0,262144,0,0,0,0,0.0,0.0,0.0,0.0
2065,1344,320,128,1,163840,0,0,0,0,0.0,0.0,0.0,0.0
2066,1344,384,0,1,262144,0,0,0,0,0.0,0.0,0.0,0.0
2067,1344,384,64,0,262144,0,0,0,0,0.0,0.0,0.0,0.0
2068,1344,384,128,1,163840,0,0,0,0,0.0,0.0,0.0,0.0
2069,1344,448,0,1,262144,0,0,0,0,0.0,0.0,0.0,0.0
2070,1344,448,64,0,262144,0,0,0,0,0.0,0.0,0.0,0.0
2071,1344,448,128,1,163840,0,0,0,0,0.0,0.0,0.0,0.0
2072,1344,512,0,1,262144,0,0,0,0,0.0,0.0,0.0,0.0
2073,1344,512,64,0,262144,0,0,0,0,0.0,0.0,0.0,0.0
2074,1344,512,128,1,163840,0,0,0,0,0.0,0.0,0.0,0.0
2075,1344,576,0,1,262144,0,0,0,0,0.0,0.0,0.0,0.0
2076,1344,576,64,0,262144,0,0,0,0,0.0,0.0,0.0,0.0
2077,1344,576,128,1,163840,0,0,0,0,0.0,0.0,0.0,0.0
2078,1344,640,0,1,262144,470,0,0,470,0.0,0.0,0.0,0.0
2079,1344,640,64,0,262144,0,0,0,0,0.0,0.0,0.0,0.0
2080,1344,640,128,1,163840,0,0,0,0,0.0,0.0,0.0,0.0
2081,1344,704,0,1,262144,23190,0,0,23190,0.0,0.0,0.0,0.0
2082,1344,704,64,0,262144,9,0,0,9,0.0,0.0,0.0,0.0
2083,1344,704,128,1,163840,0,0,0,0,0.0,0.0,0.0,0.0
2084,1344,768,0,1,262144,27657,0,541,27657,0.0,0.0,0.0,0.0
2085,1344,768,64,0,262144,17676,1005,7569,16671,0.0398098633392751,0.07657142857142857,0.1172148355493352,0.056856754921928036
2086,1344,768,128,1,163840,22,0,0,22,0.0,0.0,0.0,0.0
2087,1344,832,0,1,262144,684,20,2725,664,0.005866823115283074,0.011665208515602217,0.007285974499089253,0.029239766081871343
2088,1344,832,64,0,262144,58327,18041,66130,40286,0.14495769623243368,0.2532105713764404,0.21433747965451283,0.3093078677113515
2089,1344,832,128,1,163840,7394,0,15,7394,0.0,0.0,0.0,0.0
2090,1344,896,0,1,262144,0,0,0,0,0.0,0.0,0.0,0.0
2091,1344,896,64,0,262144,16395,9620,12074,6775,0.3379114124135024,0.5051327154821602,0.44344058264958053,0.5867642573955474
2092,1344,896,128,1,163840,29561,521,2301,29040,0.016351766995166658,0.032177377018806165,0.18462083628632175,0.017624572917019046
2093,1344,960,0,1,262144,0,0,0,0,0.0,0.0,0.0,0.0
2094,1344,960,64,0,262144,0,0,0,0,0.0,0.0,0.0,0.0
2095,1344,960,128,1,163840,1118,68,720,1050,0.036996735582154515,0.07135362014690451,0.08629441624365482,0.06082289803220036
2096,1344,1024,0,1,262144,0,0,0,0,0.0,0.0,0.0,0.0
2097,1344,1024,64,0,262144,0,0,0,0,0.0,0.0,0.0,0.0
2098,1344,1024,128,1,163840,0,0,0,0,0.0,0.0,0.0,0.0
2099,1344,1088,0,1,262144,0,0,0,0,0.0,0.0,0.0,0.0
2100,1344,1088,64,0,262144,0,0,0,0,0.0,0.0,0.0,0.0
2101,1344,1088,128,1,163840,0,0,0,0,0.0,0.0,0.0,0.0
2102,1344,1152,0,1,262144,0,0,0,0,0.0,0.0,0.0,0.0
2103,1344,1152,64,0,262144,0,0,0,0,0.0,0.0,0.0,0.0
2104,1344,1152,128,1,163840,0,0,0,0,0.0,0.0,0.0,0.0
2105,1344,1216,0,1,262144,0,0,0,0,0.0,0.0,0.0,0.0
2106,1344,1216,64,0,262144,0,0,0,0,0.0,0.0,0.0,0.0
2107,1344,1216,128,1,163840,0,0,0,0,0.0,0.0,0.0,0.0
2108,1344,1280,0,1,262144,0,0,0,0,0.0,0.0,0.0,0.0
2109,1344,1280,64,0,262144,0,0,0,0,0.0,0.0,0.0,0.0
2110,1344,1280,128,1,163840,0,0,0,0,0.0,0.0,0.0,0.0
2111,1344,1344,0,1,262144,0,0,0,0,0.0,0.0,0.0,0.0
2112,1344,1344,64,0,262144,0,0,0,0,0.0,0.0,0.0,0.0
2113,1344,1344,128,1,163840,0,0,0,0,0.0,0.0,0.0,0.0
2114,1344,1408,0,1,262144,0,0,0,0,0.0,0.0,0.0,0.0
2115,1344,1408,64,0,262144,0,0,0,0,0.0,0.0,0.0,0.0
2116,1344,1408,128,1,163840,0,0,0,0,0.0,0.0,0.0,0.0
2117,1344,1472,0,1,262144,0,0,0,0,0.0,0.0,0.0,0.0
2118,1344,1472,64,0,262144,0,0,0,0,0.0,0.0,0.0,0.0
2119,1344,1472,128,1,163840,0,0,0,0,0.0,0.0,0.0,0.0
2120,1344,1536,0,1,262144,0,0,0,0,0.0,0.0,0.0,0.0
2121,1344,1536,64,0,262144,0,0,0,0,0.0,0.0,0.0,0.0
2122,1344,1536,128,1,163840,0,0,0,0,0.0,0.0,0.0,0.0
2123,1344,1600,0,1,262144,951,876,322,75,0.6881382560879812,0.8152629129827826,0.7312186978297162,0.9211356466876972
2124,1344,1600,64,0,262144,32154,23231,25249,8923,0.40470010278208457,0.5762085472629412,0.4791872937293729,0.7224917584126391
2125,1344,1600,128,1,163840,29464,2731,4073,26733,0.08143244774428243,0.1506010808426161,0.40138154027042916,0.09268938365462938
2126,1344,1664,0,1,262144,53831,11286,12657,42545,0.16974491637588737,0.2902255252397974,0.47136950256860044,0.20965614608682728
2127,1344,1664,64,0,262144,46357,18180,11771,28177,0.31275805119735756,0.4764900141531687,0.6069914193182198,0.39217378173738593
2128,1344,1664,128,1,163840,433,0,0,433,0.0,0.0,0.0,0.0
2129,1344,1728,0,1,262144,1625,243,200,1382,0.13315068493150686,0.23500967117988394,0.5485327313769752,0.14953846153846154
2130,1344,1728,64,0,262144,1412,148,80,1264,0.09919571045576407,0.18048780487804877,0.6491228070175439,0.1048158640226629
2131,1344,1728,128,1,163840,0,0,0,0,0.0,0.0,0.0,0.0
2132,1344,1792,0,1,262144,0,0,0,0,0.0,0.0,0.0,0.0
2133,1344,1792,64,0,262144,0,0,0,0,0.0,0.0,0.0,0.0
2134,1344,1792,128,1,163840,0,0,0,0,0.0,0.0,0.0,0.0
2135,1344,1856,0,1,262144,0,0,0,0,0.0,0.0,0.0,0.0
2136,1344,1856,64,0,262144,6682,0,0,6682,0.0,0.0,0.0,0.0
2137,1344,1856,128,1,163840,0,0,0,0,0.0,0.0,0.0,0.0
2138,1344,1920,0,1,262144,45371,15331,8597,30040,0.2840757485917581,0.4424594871498867,0.6407138080909395,0.33790306583500473
2139,1344,1920,64,0,262144,43472,11354,8763,32118,0.21736383650808844,0.35710578873704574,0.5643982701197992,0.2611796098638204
2140,1344,1920,128,1,163840,21577,660,204,20917,0.03030163904320279,0.058820908159172944,0.7638888888888888,0.03058812624553923
2141,1344,1984,0,1,262144,0,0,0,0,0.0,0.0,0.0,0.0
2142,1344,1984,64,0,262144,0,0,0,0,0.0,0.0,0.0,0.0
2143,1344,1984,128,1,163840,10832,366,532,10466,0.032206969376979935,0.06240409207161125,0.40757238307349664,0.03378877400295421
2144,1344,2048,0,1,262144,0,0,0,0,0.0,0.0,0.0,0.0
2145,1344,2048,64,0,262144,0,0,0,0,0.0,0.0,0.0,0.0
2146,1344,2048,128,1,163840,0,0,0,0,0.0,0.0,0.0,0.0
2147,1344,2112,0,1,262144,0,0,0,0,0.0,0.0,0.0,0.0
2148,1344,2112,64,0,262144,0,0,0,0,0.0,0.0,0.0,0.0
2149,1344,2112,128,1,163840,8528,0,0,8528,0.0,0.0,0.0,0.0
2150,1344,2176,0,1,262144,63450,767,122,62683,0.012065060089347511,0.0238424594724817,0.8627671541057368,0.012088258471237194
2151,1344,2176,64,0,262144,42560,16593,33039,25967,0.21948703025172292,0.35996615758417216,0.3343205996131528,0.3898731203007519
2152,1344,2176,128,1,163840,17960,7729,3912,10231,0.3533741770299927,0.5222120874294788,0.6639463963577013,0.43034521158129174
2153,1344,2240,0,1,262144,17918,0,0,17918,0.0,0.0,0.0,0.0
2154,1344,2240,64,0,262144,25167,3250,1139,21917,0.12354595909678401,0.21992150493977533,0.7404875825928458,0.1291373624190408
2155,1344,2240,128,1,163840,0,0,0,0,0.0,0.0,0.0,0.0
2156,1344,2304,0,1,262144,0,0,0,0,0.0,0.0,0.0,0.0
2157,1344,2304,64,0,262144,0,0,0,0,0.0,0.0,0.0,0.0
2158,1344,2304,128,1,163840,0,0,0,0,0.0,0.0,0.0,0.0
2159,1344,2368,0,1,262144,0,0,0,0,0.0,0.0,0.0,0.0
2160,1344,2368,64,0,262144,0,0,0,0,0.0,0.0,0.0,0.0
2161,1344,2368,128,1,163840,0,0,0,0,0.0,0.0,0.0,0.0
2162,1344,2432,0,1,262144,0,0,0,0,0.0,0.0,0.0,0.0
2163,1344,2432,64,0,262144,0,0,0,0,0.0,0.0,0.0,0.0
2164,1344,2432,128,1,163840,0,0,0,0,0.0,0.0,0.0,0.0
2165,1344,2496,0,1,216384,0,0,0,0,0.0,0.0,0.0,0.0
2166,1344,2496,64,0,262144,0,0,0,0,0.0,0.0,0.0,0.0
2167,1344,2496,128,1,163840,0,0,0,0,0.0,0.0,0.0,0.0
2168,1344,2560,0,1,65427,0,0,0,0,0.0,0.0,0.0,0.0
2169,1344,2560,64,0,254080,0,0,0,0,0.0,0.0,0.0,0.0
2170,1344,2560,128,1,163840,0,0,0,0,0.0,0.0,0.0,0.0
2171,1344,2624,0,1,192,0,0,0,0,0.0,0.0,0.0,0.0
2172,1344,2624,64,0,149120,0,0,0,0,0.0,0.0,0.0,0.0
2173,1344,2624,128,1,163840,0,0,0,0,0.0,0.0,0.0,0.0
2174,1344,2688,64,0,4013,0,0,0,0,0.0,0.0,0.0,0.0
2175,1344,2688,128,1,129803,0,0,0,0,0.0,0.0,0.0,0.0
2176,1344,2752,128,1,10024,0,0,0,0,0.0,0.0,0.0,0.0
2177,1408,0,0,1,242496,0,0,0,0,0.0,0.0,0.0,0.0
2178,1408,0,64,1,244864,0,0,0,0,0.0,0.0,0.0,0.0
2179,1408,0,128,1,151168,0,0,0,0,0.0,0.0,0.0,0.0
2180,1408,64,0,1,262144,0,0,0,0,0.0,0.0,0.0,0.0
2181,1408,64,64,0,262144,0,0,0,0,0.0,0.0,0.0,0.0
2182,1408,64,128,1,163840,0,0,0,0,0.0,0.0,0.0,0.0
2183,1408,128,0,1,262144,0,0,0,0,0.0,0.0,0.0,0.0
2184,1408,128,64,0,262144,0,0,0,0,0.0,0.0,0.0,0.0
2185,1408,128,128,1,163840,0,0,0,0,0.0,0.0,0.0,0.0
2186,1408,192,0,1,262144,0,0,0,0,0.0,0.0,0.0,0.0
2187,1408,192,64,0,262144,0,0,0,0,0.0,0.0,0.0,0.0
2188,1408,192,128,1,163840,0,0,0,0,0.0,0.0,0.0,0.0
2189,1408,256,0,1,262144,0,0,0,0,0.0,0.0,0.0,0.0
2190,1408,256,64,0,262144,0,0,0,0,0.0,0.0,0.0,0.0
2191,1408,256,128,1,163840,0,0,0,0,0.0,0.0,0.0,0.0
2192,1408,320,0,1,262144,0,0,0,0,0.0,0.0,0.0,0.0
2193,1408,320,64,0,262144,0,0,0,0,0.0,0.0,0.0,0.0
2194,1408,320,128,1,163840,0,0,0,0,0.0,0.0,0.0,0.0
2195,1408,384,0,1,262144,0,0,0,0,0.0,0.0,0.0,0.0
2196,1408,384,64,0,262144,0,0,0,0,0.0,0.0,0.0,0.0
2197,1408,384,128,1,163840,0,0,0,0,0.0,0.0,0.0,0.0
2198,1408,448,0,1,262144,0,0,0,0,0.0,0.0,0.0,0.0
2199,1408,448,64,0,262144,0,0,0,0,0.0,0.0,0.0,0.0
2200,1408,448,128,1,163840,0,0,0,0,0.0,0.0,0.0,0.0
2201,1408,512,0,1,262144,0,0,0,0,0.0,0.0,0.0,0.0
2202,1408,512,64,0,262144,0,0,0,0,0.0,0.0,0.0,0.0
2203,1408,512,128,1,163840,0,0,0,0,0.0,0.0,0.0,0.0
2204,1408,576,0,1,262144,0,0,0,0,0.0,0.0,0.0,0.0
2205,1408,576,64,0,262144,0,0,0,0,0.0,0.0,0.0,0.0
2206,1408,576,128,1,163840,0,0,0,0,0.0,0.0,0.0,0.0
2207,1408,640,0,1,262144,0,0,0,0,0.0,0.0,0.0,0.0
2208,1408,640,64,0,262144,0,0,0,0,0.0,0.0,0.0,0.0
2209,1408,640,128,1,163840,0,0,0,0,0.0,0.0,0.0,0.0
2210,1408,704,0,1,262144,6114,0,0,6114,0.0,0.0,0.0,0.0
2211,1408,704,64,0,262144,0,0,0,0,0.0,0.0,0.0,0.0
2212,1408,704,128,1,163840,0,0,0,0,0.0,0.0,0.0,0.0
2213,1408,768,0,1,262144,26063,0,0,26063,0.0,0.0,0.0,0.0
2214,1408,768,64,0,262144,2,0,495,2,0.0,0.0,0.0,0.0
2215,1408,768,128,1,163840,0,0,0,0,0.0,0.0,0.0,0.0
2216,1408,832,0,1,262144,22231,0,0,22231,0.0,0.0,0.0,0.0
2217,1408,832,64,0,262144,19718,19,1,19699,0.0009635377047517623,0.0019252203870706252,0.95,0.0009635865706461101
2218,1408,832,128,1,163840,397,0,0,397,0.0,0.0,0.0,0.0
2219,1408,896,0,1,262144,128,0,0,128,0.0,0.0,0.0,0.0
2220,1408,896,64,0,262144,45520,10492,20166,35028,0.15972962275066224,0.2754601065924545,0.34222715115141233,0.2304920913884007
2221,1408,896,128,1,163840,8059,1020,1810,7039,0.10335393656905462,0.18734502709156028,0.36042402826855124,0.1265665715349299
2222,1408,960,0,1,262144,0,0,0,0,0.0,0.0,0.0,0.0
2223,1408,960,64,0,262144,1855,1484,1904,371,0.3947858472998138,0.5660881174899867,0.4380165289256198,0.8
2224,1408,960,128,1,163840,24665,3257,1959,21408,0.12233323317307693,0.2179980589672367,0.6244248466257669,0.13204946280154065
2225,1408,1024,0,1,262144,0,0,0,0,0.0,0.0,0.0,0.0
2226,1408,1024,64,0,262144,0,0,0,0,0.0,0.0,0.0,0.0
2227,1408,1024,128,1,163840,0,0,0,0,0.0,0.0,0.0,0.0
2228,1408,1088,0,1,262144,0,0,0,0,0.0,0.0,0.0,0.0
2229,1408,1088,64,0,262144,0,0,0,0,0.0,0.0,0.0,0.0
2230,1408,1088,128,1,163840,0,0,0,0,0.0,0.0,0.0,0.0
2231,1408,1152,0,1,262144,0,0,0,0,0.0,0.0,0.0,0.0
2232,1408,1152,64,0,262144,0,0,0,0,0.0,0.0,0.0,0.0
2233,1408,1152,128,1,163840,0,0,0,0,0.0,0.0,0.0,0.0
2234,1408,1216,0,1,262144,0,0,0,0,0.0,0.0,0.0,0.0
2235,1408,1216,64,0,262144,0,0,0,0,0.0,0.0,0.0,0.0
2236,1408,1216,128,1,163840,0,0,0,0,0.0,0.0,0.0,0.0
2237,1408,1280,0,1,262144,0,0,0,0,0.0,0.0,0.0,0.0
2238,1408,1280,64,0,262144,0,0,0,0,0.0,0.0,0.0,0.0
2239,1408,1280,128,1,163840,0,0,0,0,0.0,0.0,0.0,0.0
2240,1408,1344,0,1,262144,0,0,0,0,0.0,0.0,0.0,0.0
2241,1408,1344,64,0,262144,0,0,0,0,0.0,0.0,0.0,0.0
2242,1408,1344,128,1,163840,0,0,0,0,0.0,0.0,0.0,0.0
2243,1408,1408,0,1,262144,0,0,0,0,0.0,0.0,0.0,0.0
2244,1408,1408,64,0,262144,0,0,0,0,0.0,0.0,0.0,0.0
2245,1408,1408,128,1,163840,0,0,0,0,0.0,0.0,0.0,0.0
2246,1408,1472,0,1,262144,0,0,0,0,0.0,0.0,0.0,0.0
2247,1408,1472,64,0,262144,0,0,0,0,0.0,0.0,0.0,0.0
2248,1408,1472,128,1,163840,0,0,0,0,0.0,0.0,0.0,0.0
2249,1408,1536,0,1,262144,0,0,0,0,0.0,0.0,0.0,0.0
2250,1408,1536,64,0,262144,0,0,0,0,0.0,0.0,0.0,0.0
2251,1408,1536,128,1,163840,0,0,0,0,0.0,0.0,0.0,0.0
2252,1408,1600,0,1,262144,0,0,0,0,0.0,0.0,0.0,0.0
2253,1408,1600,64,0,262144,2501,0,0,2501,0.0,0.0,0.0,0.0
2254,1408,1600,128,1,163840,14770,0,0,14770,0.0,0.0,0.0,0.0
2255,1408,1664,0,1,262144,24917,0,25,24917,0.0,0.0,0.0,0.0
2256,1408,1664,64,0,262144,34664,2806,510,31858,0.07977483368397112,0.14776197998946813,0.8462002412545235,0.08094853450265405
2257,1408,1664,128,1,163840,4497,0,0,4497,0.0,0.0,0.0,0.0
2258,1408,1728,0,1,262144,22732,193,771,22539,0.008211717653065565,0.016289669142471302,0.20020746887966806,0.008490234031321485
2259,1408,1728,64,0,262144,14236,454,38,13782,0.03180608098640886,0.061651276480173815,0.9227642276422764,0.03189098061253161
2260,1408,1728,128,1,163840,0,0,0,0,0.0,0.0,0.0,0.0
2261,1408,1792,0,1,262144,0,0,0,0,0.0,0.0,0.0,0.0
2262,1408,1792,64,0,262144,214,0,0,214,0.0,0.0,0.0,0.0
2263,1408,1792,128,1,163840,0,0,0,0,0.0,0.0,0.0,0.0
2264,1408,1856,0,1,262144,4818,0,0,4818,0.0,0.0,0.0,0.0
2265,1408,1856,64,0,262144,42519,329,543,42190,0.007640146765129348,0.015164435021087322,0.37729357798165136,0.007737717255815048
2266,1408,1856,128,1,163840,7650,0,0,7650,0.0,0.0,0.0,0.0
2267,1408,1920,0,1,262144,26193,187,215,26006,0.0070811875189336565,0.01406279375822523,0.4651741293532338,0.007139312029931661
2268,1408,1920,64,0,262144,8248,990,807,7258,0.10933186085035891,0.19711299153807865,0.5509181969949917,0.12002909796314258
2269,1408,1920,128,1,163840,24808,0,0,24808,0.0,0.0,0.0,0.0
2270,1408,1984,0,1,262144,0,0,0,0,0.0,0.0,0.0,0.0
2271,1408,1984,64,0,262144,0,0,0,0,0.0,0.0,0.0,0.0
2272,1408,1984,128,1,163840,54,0,0,54,0.0,0.0,0.0,0.0
2273,1408,2048,0,1,262144,0,0,0,0,0.0,0.0,0.0,0.0
2274,1408,2048,64,0,262144,0,0,0,0,0.0,0.0,0.0,0.0
2275,1408,2048,128,1,163840,0,0,0,0,0.0,0.0,0.0,0.0
2276,1408,2112,0,1,262144,0,0,0,0,0.0,0.0,0.0,0.0
2277,1408,2112,64,0,262144,0,0,0,0,0.0,0.0,0.0,0.0
2278,1408,2112,128,1,163840,3540,0,0,3540,0.0,0.0,0.0,0.0
2279,1408,2176,0,1,262144,32399,0,0,32399,0.0,0.0,0.0,0.0
2280,1408,2176,64,0,262144,44155,13348,16365,30807,0.22055518836748184,0.36140141874695403,0.44923097634032244,0.30229872041671385
2281,1408,2176,128,1,163840,14656,3717,2989,10939,0.21065457636724286,0.34800112349030987,0.5542797494780793,0.25361626637554585
2282,1408,2240,0,1,262144,5513,0,0,5513,0.0,0.0,0.0,0.0
2283,1408,2240,64,0,262144,10042,0,0,10042,0.0,0.0,0.0,0.0
2284,1408,2240,128,1,163840,0,0,0,0,0.0,0.0,0.0,0.0
2285,1408,2304,0,1,262144,0,0,0,0,0.0,0.0,0.0,0.0
2286,1408,2304,64,0,262144,0,0,0,0,0.0,0.0,0.0,0.0
2287,1408,2304,128,1,163840,0,0,0,0,0.0,0.0,0.0,0.0
2288,1408,2368,0,1,262144,0,0,0,0,0.0,0.0,0.0,0.0
2289,1408,2368,64,0,262144,0,0,0,0,0.0,0.0,0.0,0.0
2290,1408,2368,128,1,163840,0,0,0,0,0.0,0.0,0.0,0.0
2291,1408,2432,0,1,262144,0,0,0,0,0.0,0.0,0.0,0.0
2292,1408,2432,64,0,262144,0,0,0,0,0.0,0.0,0.0,0.0
2293,1408,2432,128,1,163840,0,0,0,0,0.0,0.0,0.0,0.0
2294,1408,2496,0,1,202134,0,0,0,0,0.0,0.0,0.0,0.0
2295,1408,2496,64,0,262144,0,0,0,0,0.0,0.0,0.0,0.0
2296,1408,2496,128,1,163840,0,0,0,0,0.0,0.0,0.0,0.0
2297,1408,2560,0,1,49008,0,0,0,0,0.0,0.0,0.0,0.0
2298,1408,2560,64,0,248421,0,0,0,0,0.0,0.0,0.0,0.0
2299,1408,2560,128,1,163840,0,0,0,0,0.0,0.0,0.0,0.0
2300,1408,2624,0,1,31,0,0,0,0,0.0,0.0,0.0,0.0
2301,1408,2624,64,0,128976,0,0,0,0,0.0,0.0,0.0,0.0
2302,1408,2624,128,1,163840,0,0,0,0,0.0,0.0,0.0,0.0
2303,1408,2688,64,0,1465,0,0,0,0,0.0,0.0,0.0,0.0
2304,1408,2688,128,1,117250,0,0,0,0,0.0,0.0,0.0,0.0
2305,1408,2752,128,1,3270,0,0,0,0,0.0,0.0,0.0,0.0
2306,1472,0,0,1,81790,0,0,0,0,0.0,0.0,0.0,0.0
2307,1472,0,64,1,85865,0,0,0,0,0.0,0.0,0.0,0.0
2308,1472,0,128,1,58031,0,0,0,0,0.0,0.0,0.0,0.0
2309,1472,64,0,1,121572,0,0,0,0,0.0,0.0,0.0,0.0
2310,1472,64,64,1,122517,0,0,0,0,0.0,0.0,0.0,0.0
2311,1472,64,128,1,77151,0,0,0,0,0.0,0.0,0.0,0.0
2312,1472,128,0,1,123404,0,0,0,0,0.0,0.0,0.0,0.0
2313,1472,128,64,1,128531,0,0,0,0,0.0,0.0,0.0,0.0
2314,1472,128,128,1,80598,0,0,0,0,0.0,0.0,0.0,0.0
2315,1472,192,0,1,124582,0,0,0,0,0.0,0.0,0.0,0.0
2316,1472,192,64,1,125737,0,0,0,0,0.0,0.0,0.0,0.0
2317,1472,192,128,1,77899,0,0,0,0,0.0,0.0,0.0,0.0
2318,1472,256,0,1,120599,0,0,0,0,0.0,0.0,0.0,0.0
2319,1472,256,64,1,118606,0,0,0,0,0.0,0.0,0.0,0.0
2320,1472,256,128,1,78986,0,0,0,0,0.0,0.0,0.0,0.0
2321,1472,320,0,1,127780,0,0,0,0,0.0,0.0,0.0,0.0
2322,1472,320,64,1,124700,0,0,0,0,0.0,0.0,0.0,0.0
2323,1472,320,128,1,74371,0,0,0,0,0.0,0.0,0.0,0.0
2324,1472,384,0,1,129108,0,0,0,0,0.0,0.0,0.0,0.0
2325,1472,384,64,1,128835,0,0,0,0,0.0,0.0,0.0,0.0
2326,1472,384,128,1,78352,0,0,0,0,0.0,0.0,0.0,0.0
2327,1472,448,0,1,131146,0,0,0,0,0.0,0.0,0.0,0.0
2328,1472,448,64,1,127514,0,0,0,0,0.0,0.0,0.0,0.0
2329,1472,448,128,1,82146,0,0,0,0,0.0,0.0,0.0,0.0
2330,1472,512,0,1,124819,0,0,0,0,0.0,0.0,0.0,0.0
2331,1472,512,64,1,125196,0,0,0,0,0.0,0.0,0.0,0.0
2332,1472,512,128,1,78564,0,0,0,0,0.0,0.0,0.0,0.0
2333,1472,576,0,1,125211,0,0,0,0,0.0,0.0,0.0,0.0
2334,1472,576,64,1,125746,0,0,0,0,0.0,0.0,0.0,0.0
2335,1472,576,128,1,77991,0,0,0,0,0.0,0.0,0.0,0.0
2336,1472,640,0,1,125635,0,0,0,0,0.0,0.0,0.0,0.0
2337,1472,640,64,1,123248,0,0,0,0,0.0,0.0,0.0,0.0
2338,1472,640,128,1,78838,0,0,0,0,0.0,0.0,0.0,0.0
2339,1472,704,0,1,124930,456,0,0,456,0.0,0.0,0.0,0.0
2340,1472,704,64,1,125798,0,0,0,0,0.0,0.0,0.0,0.0
2341,1472,704,128,1,77175,0,0,0,0,0.0,0.0,0.0,0.0
2342,1472,768,0,1,124346,7029,0,0,7029,0.0,0.0,0.0,0.0
2343,1472,768,64,1,126635,0,0,0,0,0.0,0.0,0.0,0.0
2344,1472,768,128,1,77705,0,0,0,0,0.0,0.0,0.0,0.0
2345,1472,832,0,1,124579,13141,0,0,13141,0.0,0.0,0.0,0.0
2346,1472,832,64,1,124036,0,0,0,0,0.0,0.0,0.0,0.0
2347,1472,832,128,1,78480,0,0,0,0,0.0,0.0,0.0,0.0
2348,1472,896,0,1,131938,5666,0,0,5666,0.0,0.0,0.0,0.0
2349,1472,896,64,1,127298,15210,0,0,15210,0.0,0.0,0.0,0.0
2350,1472,896,128,1,77174,0,0,0,0,0.0,0.0,0.0,0.0
2351,1472,960,0,1,121017,0,0,0,0,0.0,0.0,0.0,0.0
2352,1472,960,64,1,125787,9292,34,8,9258,0.0036559139784946237,0.007285193914720377,0.8095238095238095,0.003659061558329746
2353,1472,960,128,1,77595,14359,724,404,13635,0.049041522725733255,0.09349777232517595,0.6418439716312057,0.05042133853332405
2354,1472,1024,0,1,124512,0,0,0,0,0.0,0.0,0.0,0.0
2355,1472,1024,64,1,122908,0,0,0,0,0.0,0.0,0.0,0.0
2356,1472,1024,128,1,79855,6,0,0,6,0.0,0.0,0.0,0.0
2357,1472,1088,0,1,127447,0,0,0,0,0.0,0.0,0.0,0.0
2358,1472,1088,64,1,124978,0,0,0,0,0.0,0.0,0.0,0.0
2359,1472,1088,128,1,75401,0,0,0,0,0.0,0.0,0.0,0.0
2360,1472,1152,0,1,123463,0,0,0,0,0.0,0.0,0.0,0.0
2361,1472,1152,64,1,123022,0,0,0,0,0.0,0.0,0.0,0.0
2362,1472,1152,128,1,76893,0,0,0,0,0.0,0.0,0.0,0.0
2363,1472,1216,0,1,124089,0,0,0,0,0.0,0.0,0.0,0.0
2364,1472,1216,64,1,124045,0,0,0,0,0.0,0.0,0.0,0.0
2365,1472,1216,128,1,78990,0,0,0,0,0.0,0.0,0.0,0.0
2366,1472,1280,0,1,123699,0,0,0,0,0.0,0.0,0.0,0.0
2367,1472,1280,64,1,129274,0,0,0,0,0.0,0.0,0.0,0.0
2368,1472,1280,128,1,80159,0,0,0,0,0.0,0.0,0.0,0.0
2369,1472,1344,0,1,122301,0,0,0,0,0.0,0.0,0.0,0.0
2370,1472,1344,64,1,125021,0,0,0,0,0.0,0.0,0.0,0.0
2371,1472,1344,128,1,77881,0,0,0,0,0.0,0.0,0.0,0.0
2372,1472,1408,0,1,124277,0,0,0,0,0.0,0.0,0.0,0.0
2373,1472,1408,64,1,126737,0,0,0,0,0.0,0.0,0.0,0.0
2374,1472,1408,128,1,77520,0,0,0,0,0.0,0.0,0.0,0.0
2375,1472,1472,0,1,128539,0,0,0,0,0.0,0.0,0.0,0.0
2376,1472,1472,64,1,124432,0,0,0,0,0.0,0.0,0.0,0.0
2377,1472,1472,128,1,78077,0,0,0,0,0.0,0.0,0.0,0.0
2378,1472,1536,0,1,124714,0,0,0,0,0.0,0.0,0.0,0.0
2379,1472,1536,64,1,122689,0,0,0,0,0.0,0.0,0.0,0.0
2380,1472,1536,128,1,79178,0,0,0,0,0.0,0.0,0.0,0.0
2381,1472,1600,0,1,123864,0,0,0,0,0.0,0.0,0.0,0.0
2382,1472,1600,64,1,126738,0,0,0,0,0.0,0.0,0.0,0.0
2383,1472,1600,128,1,79271,0,0,0,0,0.0,0.0,0.0,0.0
2384,1472,1664,0,1,123941,1274,0,0,1274,0.0,0.0,0.0,0.0
2385,1472,1664,64,1,123584,494,0,0,494,0.0,0.0,0.0,0.0
2386,1472,1664,128,1,79861,0,0,0,0,0.0,0.0,0.0,0.0
2387,1472,1728,0,1,125709,7867,0,0,7867,0.0,0.0,0.0,0.0
2388,1472,1728,64,1,127257,50,0,0,50,0.0,0.0,0.0,0.0
2389,1472,1728,128,1,77102,0,0,0,0,0.0,0.0,0.0,0.0
2390,1472,1792,0,1,128536,0,0,0,0,0.0,0.0,0.0,0.0
2391,1472,1792,64,1,126530,2233,0,0,2233,0.0,0.0,0.0,0.0
2392,1472,1792,128,1,78399,0,0,0,0,0.0,0.0,0.0,0.0
2393,1472,1856,0,1,124258,1340,0,0,1340,0.0,0.0,0.0,0.0
2394,1472,1856,64,1,122713,16989,0,0,16989,0.0,0.0,0.0,0.0
2395,1472,1856,128,1,78311,10903,0,0,10903,0.0,0.0,0.0,0.0
2396,1472,1920,0,1,119674,0,0,0,0,0.0,0.0,0.0,0.0
2397,1472,1920,64,1,120946,0,0,0,0,0.0,0.0,0.0,0.0
2398,1472,1920,128,1,77310,1367,0,0,1367,0.0,0.0,0.0,0.0
2399,1472,1984,0,1,129940,0,0,0,0,0.0,0.0,0.0,0.0
2400,1472,1984,64,1,126421,0,0,0,0,0.0,0.0,0.0,0.0
2401,1472,1984,128,1,78561,0,0,0,0,0.0,0.0,0.0,0.0
2402,1472,2048,0,1,118141,0,0,0,0,0.0,0.0,0.0,0.0
2403,1472,2048,64,1,120052,0,0,0,0,0.0,0.0,0.0,0.0
2404,1472,2048,128,1,76877,0,0,0,0,0.0,0.0,0.0,0.0
2405,1472,2112,0,1,119241,0,0,0,0,0.0,0.0,0.0,0.0
2406,1472,2112,64,1,117204,0,0,0,0,0.0,0.0,0.0,0.0
2407,1472,2112,128,1,76625,34,0,0,34,0.0,0.0,0.0,0.0
2408,1472,2176,0,1,126342,3790,0,0,3790,0.0,0.0,0.0,0.0
2409,1472,2176,64,1,130268,12180,0,0,12180,0.0,0.0,0.0,0.0
2410,1472,2176,128,1,78167,863,0,0,863,0.0,0.0,0.0,0.0
2411,1472,2240,0,1,118246,0,0,0,0,0.0,0.0,0.0,0.0
2412,1472,2240,64,1,119451,0,0,0,0,0.0,0.0,0.0,0.0
2413,1472,2240,128,1,76905,0,0,0,0,0.0,0.0,0.0,0.0
2414,1472,2304,0,1,123170,0,0,0,0,0.0,0.0,0.0,0.0
2415,1472,2304,64,1,118144,0,0,0,0,0.0,0.0,0.0,0.0
2416,1472,2304,128,1,76323,0,0,0,0,0.0,0.0,0.0,0.0
2417,1472,2368,0,1,120792,0,0,0,0,0.0,0.0,0.0,0.0
2418,1472,2368,64,1,120987,0,0,0,0,0.0,0.0,0.0,0.0
2419,1472,2368,128,1,74600,0,0,0,0,0.0,0.0,0.0,0.0
2420,1472,2432,0,1,117030,0,0,0,0,0.0,0.0,0.0,0.0
2421,1472,2432,64,1,123803,0,0,0,0,0.0,0.0,0.0,0.0
2422,1472,2432,128,1,76275,0,0,0,0,0.0,0.0,0.0,0.0
2423,1472,2496,0,1,78548,0,0,0,0,0.0,0.0,0.0,0.0
2424,1472,2496,64,1,121166,0,0,0,0,0.0,0.0,0.0,0.0
2425,1472,2496,128,1,78817,0,0,0,0,0.0,0.0,0.0,0.0
2426,1472,2560,0,1,13467,0,0,0,0,0.0,0.0,0.0,0.0
2427,1472,2560,64,1,105897,0,0,0,0,0.0,0.0,0.0,0.0
2428,1472,2560,128,1,74760,0,0,0,0,0.0,0.0,0.0,0.0
2429,1472,2624,64,1,41018,0,0,0,0,0.0,0.0,0.0,0.0
2430,1472,2624,128,1,75291,0,0,0,0,0.0,0.0,0.0,0.0
2431,1472,2688,64,1,106,0,0,0,0,0.0,0.0,0.0,0.0
2432,1472,2688,128,1,39959,0,0,0,0,0.0,0.0,0.0,0.0
