index,z,y,x,padded_context,valid,positive,tp,fp,fn,iou,dice,precision,recall
0,320,0,0,1,18628,0,0,666,0,0.0,0.0,0.0,0.0
1,320,64,0,1,66461,0,0,0,0,0.0,0.0,0.0,0.0
2,320,64,64,0,50638,0,0,0,0,0.0,0.0,0.0,0.0
3,320,64,128,1,31451,0,0,0,0,0.0,0.0,0.0,0.0
4,320,128,0,1,212550,0,0,0,0,0.0,0.0,0.0,0.0
5,320,128,64,0,212541,0,0,0,0,0.0,0.0,0.0,0.0
6,320,128,128,1,132244,0,0,0,0,0.0,0.0,0.0,0.0
7,320,192,0,1,212971,0,0,0,0,0.0,0.0,0.0,0.0
8,320,192,64,0,212951,0,0,0,0,0.0,0.0,0.0,0.0
9,320,192,128,1,132343,0,0,0,0,0.0,0.0,0.0,0.0
10,320,256,0,1,212936,0,0,0,0,0.0,0.0,0.0,0.0
11,320,256,64,0,213371,0,0,0,0,0.0,0.0,0.0,0.0
12,320,256,128,1,132560,0,0,0,0,0.0,0.0,0.0,0.0
13,320,320,0,1,213768,0,0,0,0,0.0,0.0,0.0,0.0
14,320,320,64,0,213380,0,0,0,0,0.0,0.0,0.0,0.0
15,320,320,128,1,132766,0,0,0,0,0.0,0.0,0.0,0.0
16,320,384,0,1,213931,0,0,0,0,0.0,0.0,0.0,0.0
17,320,384,64,0,213560,0,0,19,0,0.0,0.0,0.0,0.0
18,320,384,128,1,133153,0,0,0,0,0.0,0.0,0.0,0.0
19,320,448,0,1,213978,0,0,0,0,0.0,0.0,0.0,0.0
20,320,448,64,0,213495,0,0,116,0,0.0,0.0,0.0,0.0
21,320,448,128,1,133944,0,0,21,0,0.0,0.0,0.0,0.0
22,320,512,0,1,213662,0,0,0,0,0.0,0.0,0.0,0.0
23,320,512,64,0,213035,0,0,0,0,0.0,0.0,0.0,0.0
24,320,512,128,1,134095,0,0,0,0,0.0,0.0,0.0,0.0
25,320,576,0,1,214240,0,0,0,0,0.0,0.0,0.0,0.0
26,320,576,64,0,213777,0,0,0,0,0.0,0.0,0.0,0.0
27,320,576,128,1,133660,0,0,0,0,0.0,0.0,0.0,0.0
28,320,640,0,1,213905,0,0,0,0,0.0,0.0,0.0,0.0
29,320,640,64,0,213296,0,0,0,0,0.0,0.0,0.0,0.0
30,320,640,128,1,133975,0,0,0,0,0.0,0.0,0.0,0.0
31,320,704,0,1,213934,0,0,4,0,0.0,0.0,0.0,0.0
32,320,704,64,0,213151,0,0,0,0,0.0,0.0,0.0,0.0
33,320,704,128,1,133753,0,0,21,0,0.0,0.0,0.0,0.0
34,320,768,0,1,214184,0,0,0,0,0.0,0.0,0.0,0.0
35,320,768,64,0,213604,0,0,0,0,0.0,0.0,0.0,0.0
36,320,768,128,1,133469,0,0,0,0,0.0,0.0,0.0,0.0
37,320,832,0,1,214361,0,0,0,0,0.0,0.0,0.0,0.0
38,320,832,64,0,214006,0,0,0,0,0.0,0.0,0.0,0.0
39,320,832,128,1,134191,0,0,0,0,0.0,0.0,0.0,0.0
40,320,896,0,1,214202,0,0,0,0,0.0,0.0,0.0,0.0
41,320,896,64,0,214207,0,0,0,0,0.0,0.0,0.0,0.0
42,320,896,128,1,134193,0,0,0,0,0.0,0.0,0.0,0.0
43,320,960,0,1,214308,0,0,0,0,0.0,0.0,0.0,0.0
44,320,960,64,0,214420,0,0,0,0,0.0,0.0,0.0,0.0
45,320,960,128,1,134290,0,0,0,0,0.0,0.0,0.0,0.0
46,320,1024,0,1,213853,0,0,0,0,0.0,0.0,0.0,0.0
47,320,1024,64,0,214086,0,0,0,0,0.0,0.0,0.0,0.0
48,320,1024,128,1,134482,0,0,0,0,0.0,0.0,0.0,0.0
49,320,1088,0,1,213600,0,0,99,0,0.0,0.0,0.0,0.0
50,320,1088,64,0,214097,0,0,0,0,0.0,0.0,0.0,0.0
51,320,1088,128,1,134344,0,0,0,0,0.0,0.0,0.0,0.0
52,320,1152,0,1,214241,0,0,0,0,0.0,0.0,0.0,0.0
53,320,1152,64,0,214420,0,0,0,0,0.0,0.0,0.0,0.0
54,320,1152,128,1,134183,0,0,0,0,0.0,0.0,0.0,0.0
55,320,1216,0,1,214142,0,0,102,0,0.0,0.0,0.0,0.0
56,320,1216,64,0,214645,0,0,0,0,0.0,0.0,0.0,0.0
57,320,1216,128,1,134157,0,0,0,0,0.0,0.0,0.0,0.0
58,320,1280,0,1,214333,0,0,0,0,0.0,0.0,0.0,0.0
59,320,1280,64,0,214988,0,0,0,0,0.0,0.0,0.0,0.0
60,320,1280,128,1,134460,0,0,0,0,0.0,0.0,0.0,0.0
61,320,1344,0,1,214342,0,0,0,0,0.0,0.0,0.0,0.0
62,320,1344,64,0,215060,0,0,0,0,0.0,0.0,0.0,0.0
63,320,1344,128,1,134379,0,0,0,0,0.0,0.0,0.0,0.0
64,320,1408,0,1,214325,0,0,0,0,0.0,0.0,0.0,0.0
65,320,1408,64,0,215122,0,0,0,0,0.0,0.0,0.0,0.0
66,320,1408,128,1,134561,0,0,0,0,0.0,0.0,0.0,0.0
67,320,1472,0,1,214572,0,0,0,0,0.0,0.0,0.0,0.0
68,320,1472,64,0,215012,0,0,0,0,0.0,0.0,0.0,0.0
69,320,1472,128,1,134433,0,0,0,0,0.0,0.0,0.0,0.0
70,320,1536,0,1,214824,0,0,0,0,0.0,0.0,0.0,0.0
71,320,1536,64,0,215084,0,0,0,0,0.0,0.0,0.0,0.0
72,320,1536,128,1,134331,0,0,0,0,0.0,0.0,0.0,0.0
73,320,1600,0,1,214856,0,0,0,0,0.0,0.0,0.0,0.0
74,320,1600,64,0,215525,0,0,0,0,0.0,0.0,0.0,0.0
75,320,1600,128,1,134566,0,0,0,0,0.0,0.0,0.0,0.0
76,320,1664,0,1,215528,0,0,0,0,0.0,0.0,0.0,0.0
77,320,1664,64,0,215165,0,0,0,0,0.0,0.0,0.0,0.0
78,320,1664,128,1,134436,0,0,0,0,0.0,0.0,0.0,0.0
79,320,1728,0,1,215261,0,0,0,0,0.0,0.0,0.0,0.0
80,320,1728,64,0,215532,0,0,0,0,0.0,0.0,0.0,0.0
81,320,1728,128,1,134181,0,0,0,0,0.0,0.0,0.0,0.0
82,320,1792,0,1,215472,0,0,0,0,0.0,0.0,0.0,0.0
83,320,1792,64,0,215757,0,0,0,0,0.0,0.0,0.0,0.0
84,320,1792,128,1,134424,0,0,7,0,0.0,0.0,0.0,0.0
85,320,1856,0,1,215697,0,0,0,0,0.0,0.0,0.0,0.0
86,320,1856,64,0,215526,0,0,0,0,0.0,0.0,0.0,0.0
87,320,1856,128,1,134378,0,0,0,0,0.0,0.0,0.0,0.0
88,320,1920,0,1,215274,0,0,0,0,0.0,0.0,0.0,0.0
89,320,1920,64,0,216135,0,0,0,0,0.0,0.0,0.0,0.0
90,320,1920,128,1,134419,0,0,0,0,0.0,0.0,0.0,0.0
91,320,1984,0,1,215513,0,0,0,0,0.0,0.0,0.0,0.0
92,320,1984,64,0,215720,0,0,0,0,0.0,0.0,0.0,0.0
93,320,1984,128,1,134706,0,0,0,0,0.0,0.0,0.0,0.0
94,320,2048,0,1,215425,0,0,0,0,0.0,0.0,0.0,0.0
95,320,2048,64,0,215670,0,0,0,0,0.0,0.0,0.0,0.0
96,320,2048,128,1,134626,0,0,0,0,0.0,0.0,0.0,0.0
97,320,2112,0,1,215631,0,0,0,0,0.0,0.0,0.0,0.0
98,320,2112,64,0,215678,0,0,0,0,0.0,0.0,0.0,0.0
99,320,2112,128,1,134545,0,0,0,0,0.0,0.0,0.0,0.0
100,320,2176,0,1,215392,0,0,0,0,0.0,0.0,0.0,0.0
101,320,2176,64,0,215996,0,0,0,0,0.0,0.0,0.0,0.0
102,320,2176,128,1,134535,0,0,0,0,0.0,0.0,0.0,0.0
103,320,2240,0,1,215773,0,0,0,0,0.0,0.0,0.0,0.0
104,320,2240,64,0,215695,0,0,0,0,0.0,0.0,0.0,0.0
105,320,2240,128,1,134693,0,0,0,0,0.0,0.0,0.0,0.0
106,320,2304,0,1,215552,0,0,0,0,0.0,0.0,0.0,0.0
107,320,2304,64,0,215817,0,0,0,0,0.0,0.0,0.0,0.0
108,320,2304,128,1,134728,0,0,0,0,0.0,0.0,0.0,0.0
109,320,2368,0,1,215223,0,0,0,0,0.0,0.0,0.0,0.0
110,320,2368,64,0,215534,0,0,0,0,0.0,0.0,0.0,0.0
111,320,2368,128,1,134709,0,0,0,0,0.0,0.0,0.0,0.0
112,320,2432,0,1,215368,0,0,0,0,0.0,0.0,0.0,0.0
113,320,2432,64,0,215914,0,0,0,0,0.0,0.0,0.0,0.0
114,320,2432,128,1,134697,0,0,0,0,0.0,0.0,0.0,0.0
115,320,2496,0,1,197051,0,0,0,0,0.0,0.0,0.0,0.0
116,320,2496,64,0,215459,0,0,0,0,0.0,0.0,0.0,0.0
117,320,2496,128,1,134662,0,0,0,0,0.0,0.0,0.0,0.0
118,320,2560,0,1,75211,0,0,0,0,0.0,0.0,0.0,0.0
119,320,2560,64,0,214843,0,0,0,0,0.0,0.0,0.0,0.0
120,320,2560,128,1,134815,0,0,0,0,0.0,0.0,0.0,0.0
121,320,2624,0,1,1334,0,0,0,0,0.0,0.0,0.0,0.0
122,320,2624,64,0,145108,0,0,0,0,0.0,0.0,0.0,0.0
123,320,2624,128,1,134833,0,0,154,0,0.0,0.0,0.0,0.0
124,320,2688,64,0,17021,0,0,0,0,0.0,0.0,0.0,0.0
125,320,2688,128,1,123647,0,0,0,0,0.0,0.0,0.0,0.0
126,320,2752,128,1,19875,0,0,953,0,0.0,0.0,0.0,0.0
127,384,0,0,1,23040,0,0,3152,0,0.0,0.0,0.0,0.0
128,384,64,0,1,93916,0,0,71,0,0.0,0.0,0.0,0.0
129,384,64,64,0,75392,0,0,0,0,0.0,0.0,0.0,0.0
130,384,64,128,1,48286,0,0,0,0,0.0,0.0,0.0,0.0
131,384,128,0,1,262144,0,0,0,0,0.0,0.0,0.0,0.0
132,384,128,64,0,262144,0,0,0,0,0.0,0.0,0.0,0.0
133,384,128,128,1,163840,0,0,0,0,0.0,0.0,0.0,0.0
134,384,192,0,1,262144,0,0,27,0,0.0,0.0,0.0,0.0
135,384,192,64,0,262144,0,0,0,0,0.0,0.0,0.0,0.0
136,384,192,128,1,163840,0,0,0,0,0.0,0.0,0.0,0.0
137,384,256,0,1,262144,0,0,0,0,0.0,0.0,0.0,0.0
138,384,256,64,0,262144,0,0,0,0,0.0,0.0,0.0,0.0
139,384,256,128,1,163840,0,0,0,0,0.0,0.0,0.0,0.0
140,384,320,0,1,262144,0,0,0,0,0.0,0.0,0.0,0.0
141,384,320,64,0,262144,0,0,0,0,0.0,0.0,0.0,0.0
142,384,320,128,1,163840,0,0,0,0,0.0,0.0,0.0,0.0
143,384,384,0,1,262144,0,0,8,0,0.0,0.0,0.0,0.0
144,384,384,64,0,262144,0,0,0,0,0.0,0.0,0.0,0.0
145,384,384,128,1,163840,0,0,0,0,0.0,0.0,0.0,0.0
146,384,448,0,1,262144,0,0,0,0,0.0,0.0,0.0,0.0
147,384,448,64,0,262144,0,0,0,0,0.0,0.0,0.0,0.0
148,384,448,128,1,163840,0,0,0,0,0.0,0.0,0.0,0.0
149,384,512,0,1,262144,0,0,0,0,0.0,0.0,0.0,0.0
150,384,512,64,0,262144,0,0,0,0,0.0,0.0,0.0,0.0
151,384,512,128,1,163840,0,0,0,0,0.0,0.0,0.0,0.0
152,384,576,0,1,262144,0,0,446,0,0.0,0.0,0.0,0.0
153,384,576,64,0,262144,0,0,0,0,0.0,0.0,0.0,0.0
154,384,576,128,1,163840,0,0,0,0,0.0,0.0,0.0,0.0
155,384,640,0,1,262144,0,0,2669,0,0.0,0.0,0.0,0.0
156,384,640,64,0,262144,0,0,166,0,0.0,0.0,0.0,0.0
157,384,640,128,1,163840,0,0,0,0,0.0,0.0,0.0,0.0
158,384,704,0,1,262144,0,0,0,0,0.0,0.0,0.0,0.0
159,384,704,64,0,262144,0,0,0,0,0.0,0.0,0.0,0.0
160,384,704,128,1,163840,0,0,0,0,0.0,0.0,0.0,0.0
161,384,768,0,1,262144,0,0,1190,0,0.0,0.0,0.0,0.0
162,384,768,64,0,262144,0,0,0,0,0.0,0.0,0.0,0.0
163,384,768,128,1,163840,0,0,0,0,0.0,0.0,0.0,0.0
164,384,832,0,1,262144,0,0,0,0,0.0,0.0,0.0,0.0
165,384,832,64,0,262144,0,0,0,0,0.0,0.0,0.0,0.0
166,384,832,128,1,163840,0,0,0,0,0.0,0.0,0.0,0.0
167,384,896,0,1,262144,0,0,0,0,0.0,0.0,0.0,0.0
168,384,896,64,0,262144,0,0,0,0,0.0,0.0,0.0,0.0
169,384,896,128,1,163840,0,0,0,0,0.0,0.0,0.0,0.0
170,384,960,0,1,262144,0,0,0,0,0.0,0.0,0.0,0.0
171,384,960,64,0,262144,0,0,0,0,0.0,0.0,0.0,0.0
172,384,960,128,1,163840,0,0,0,0,0.0,0.0,0.0,0.0
173,384,1024,0,1,262144,0,0,0,0,0.0,0.0,0.0,0.0
174,384,1024,64,0,262144,0,0,0,0,0.0,0.0,0.0,0.0
175,384,1024,128,1,163840,0,0,0,0,0.0,0.0,0.0,0.0
176,384,1088,0,1,262144,0,0,0,0,0.0,0.0,0.0,0.0
177,384,1088,64,0,262144,0,0,0,0,0.0,0.0,0.0,0.0
178,384,1088,128,1,163840,0,0,0,0,0.0,0.0,0.0,0.0
179,384,1152,0,1,262144,0,0,279,0,0.0,0.0,0.0,0.0
180,384,1152,64,0,262144,0,0,0,0,0.0,0.0,0.0,0.0
181,384,1152,128,1,163840,0,0,0,0,0.0,0.0,0.0,0.0
182,384,1216,0,1,262144,0,0,0,0,0.0,0.0,0.0,0.0
183,384,1216,64,0,262144,0,0,0,0,0.0,0.0,0.0,0.0
184,384,1216,128,1,163840,0,0,0,0,0.0,0.0,0.0,0.0
185,384,1280,0,1,262144,0,0,0,0,0.0,0.0,0.0,0.0
186,384,1280,64,0,262144,0,0,0,0,0.0,0.0,0.0,0.0
187,384,1280,128,1,163840,0,0,0,0,0.0,0.0,0.0,0.0
188,384,1344,0,1,262144,0,0,0,0,0.0,0.0,0.0,0.0
189,384,1344,64,0,262144,0,0,0,0,0.0,0.0,0.0,0.0
190,384,1344,128,1,163840,0,0,0,0,0.0,0.0,0.0,0.0
191,384,1408,0,1,262144,0,0,403,0,0.0,0.0,0.0,0.0
192,384,1408,64,0,262144,0,0,0,0,0.0,0.0,0.0,0.0
193,384,1408,128,1,163840,0,0,0,0,0.0,0.0,0.0,0.0
194,384,1472,0,1,262144,0,0,314,0,0.0,0.0,0.0,0.0
195,384,1472,64,0,262144,0,0,0,0,0.0,0.0,0.0,0.0
196,384,1472,128,1,163840,0,0,0,0,0.0,0.0,0.0,0.0
197,384,1536,0,1,262144,0,0,0,0,0.0,0.0,0.0,0.0
198,384,1536,64,0,262144,0,0,183,0,0.0,0.0,0.0,0.0
199,384,1536,128,1,163840,0,0,4,0,0.0,0.0,0.0,0.0
200,384,1600,0,1,262144,0,0,0,0,0.0,0.0,0.0,0.0
201,384,1600,64,0,262144,0,0,0,0,0.0,0.0,0.0,0.0
202,384,1600,128,1,163840,0,0,0,0,0.0,0.0,0.0,0.0
203,384,1664,0,1,262144,0,0,0,0,0.0,0.0,0.0,0.0
204,384,1664,64,0,262144,0,0,25,0,0.0,0.0,0.0,0.0
205,384,1664,128,1,163840,0,0,0,0,0.0,0.0,0.0,0.0
206,384,1728,0,1,262144,0,0,0,0,0.0,0.0,0.0,0.0
207,384,1728,64,0,262144,0,0,59,0,0.0,0.0,0.0,0.0
208,384,1728,128,1,163840,0,0,0,0,0.0,0.0,0.0,0.0
209,384,1792,0,1,262144,0,0,0,0,0.0,0.0,0.0,0.0
210,384,1792,64,0,262144,0,0,541,0,0.0,0.0,0.0,0.0
211,384,1792,128,1,163840,0,0,0,0,0.0,0.0,0.0,0.0
212,384,1856,0,1,262144,0,0,0,0,0.0,0.0,0.0,0.0
213,384,1856,64,0,262144,0,0,0,0,0.0,0.0,0.0,0.0
214,384,1856,128,1,163840,0,0,0,0,0.0,0.0,0.0,0.0
215,384,1920,0,1,262144,0,0,0,0,0.0,0.0,0.0,0.0
216,384,1920,64,0,262144,0,0,0,0,0.0,0.0,0.0,0.0
217,384,1920,128,1,163840,0,0,0,0,0.0,0.0,0.0,0.0
218,384,1984,0,1,262144,0,0,0,0,0.0,0.0,0.0,0.0
219,384,1984,64,0,262144,0,0,0,0,0.0,0.0,0.0,0.0
220,384,1984,128,1,163840,0,0,0,0,0.0,0.0,0.0,0.0
221,384,2048,0,1,262144,0,0,0,0,0.0,0.0,0.0,0.0
222,384,2048,64,0,262144,0,0,0,0,0.0,0.0,0.0,0.0
223,384,2048,128,1,163840,0,0,0,0,0.0,0.0,0.0,0.0
224,384,2112,0,1,262144,0,0,0,0,0.0,0.0,0.0,0.0
225,384,2112,64,0,262144,0,0,0,0,0.0,0.0,0.0,0.0
226,384,2112,128,1,163840,0,0,0,0,0.0,0.0,0.0,0.0
227,384,2176,0,1,262144,0,0,0,0,0.0,0.0,0.0,0.0
228,384,2176,64,0,262144,0,0,0,0,0.0,0.0,0.0,0.0
229,384,2176,128,1,163840,0,0,0,0,0.0,0.0,0.0,0.0
230,384,2240,0,1,262144,0,0,0,0,0.0,0.0,0.0,0.0
231,384,2240,64,0,262144,0,0,78,0,0.0,0.0,0.0,0.0
232,384,2240,128,1,163840,0,0,0,0,0.0,0.0,0.0,0.0
233,384,2304,0,1,262144,0,0,0,0,0.0,0.0,0.0,0.0
234,384,2304,64,0,262144,0,0,0,0,0.0,0.0,0.0,0.0
235,384,2304,128,1,163840,0,0,0,0,0.0,0.0,0.0,0.0
236,384,2368,0,1,262144,0,0,0,0,0.0,0.0,0.0,0.0
237,384,2368,64,0,262144,0,0,0,0,0.0,0.0,0.0,0.0
238,384,2368,128,1,163840,0,0,0,0,0.0,0.0,0.0,0.0
239,384,2432,0,1,262144,0,0,0,0,0.0,0.0,0.0,0.0
240,384,2432,64,0,262144,0,0,0,0,0.0,0.0,0.0,0.0
241,384,2432,128,1,163840,0,0,0,0,0.0,0.0,0.0,0.0
242,384,2496,0,1,240064,0,0,0,0,0.0,0.0,0.0,0.0
243,384,2496,64,0,262144,0,0,483,0,0.0,0.0,0.0,0.0
244,384,2496,128,1,163840,0,0,0,0,0.0,0.0,0.0,0.0
245,384,2560,0,1,92224,0,0,0,0,0.0,0.0,0.0,0.0
246,384,2560,64,0,262144,0,0,5883,0,0.0,0.0,0.0,0.0
247,384,2560,128,1,163840,0,0,0,0,0.0,0.0,0.0,0.0
248,384,2624,0,1,1664,0,0,0,0,0.0,0.0,0.0,0.0
249,384,2624,64,0,177472,0,0,0,0,0.0,0.0,0.0,0.0
250,384,2624,128,1,163840,0,0,0,0,0.0,0.0,0.0,0.0
251,384,2688,64,0,21184,0,0,0,0,0.0,0.0,0.0,0.0
252,384,2688,128,1,150656,0,0,0,0,0.0,0.0,0.0,0.0
253,384,2752,128,1,24704,0,0,104,0,0.0,0.0,0.0,0.0
254,448,0,0,1,23040,0,0,1113,0,0.0,0.0,0.0,0.0
255,448,64,0,1,95424,0,0,0,0,0.0,0.0,0.0,0.0
256,448,64,64,0,77056,0,0,0,0,0.0,0.0,0.0,0.0
257,448,64,128,1,49664,0,0,0,0,0.0,0.0,0.0,0.0
258,448,128,0,1,262144,0,0,0,0,0.0,0.0,0.0,0.0
259,448,128,64,0,262144,0,0,0,0,0.0,0.0,0.0,0.0
260,448,128,128,1,163840,0,0,0,0,0.0,0.0,0.0,0.0
261,448,192,0,1,262144,0,0,0,0,0.0,0.0,0.0,0.0
262,448,192,64,0,262144,0,0,0,0,0.0,0.0,0.0,0.0
263,448,192,128,1,163840,0,0,0,0,0.0,0.0,0.0,0.0
264,448,256,0,1,262144,0,0,0,0,0.0,0.0,0.0,0.0
265,448,256,64,0,262144,0,0,0,0,0.0,0.0,0.0,0.0
266,448,256,128,1,163840,0,0,0,0,0.0,0.0,0.0,0.0
267,448,320,0,1,262144,0,0,0,0,0.0,0.0,0.0,0.0
268,448,320,64,0,262144,0,0,0,0,0.0,0.0,0.0,0.0
269,448,320,128,1,163840,0,0,0,0,0.0,0.0,0.0,0.0
270,448,384,0,1,262144,0,0,0,0,0.0,0.0,0.0,0.0
271,448,384,64,0,262144,0,0,0,0,0.0,0.0,0.0,0.0
272,448,384,128,1,163840,0,0,0,0,0.0,0.0,0.0,0.0
273,448,448,0,1,262144,0,0,0,0,0.0,0.0,0.0,0.0
274,448,448,64,0,262144,0,0,0,0,0.0,0.0,0.0,0.0
275,448,448,128,1,163840,0,0,0,0,0.0,0.0,0.0,0.0
276,448,512,0,1,262144,0,0,0,0,0.0,0.0,0.0,0.0
277,448,512,64,0,262144,0,0,695,0,0.0,0.0,0.0,0.0
278,448,512,128,1,163840,0,0,0,0,0.0,0.0,0.0,0.0
279,448,576,0,1,262144,0,0,0,0,0.0,0.0,0.0,0.0
280,448,576,64,0,262144,0,0,360,0,0.0,0.0,0.0,0.0
281,448,576,128,1,163840,0,0,0,0,0.0,0.0,0.0,0.0
282,448,640,0,1,262144,0,0,0,0,0.0,0.0,0.0,0.0
283,448,640,64,0,262144,0,0,0,0,0.0,0.0,0.0,0.0
284,448,640,128,1,163840,0,0,0,0,0.0,0.0,0.0,0.0
285,448,704,0,1,262144,0,0,0,0,0.0,0.0,0.0,0.0
286,448,704,64,0,262144,0,0,0,0,0.0,0.0,0.0,0.0
287,448,704,128,1,163840,0,0,0,0,0.0,0.0,0.0,0.0
288,448,768,0,1,262144,0,0,39,0,0.0,0.0,0.0,0.0
289,448,768,64,0,262144,0,0,0,0,0.0,0.0,0.0,0.0
290,448,768,128,1,163840,0,0,0,0,0.0,0.0,0.0,0.0
291,448,832,0,1,262144,0,0,0,0,0.0,0.0,0.0,0.0
292,448,832,64,0,262144,0,0,0,0,0.0,0.0,0.0,0.0
293,448,832,128,1,163840,0,0,0,0,0.0,0.0,0.0,0.0
294,448,896,0,1,262144,0,0,0,0,0.0,0.0,0.0,0.0
295,448,896,64,0,262144,0,0,207,0,0.0,0.0,0.0,0.0
296,448,896,128,1,163840,0,0,0,0,0.0,0.0,0.0,0.0
297,448,960,0,1,262144,0,0,0,0,0.0,0.0,0.0,0.0
298,448,960,64,0,262144,0,0,0,0,0.0,0.0,0.0,0.0
299,448,960,128,1,163840,0,0,0,0,0.0,0.0,0.0,0.0
300,448,1024,0,1,262144,0,0,0,0,0.0,0.0,0.0,0.0
301,448,1024,64,0,262144,0,0,0,0,0.0,0.0,0.0,0.0
302,448,1024,128,1,163840,0,0,0,0,0.0,0.0,0.0,0.0
303,448,1088,0,1,262144,0,0,0,0,0.0,0.0,0.0,0.0
304,448,1088,64,0,262144,0,0,0,0,0.0,0.0,0.0,0.0
305,448,1088,128,1,163840,0,0,0,0,0.0,0.0,0.0,0.0
306,448,1152,0,1,262144,0,0,0,0,0.0,0.0,0.0,0.0
307,448,1152,64,0,262144,0,0,228,0,0.0,0.0,0.0,0.0
308,448,1152,128,1,163840,0,0,3367,0,0.0,0.0,0.0,0.0
309,448,1216,0,1,262144,0,0,0,0,0.0,0.0,0.0,0.0
310,448,1216,64,0,262144,0,0,0,0,0.0,0.0,0.0,0.0
311,448,1216,128,1,163840,0,0,0,0,0.0,0.0,0.0,0.0
312,448,1280,0,1,262144,0,0,0,0,0.0,0.0,0.0,0.0
313,448,1280,64,0,262144,0,0,0,0,0.0,0.0,0.0,0.0
314,448,1280,128,1,163840,0,0,0,0,0.0,0.0,0.0,0.0
315,448,1344,0,1,262144,0,0,0,0,0.0,0.0,0.0,0.0
316,448,1344,64,0,262144,0,0,0,0,0.0,0.0,0.0,0.0
317,448,1344,128,1,163840,0,0,0,0,0.0,0.0,0.0,0.0
318,448,1408,0,1,262144,0,0,0,0,0.0,0.0,0.0,0.0
319,448,1408,64,0,262144,0,0,0,0,0.0,0.0,0.0,0.0
320,448,1408,128,1,163840,0,0,0,0,0.0,0.0,0.0,0.0
321,448,1472,0,1,262144,0,0,0,0,0.0,0.0,0.0,0.0
322,448,1472,64,0,262144,0,0,0,0,0.0,0.0,0.0,0.0
323,448,1472,128,1,163840,0,0,0,0,0.0,0.0,0.0,0.0
324,448,1536,0,1,262144,0,0,0,0,0.0,0.0,0.0,0.0
325,448,1536,64,0,262144,0,0,0,0,0.0,0.0,0.0,0.0
326,448,1536,128,1,163840,0,0,0,0,0.0,0.0,0.0,0.0
327,448,1600,0,1,262144,0,0,0,0,0.0,0.0,0.0,0.0
328,448,1600,64,0,262144,0,0,0,0,0.0,0.0,0.0,0.0
329,448,1600,128,1,163840,0,0,0,0,0.0,0.0,0.0,0.0
330,448,1664,0,1,262144,0,0,0,0,0.0,0.0,0.0,0.0
331,448,1664,64,0,262144,0,0,0,0,0.0,0.0,0.0,0.0
332,448,1664,128,1,163840,0,0,0,0,0.0,0.0,0.0,0.0
333,448,1728,0,1,262144,0,0,0,0,0.0,0.0,0.0,0.0
334,448,1728,64,0,262144,0,0,0,0,0.0,0.0,0.0,0.0
335,448,1728,128,1,163840,0,0,0,0,0.0,0.0,0.0,0.0
336,448,1792,0,1,262144,0,0,0,0,0.0,0.0,0.0,0.0
337,448,1792,64,0,262144,0,0,0,0,0.0,0.0,0.0,0.0
338,448,1792,128,1,163840,0,0,0,0,0.0,0.0,0.0,0.0
339,448,1856,0,1,262144,0,0,0,0,0.0,0.0,0.0,0.0
340,448,1856,64,0,262144,0,0,0,0,0.0,0.0,0.0,0.0
341,448,1856,128,1,163840,0,0,0,0,0.0,0.0,0.0,0.0
342,448,1920,0,1,262144,0,0,0,0,0.0,0.0,0.0,0.0
343,448,1920,64,0,262144,0,0,0,0,0.0,0.0,0.0,0.0
344,448,1920,128,1,163840,0,0,0,0,0.0,0.0,0.0,0.0
345,448,1984,0,1,262144,0,0,0,0,0.0,0.0,0.0,0.0
346,448,1984,64,0,262144,0,0,0,0,0.0,0.0,0.0,0.0
347,448,1984,128,1,163840,0,0,0,0,0.0,0.0,0.0,0.0
348,448,2048,0,1,262144,0,0,0,0,0.0,0.0,0.0,0.0
349,448,2048,64,0,262144,0,0,0,0,0.0,0.0,0.0,0.0
350,448,2048,128,1,163840,0,0,0,0,0.0,0.0,0.0,0.0
351,448,2112,0,1,262144,0,0,0,0,0.0,0.0,0.0,0.0
352,448,2112,64,0,262144,0,0,0,0,0.0,0.0,0.0,0.0
353,448,2112,128,1,163840,0,0,0,0,0.0,0.0,0.0,0.0
354,448,2176,0,1,262144,0,0,0,0,0.0,0.0,0.0,0.0
355,448,2176,64,0,262144,0,0,0,0,0.0,0.0,0.0,0.0
356,448,2176,128,1,163840,0,0,0,0,0.0,0.0,0.0,0.0
357,448,2240,0,1,262144,0,0,0,0,0.0,0.0,0.0,0.0
358,448,2240,64,0,262144,0,0,0,0,0.0,0.0,0.0,0.0
359,448,2240,128,1,163840,0,0,0,0,0.0,0.0,0.0,0.0
360,448,2304,0,1,262144,0,0,0,0,0.0,0.0,0.0,0.0
361,448,2304,64,0,262144,0,0,0,0,0.0,0.0,0.0,0.0
362,448,2304,128,1,163840,0,0,0,0,0.0,0.0,0.0,0.0
363,448,2368,0,1,262144,0,0,0,0,0.0,0.0,0.0,0.0
364,448,2368,64,0,262144,0,0,0,0,0.0,0.0,0.0,0.0
365,448,2368,128,1,163840,0,0,0,0,0.0,0.0,0.0,0.0
366,448,2432,0,1,262144,0,0,0,0,0.0,0.0,0.0,0.0
367,448,2432,64,0,262144,0,0,0,0,0.0,0.0,0.0,0.0
368,448,2432,128,1,163840,0,0,0,0,0.0,0.0,0.0,0.0
369,448,2496,0,1,240064,0,0,0,0,0.0,0.0,0.0,0.0
370,448,2496,64,0,262144,0,0,32,0,0.0,0.0,0.0,0.0
371,448,2496,128,1,163840,0,0,0,0,0.0,0.0,0.0,0.0
372,448,2560,0,1,92224,0,0,0,0,0.0,0.0,0.0,0.0
373,448,2560,64,0,262144,0,0,0,0,0.0,0.0,0.0,0.0
374,448,2560,128,1,163840,0,0,0,0,0.0,0.0,0.0,0.0
375,448,2624,0,1,1664,0,0,0,0,0.0,0.0,0.0,0.0
376,448,2624,64,0,177472,0,0,0,0,0.0,0.0,0.0,0.0
377,448,2624,128,1,163840,0,0,0,0,0.0,0.0,0.0,0.0
378,448,2688,64,0,21184,0,0,0,0,0.0,0.0,0.0,0.0
379,448,2688,128,1,150656,0,0,0,0,0.0,0.0,0.0,0.0
380,448,2752,128,1,24704,0,0,0,0,0.0,0.0,0.0,0.0
381,512,0,0,1,23040,0,0,97,0,0.0,0.0,0.0,0.0
382,512,64,0,1,97034,0,0,0,0,0.0,0.0,0.0,0.0
383,512,64,64,0,78834,0,0,0,0,0.0,0.0,0.0,0.0
384,512,64,128,1,50784,0,0,0,0,0.0,0.0,0.0,0.0
385,512,128,0,1,262144,0,0,0,0,0.0,0.0,0.0,0.0
386,512,128,64,0,262144,0,0,0,0,0.0,0.0,0.0,0.0
387,512,128,128,1,163840,0,0,0,0,0.0,0.0,0.0,0.0
388,512,192,0,1,262144,0,0,0,0,0.0,0.0,0.0,0.0
389,512,192,64,0,262144,0,0,0,0,0.0,0.0,0.0,0.0
390,512,192,128,1,163840,0,0,298,0,0.0,0.0,0.0,0.0
391,512,256,0,1,262144,0,0,0,0,0.0,0.0,0.0,0.0
392,512,256,64,0,262144,0,0,8,0,0.0,0.0,0.0,0.0
393,512,256,128,1,163840,0,0,0,0,0.0,0.0,0.0,0.0
394,512,320,0,1,262144,0,0,0,0,0.0,0.0,0.0,0.0
395,512,320,64,0,262144,0,0,0,0,0.0,0.0,0.0,0.0
396,512,320,128,1,163840,0,0,0,0,0.0,0.0,0.0,0.0
397,512,384,0,1,262144,3581,0,0,3581,0.0,0.0,0.0,0.0
398,512,384,64,0,262144,0,0,0,0,0.0,0.0,0.0,0.0
399,512,384,128,1,163840,0,0,0,0,0.0,0.0,0.0,0.0
400,512,448,0,1,262144,10508,6525,10250,3983,0.31433664129492245,0.47831983286295493,0.3889716840536513,0.6209554625047583
401,512,448,64,0,262144,1653,0,0,1653,0.0,0.0,0.0,0.0
402,512,448,128,1,163840,0,0,0,0,0.0,0.0,0.0,0.0
403,512,512,0,1,262144,0,0,36,0,0.0,0.0,0.0,0.0
404,512,512,64,0,262144,0,0,101,0,0.0,0.0,0.0,0.0
405,512,512,128,1,163840,0,0,2281,0,0.0,0.0,0.0,0.0
406,512,576,0,1,262144,0,0,9982,0,0.0,0.0,0.0,0.0
407,512,576,64,0,262144,0,0,399,0,0.0,0.0,0.0,0.0
408,512,576,128,1,163840,0,0,102,0,0.0,0.0,0.0,0.0
409,512,640,0,1,262144,0,0,819,0,0.0,0.0,0.0,0.0
410,512,640,64,0,262144,0,0,99,0,0.0,0.0,0.0,0.0
411,512,640,128,1,163840,0,0,47,0,0.0,0.0,0.0,0.0
412,512,704,0,1,262144,0,0,0,0,0.0,0.0,0.0,0.0
413,512,704,64,0,262144,0,0,0,0,0.0,0.0,0.0,0.0
414,512,704,128,1,163840,0,0,0,0,0.0,0.0,0.0,0.0
415,512,768,0,1,262144,0,0,4,0,0.0,0.0,0.0,0.0
416,512,768,64,0,262144,0,0,0,0,0.0,0.0,0.0,0.0
417,512,768,128,1,163840,0,0,0,0,0.0,0.0,0.0,0.0
418,512,832,0,1,262144,0,0,162,0,0.0,0.0,0.0,0.0
419,512,832,64,0,262144,0,0,3520,0,0.0,0.0,0.0,0.0
420,512,832,128,1,163840,0,0,0,0,0.0,0.0,0.0,0.0
421,512,896,0,1,262144,0,0,0,0,0.0,0.0,0.0,0.0
422,512,896,64,0,262144,0,0,19,0,0.0,0.0,0.0,0.0
423,512,896,128,1,163840,0,0,0,0,0.0,0.0,0.0,0.0
424,512,960,0,1,262144,0,0,24,0,0.0,0.0,0.0,0.0
425,512,960,64,0,262144,0,0,0,0,0.0,0.0,0.0,0.0
426,512,960,128,1,163840,0,0,0,0,0.0,0.0,0.0,0.0
427,512,1024,0,1,262144,0,0,0,0,0.0,0.0,0.0,0.0
428,512,1024,64,0,262144,0,0,0,0,0.0,0.0,0.0,0.0
429,512,1024,128,1,163840,0,0,0,0,0.0,0.0,0.0,0.0
430,512,1088,0,1,262144,0,0,298,0,0.0,0.0,0.0,0.0
431,512,1088,64,0,262144,0,0,0,0,0.0,0.0,0.0,0.0
432,512,1088,128,1,163840,0,0,0,0,0.0,0.0,0.0,0.0
433,512,1152,0,1,262144,0,0,0,0,0.0,0.0,0.0,0.0
434,512,1152,64,0,262144,0,0,0,0,0.0,0.0,0.0,0.0
435,512,1152,128,1,163840,0,0,0,0,0.0,0.0,0.0,0.0
436,512,1216,0,1,262144,0,0,0,0,0.0,0.0,0.0,0.0
437,512,1216,64,0,262144,0,0,0,0,0.0,0.0,0.0,0.0
438,512,1216,128,1,163840,0,0,0,0,0.0,0.0,0.0,0.0
439,512,1280,0,1,262144,0,0,19,0,0.0,0.0,0.0,0.0
440,512,1280,64,0,262144,0,0,0,0,0.0,0.0,0.0,0.0
441,512,1280,128,1,163840,0,0,0,0,0.0,0.0,0.0,0.0
442,512,1344,0,1,262144,0,0,0,0,0.0,0.0,0.0,0.0
443,512,1344,64,0,262144,0,0,1107,0,0.0,0.0,0.0,0.0
444,512,1344,128,1,163840,0,0,0,0,0.0,0.0,0.0,0.0
445,512,1408,0,1,262144,0,0,0,0,0.0,0.0,0.0,0.0
446,512,1408,64,0,262144,0,0,0,0,0.0,0.0,0.0,0.0
447,512,1408,128,1,163840,0,0,0,0,0.0,0.0,0.0,0.0
448,512,1472,0,1,262144,0,0,0,0,0.0,0.0,0.0,0.0
449,512,1472,64,0,262144,0,0,0,0,0.0,0.0,0.0,0.0
450,512,1472,128,1,163840,0,0,0,0,0.0,0.0,0.0,0.0
451,512,1536,0,1,262144,0,0,0,0,0.0,0.0,0.0,0.0
452,512,1536,64,0,262144,0,0,0,0,0.0,0.0,0.0,0.0
453,512,1536,128,1,163840,0,0,0,0,0.0,0.0,0.0,0.0
454,512,1600,0,1,262144,0,0,0,0,0.0,0.0,0.0,0.0
455,512,1600,64,0,262144,0,0,0,0,0.0,0.0,0.0,0.0
456,512,1600,128,1,163840,0,0,0,0,0.0,0.0,0.0,0.0
457,512,1664,0,1,262144,0,0,0,0,0.0,0.0,0.0,0.0
458,512,1664,64,0,262144,0,0,0,0,0.0,0.0,0.0,0.0
459,512,1664,128,1,163840,0,0,0,0,0.0,0.0,0.0,0.0
460,512,1728,0,1,262144,0,0,0,0,0.0,0.0,0.0,0.0
461,512,1728,64,0,262144,0,0,0,0,0.0,0.0,0.0,0.0
462,512,1728,128,1,163840,0,0,0,0,0.0,0.0,0.0,0.0
463,512,1792,0,1,262144,0,0,0,0,0.0,0.0,0.0,0.0
464,512,1792,64,0,262144,0,0,0,0,0.0,0.0,0.0,0.0
465,512,1792,128,1,163840,0,0,0,0,0.0,0.0,0.0,0.0
466,512,1856,0,1,262144,0,0,0,0,0.0,0.0,0.0,0.0
467,512,1856,64,0,262144,0,0,0,0,0.0,0.0,0.0,0.0
468,512,1856,128,1,163840,0,0,33,0,0.0,0.0,0.0,0.0
469,512,1920,0,1,262144,0,0,0,0,0.0,0.0,0.0,0.0
470,512,1920,64,0,262144,0,0,0,0,0.0,0.0,0.0,0.0
471,512,1920,128,1,163840,0,0,0,0,0.0,0.0,0.0,0.0
472,512,1984,0,1,262144,0,0,0,0,0.0,0.0,0.0,0.0
473,512,1984,64,0,262144,0,0,0,0,0.0,0.0,0.0,0.0
474,512,1984,128,1,163840,0,0,0,0,0.0,0.0,0.0,0.0
475,512,2048,0,1,262144,0,0,0,0,0.0,0.0,0.0,0.0
476,512,2048,64,0,262144,0,0,0,0,0.0,0.0,0.0,0.0
477,512,2048,128,1,163840,0,0,0,0,0.0,0.0,0.0,0.0
478,512,2112,0,1,262144,0,0,0,0,0.0,0.0,0.0,0.0
479,512,2112,64,0,262144,0,0,0,0,0.0,0.0,0.0,0.0
480,512,2112,128,1,163840,0,0,0,0,0.0,0.0,0.0,0.0
481,512,2176,0,1,262144,0,0,0,0,0.0,0.0,0.0,0.0
482,512,2176,64,0,262144,0,0,0,0,0.0,0.0,0.0,0.0
483,512,2176,128,1,163840,0,0,0,0,0.0,0.0,0.0,0.0
484,512,2240,0,1,262144,0,0,0,0,0.0,0.0,0.0,0.0
485,512,2240,64,0,262144,0,0,0,0,0.0,0.0,0.0,0.0
486,512,2240,128,1,163840,0,0,0,0,0.0,0.0,0.0,0.0
487,512,2304,0,1,262144,0,0,0,0,0.0,0.0,0.0,0.0
488,512,2304,64,0,262144,0,0,0,0,0.0,0.0,0.0,0.0
489,512,2304,128,1,163840,0,0,0,0,0.0,0.0,0.0,0.0
490,512,2368,0,1,262144,0,0,0,0,0.0,0.0,0.0,0.0
491,512,2368,64,0,262144,0,0,0,0,0.0,0.0,0.0,0.0
492,512,2368,128,1,163840,0,0,0,0,0.0,0.0,0.0,0.0
493,512,2432,0,1,262144,0,0,0,0,0.0,0.0,0.0,0.0
494,512,2432,64,0,262144,0,0,0,0,0.0,0.0,0.0,0.0
495,512,2432,128,1,163840,0,0,0,0,0.0,0.0,0.0,0.0
496,512,2496,0,1,240064,0,0,0,0,0.0,0.0,0.0,0.0
497,512,2496,64,0,262144,0,0,0,0,0.0,0.0,0.0,0.0
498,512,2496,128,1,163840,0,0,0,0,0.0,0.0,0.0,0.0
499,512,2560,0,1,92224,0,0,0,0,0.0,0.0,0.0,0.0
500,512,2560,64,0,262144,0,0,0,0,0.0,0.0,0.0,0.0
501,512,2560,128,1,163840,0,0,0,0,0.0,0.0,0.0,0.0
502,512,2624,0,1,1664,0,0,0,0,0.0,0.0,0.0,0.0
503,512,2624,64,0,177472,0,0,0,0,0.0,0.0,0.0,0.0
504,512,2624,128,1,163840,0,0,0,0,0.0,0.0,0.0,0.0
505,512,2688,64,0,21184,0,0,14,0,0.0,0.0,0.0,0.0
506,512,2688,128,1,150656,0,0,0,0,0.0,0.0,0.0,0.0
507,512,2752,128,1,24704,0,0,0,0,0.0,0.0,0.0,0.0
508,576,0,0,1,23040,0,0,1141,0,0.0,0.0,0.0,0.0
509,576,64,0,1,121033,0,0,775,0,0.0,0.0,0.0,0.0
510,576,64,64,0,101123,0,0,116,0,0.0,0.0,0.0,0.0
511,576,64,128,1,63859,0,0,0,0,0.0,0.0,0.0,0.0
512,576,128,0,1,262144,0,0,0,0,0.0,0.0,0.0,0.0
513,576,128,64,0,262144,0,0,0,0,0.0,0.0,0.0,0.0
514,576,128,128,1,163840,0,0,0,0,0.0,0.0,0.0,0.0
515,576,192,0,1,262144,0,0,25,0,0.0,0.0,0.0,0.0
516,576,192,64,0,262144,0,0,1529,0,0.0,0.0,0.0,0.0
517,576,192,128,1,163840,0,0,0,0,0.0,0.0,0.0,0.0
518,576,256,0,1,262144,0,0,0,0,0.0,0.0,0.0,0.0
519,576,256,64,0,262144,0,0,0,0,0.0,0.0,0.0,0.0
520,576,256,128,1,163840,0,0,0,0,0.0,0.0,0.0,0.0
521,576,320,0,1,262144,0,0,0,0,0.0,0.0,0.0,0.0
522,576,320,64,0,262144,0,0,0,0,0.0,0.0,0.0,0.0
523,576,320,128,1,163840,0,0,0,0,0.0,0.0,0.0,0.0
524,576,384,0,1,262144,3977,0,0,3977,0.0,0.0,0.0,0.0
525,576,384,64,0,262144,0,0,0,0,0.0,0.0,0.0,0.0
526,576,384,128,1,163840,0,0,0,0,0.0,0.0,0.0,0.0
527,576,448,0,1,262144,37620,17223,4656,20397,0.4073942662503548,0.5789340997327687,0.7871931989579048,0.45781499202551834
528,576,448,64,0,262144,8791,791,0,8000,0.08997838698669093,0.16510123147568356,1.0,0.08997838698669093
529,576,448,128,1,163840,0,0,0,0,0.0,0.0,0.0,0.0
530,576,512,0,1,262144,3798,3267,1079,531,0.6698790239901579,0.8023084479371316,0.7517257248044179,0.8601895734597157
531,576,512,64,0,262144,6745,3277,1285,3468,0.40809464508094645,0.5796409303970992,0.7183252959228409,0.48584136397331357
532,576,512,128,1,163840,0,0,0,0,0.0,0.0,0.0,0.0
533,576,576,0,1,262144,0,0,21935,0,0.0,0.0,0.0,0.0
534,576,576,64,0,262144,0,0,2542,0,0.0,0.0,0.0,0.0
535,576,576,128,1,163840,0,0,0,0,0.0,0.0,0.0,0.0
536,576,640,0,1,262144,0,0,2,0,0.0,0.0,0.0,0.0
537,576,640,64,0,262144,0,0,51,0,0.0,0.0,0.0,0.0
538,576,640,128,1,163840,0,0,0,0,0.0,0.0,0.0,0.0
539,576,704,0,1,262144,0,0,0,0,0.0,0.0,0.0,0.0
540,576,704,64,0,262144,0,0,282,0,0.0,0.0,0.0,0.0
541,576,704,128,1,163840,0,0,0,0,0.0,0.0,0.0,0.0
542,576,768,0,1,262144,0,0,1,0,0.0,0.0,0.0,0.0
543,576,768,64,0,262144,0,0,0,0,0.0,0.0,0.0,0.0
544,576,768,128,1,163840,0,0,0,0,0.0,0.0,0.0,0.0
545,576,832,0,1,262144,0,0,1652,0,0.0,0.0,0.0,0.0
546,576,832,64,0,262144,0,0,4967,0,0.0,0.0,0.0,0.0
547,576,832,128,1,163840,0,0,0,0,0.0,0.0,0.0,0.0
548,576,896,0,1,262144,0,0,0,0,0.0,0.0,0.0,0.0
549,576,896,64,0,262144,0,0,29,0,0.0,0.0,0.0,0.0
550,576,896,128,1,163840,0,0,0,0,0.0,0.0,0.0,0.0
551,576,960,0,1,262144,0,0,0,0,0.0,0.0,0.0,0.0
552,576,960,64,0,262144,0,0,0,0,0.0,0.0,0.0,0.0
553,576,960,128,1,163840,0,0,0,0,0.0,0.0,0.0,0.0
554,576,1024,0,1,262144,0,0,0,0,0.0,0.0,0.0,0.0
555,576,1024,64,0,262144,0,0,132,0,0.0,0.0,0.0,0.0
556,576,1024,128,1,163840,0,0,0,0,0.0,0.0,0.0,0.0
557,576,1088,0,1,262144,0,0,0,0,0.0,0.0,0.0,0.0
558,576,1088,64,0,262144,0,0,0,0,0.0,0.0,0.0,0.0
559,576,1088,128,1,163840,0,0,0,0,0.0,0.0,0.0,0.0
560,576,1152,0,1,262144,0,0,0,0,0.0,0.0,0.0,0.0
561,576,1152,64,0,262144,0,0,0,0,0.0,0.0,0.0,0.0
562,576,1152,128,1,163840,0,0,32,0,0.0,0.0,0.0,0.0
563,576,1216,0,1,262144,0,0,0,0,0.0,0.0,0.0,0.0
564,576,1216,64,0,262144,0,0,0,0,0.0,0.0,0.0,0.0
565,576,1216,128,1,163840,0,0,0,0,0.0,0.0,0.0,0.0
566,576,1280,0,1,262144,0,0,1441,0,0.0,0.0,0.0,0.0
567,576,1280,64,0,262144,0,0,12305,0,0.0,0.0,0.0,0.0
568,576,1280,128,1,163840,0,0,0,0,0.0,0.0,0.0,0.0
569,576,1344,0,1,262144,0,0,15,0,0.0,0.0,0.0,0.0
570,576,1344,64,0,262144,0,0,1711,0,0.0,0.0,0.0,0.0
571,576,1344,128,1,163840,0,0,0,0,0.0,0.0,0.0,0.0
572,576,1408,0,1,262144,0,0,13063,0,0.0,0.0,0.0,0.0
573,576,1408,64,0,262144,0,0,11279,0,0.0,0.0,0.0,0.0
574,576,1408,128,1,163840,0,0,2131,0,0.0,0.0,0.0,0.0
575,576,1472,0,1,262144,0,0,7276,0,0.0,0.0,0.0,0.0
576,576,1472,64,0,262144,0,0,0,0,0.0,0.0,0.0,0.0
577,576,1472,128,1,163840,0,0,0,0,0.0,0.0,0.0,0.0
578,576,1536,0,1,262144,0,0,0,0,0.0,0.0,0.0,0.0
579,576,1536,64,0,262144,0,0,99,0,0.0,0.0,0.0,0.0
580,576,1536,128,1,163840,0,0,0,0,0.0,0.0,0.0,0.0
581,576,1600,0,1,262144,0,0,3,0,0.0,0.0,0.0,0.0
582,576,1600,64,0,262144,0,0,151,0,0.0,0.0,0.0,0.0
583,576,1600,128,1,163840,0,0,0,0,0.0,0.0,0.0,0.0
584,576,1664,0,1,262144,0,0,0,0,0.0,0.0,0.0,0.0
585,576,1664,64,0,262144,0,0,899,0,0.0,0.0,0.0,0.0
586,576,1664,128,1,163840,0,0,66,0,0.0,0.0,0.0,0.0
587,576,1728,0,1,262144,0,0,0,0,0.0,0.0,0.0,0.0
588,576,1728,64,0,262144,0,0,0,0,0.0,0.0,0.0,0.0
589,576,1728,128,1,163840,0,0,626,0,0.0,0.0,0.0,0.0
590,576,1792,0,1,262144,0,0,0,0,0.0,0.0,0.0,0.0
591,576,1792,64,0,262144,0,0,0,0,0.0,0.0,0.0,0.0
592,576,1792,128,1,163840,0,0,0,0,0.0,0.0,0.0,0.0
593,576,1856,0,1,262144,0,0,0,0,0.0,0.0,0.0,0.0
594,576,1856,64,0,262144,0,0,0,0,0.0,0.0,0.0,0.0
595,576,1856,128,1,163840,0,0,0,0,0.0,0.0,0.0,0.0
596,576,1920,0,1,262144,0,0,0,0,0.0,0.0,0.0,0.0
597,576,1920,64,0,262144,0,0,388,0,0.0,0.0,0.0,0.0
598,576,1920,128,1,163840,0,0,0,0,0.0,0.0,0.0,0.0
599,576,1984,0,1,262144,0,0,0,0,0.0,0.0,0.0,0.0
600,576,1984,64,0,262144,0,0,0,0,0.0,0.0,0.0,0.0
601,576,1984,128,1,163840,0,0,0,0,0.0,0.0,0.0,0.0
602,576,2048,0,1,262144,0,0,0,0,0.0,0.0,0.0,0.0
603,576,2048,64,0,262144,0,0,0,0,0.0,0.0,0.0,0.0
604,576,2048,128,1,163840,0,0,0,0,0.0,0.0,0.0,0.0
605,576,2112,0,1,262144,0,0,0,0,0.0,0.0,0.0,0.0
606,576,2112,64,0,262144,0,0,0,0,0.0,0.0,0.0,0.0
607,576,2112,128,1,163840,0,0,0,0,0.0,0.0,0.0,0.0
608,576,2176,0,1,262144,0,0,376,0,0.0,0.0,0.0,0.0
609,576,2176,64,0,262144,0,0,0,0,0.0,0.0,0.0,0.0
610,576,2176,128,1,163840,0,0,0,0,0.0,0.0,0.0,0.0
611,576,2240,0,1,262144,0,0,466,0,0.0,0.0,0.0,0.0
612,576,2240,64,0,262144,0,0,0,0,0.0,0.0,0.0,0.0
613,576,2240,128,1,163840,0,0,0,0,0.0,0.0,0.0,0.0
614,576,2304,0,1,262144,0,0,0,0,0.0,0.0,0.0,0.0
615,576,2304,64,0,262144,0,0,0,0,0.0,0.0,0.0,0.0
616,576,2304,128,1,163840,0,0,0,0,0.0,0.0,0.0,0.0
617,576,2368,0,1,262144,0,0,0,0,0.0,0.0,0.0,0.0
618,576,2368,64,0,262144,0,0,0,0,0.0,0.0,0.0,0.0
619,576,2368,128,1,163840,0,0,0,0,0.0,0.0,0.0,0.0
620,576,2432,0,1,262144,0,0,0,0,0.0,0.0,0.0,0.0
621,576,2432,64,0,262144,0,0,0,0,0.0,0.0,0.0,0.0
622,576,2432,128,1,163840,0,0,0,0,0.0,0.0,0.0,0.0
623,576,2496,0,1,240064,0,0,0,0,0.0,0.0,0.0,0.0
624,576,2496,64,0,262144,0,0,0,0,0.0,0.0,0.0,0.0
625,576,2496,128,1,163840,0,0,0,0,0.0,0.0,0.0,0.0
626,576,2560,0,1,92224,0,0,0,0,0.0,0.0,0.0,0.0
627,576,2560,64,0,262144,0,0,0,0,0.0,0.0,0.0,0.0
628,576,2560,128,1,163840,0,0,0,0,0.0,0.0,0.0,0.0
629,576,2624,0,1,1664,0,0,0,0,0.0,0.0,0.0,0.0
630,576,2624,64,0,177472,0,0,0,0,0.0,0.0,0.0,0.0
631,576,2624,128,1,163840,0,0,0,0,0.0,0.0,0.0,0.0
632,576,2688,64,0,21184,0,0,0,0,0.0,0.0,0.0,0.0
633,576,2688,128,1,150656,0,0,0,0,0.0,0.0,0.0,0.0
634,576,2752,128,1,24704,0,0,172,0,0.0,0.0,0.0,0.0
635,640,0,0,1,23040,0,0,0,0,0.0,0.0,0.0,0.0
636,640,64,0,1,150090,0,0,6,0,0.0,0.0,0.0,0.0
637,640,64,64,0,136877,0,0,0,0,0.0,0.0,0.0,0.0
638,640,64,128,1,86100,0,0,0,0,0.0,0.0,0.0,0.0
639,640,128,0,1,262144,0,0,0,0,0.0,0.0,0.0,0.0
640,640,128,64,0,262144,0,0,0,0,0.0,0.0,0.0,0.0
641,640,128,128,1,163840,0,0,0,0,0.0,0.0,0.0,0.0
642,640,192,0,1,262144,0,0,0,0,0.0,0.0,0.0,0.0
643,640,192,64,0,262144,0,0,0,0,0.0,0.0,0.0,0.0
644,640,192,128,1,163840,0,0,0,0,0.0,0.0,0.0,0.0
645,640,256,0,1,262144,0,0,0,0,0.0,0.0,0.0,0.0
646,640,256,64,0,262144,0,0,248,0,0.0,0.0,0.0,0.0
647,640,256,128,1,163840,0,0,0,0,0.0,0.0,0.0,0.0
648,640,320,0,1,262144,0,0,0,0,0.0,0.0,0.0,0.0
649,640,320,64,0,262144,0,0,0,0,0.0,0.0,0.0,0.0
650,640,320,128,1,163840,0,0,0,0,0.0,0.0,0.0,0.0
651,640,384,0,1,262144,45,0,0,45,0.0,0.0,0.0,0.0
652,640,384,64,0,262144,0,0,0,0,0.0,0.0,0.0,0.0
653,640,384,128,1,163840,0,0,0,0,0.0,0.0,0.0,0.0
654,640,448,0,1,262144,32402,25673,7349,6729,0.6458453875374205,0.7848190266568843,0.7774513960390043,0.7923276340966607
655,640,448,64,0,262144,18,0,0,18,0.0,0.0,0.0,0.0
656,640,448,128,1,163840,0,0,0,0,0.0,0.0,0.0,0.0
657,640,512,0,1,262144,13984,13425,5742,559,0.6805738619081415,0.8099303188440771,0.7004226013460636,0.9600257437070938
658,640,512,64,0,262144,25659,12766,4718,12893,0.4202521644665372,0.5917993649027652,0.7301532830016014,0.4975252348103979
659,640,512,128,1,163840,0,0,0,0,0.0,0.0,0.0,0.0
660,640,576,0,1,262144,0,0,13885,0,0.0,0.0,0.0,0.0
661,640,576,64,0,262144,0,0,9562,0,0.0,0.0,0.0,0.0
662,640,576,128,1,163840,0,0,0,0,0.0,0.0,0.0,0.0
663,640,640,0,1,262144,0,0,0,0,0.0,0.0,0.0,0.0
664,640,640,64,0,262144,0,0,46,0,0.0,0.0,0.0,0.0
665,640,640,128,1,163840,4766,1803,6502,2963,0.16001064962726305,0.2758778976359881,0.21709813365442504,0.37830465799412505
666,640,704,0,1,262144,0,0,0,0,0.0,0.0,0.0,0.0
667,640,704,64,0,262144,0,0,0,0,0.0,0.0,0.0,0.0
668,640,704,128,1,163840,92,0,0,92,0.0,0.0,0.0,0.0
669,640,768,0,1,262144,0,0,375,0,0.0,0.0,0.0,0.0
670,640,768,64,0,262144,0,0,0,0,0.0,0.0,0.0,0.0
671,640,768,128,1,163840,0,0,0,0,0.0,0.0,0.0,0.0
672,640,832,0,1,262144,0,0,54,0,0.0,0.0,0.0,0.0
673,640,832,64,0,262144,0,0,0,0,0.0,0.0,0.0,0.0
674,640,832,128,1,163840,0,0,0,0,0.0,0.0,0.0,0.0
675,640,896,0,1,262144,0,0,0,0,0.0,0.0,0.0,0.0
676,640,896,64,0,262144,0,0,0,0,0.0,0.0,0.0,0.0
677,640,896,128,1,163840,0,0,0,0,0.0,0.0,0.0,0.0
678,640,960,0,1,262144,0,0,0,0,0.0,0.0,0.0,0.0
679,640,960,64,0,262144,0,0,59,0,0.0,0.0,0.0,0.0
680,640,960,128,1,163840,0,0,0,0,0.0,0.0,0.0,0.0
681,640,1024,0,1,262144,0,0,0,0,0.0,0.0,0.0,0.0
682,640,1024,64,0,262144,0,0,423,0,0.0,0.0,0.0,0.0
683,640,1024,128,1,163840,0,0,0,0,0.0,0.0,0.0,0.0
684,640,1088,0,1,262144,0,0,0,0,0.0,0.0,0.0,0.0
685,640,1088,64,0,262144,0,0,2,0,0.0,0.0,0.0,0.0
686,640,1088,128,1,163840,0,0,0,0,0.0,0.0,0.0,0.0
687,640,1152,0,1,262144,0,0,0,0,0.0,0.0,0.0,0.0
688,640,1152,64,0,262144,0,0,0,0,0.0,0.0,0.0,0.0
689,640,1152,128,1,163840,0,0,0,0,0.0,0.0,0.0,0.0
690,640,1216,0,1,262144,0,0,0,0,0.0,0.0,0.0,0.0
691,640,1216,64,0,262144,0,0,0,0,0.0,0.0,0.0,0.0
692,640,1216,128,1,163840,0,0,0,0,0.0,0.0,0.0,0.0
693,640,1280,0,1,262144,0,0,120,0,0.0,0.0,0.0,0.0
694,640,1280,64,0,262144,0,0,2473,0,0.0,0.0,0.0,0.0
695,640,1280,128,1,163840,0,0,0,0,0.0,0.0,0.0,0.0
696,640,1344,0,1,262144,0,0,0,0,0.0,0.0,0.0,0.0
697,640,1344,64,0,262144,0,0,8,0,0.0,0.0,0.0,0.0
698,640,1344,128,1,163840,0,0,0,0,0.0,0.0,0.0,0.0
699,640,1408,0,1,262144,0,0,19467,0,0.0,0.0,0.0,0.0
700,640,1408,64,0,262144,0,0,21470,0,0.0,0.0,0.0,0.0
701,640,1408,128,1,163840,0,0,2137,0,0.0,0.0,0.0,0.0
702,640,1472,0,1,262144,930,0,3631,930,0.0,0.0,0.0,0.0
703,640,1472,64,0,262144,0,0,0,0,0.0,0.0,0.0,0.0
704,640,1472,128,1,163840,0,0,0,0,0.0,0.0,0.0,0.0
705,640,1536,0,1,262144,0,0,0,0,0.0,0.0,0.0,0.0
706,640,1536,64,0,262144,0,0,0,0,0.0,0.0,0.0,0.0
707,640,1536,128,1,163840,0,0,0,0,0.0,0.0,0.0,0.0
708,640,1600,0,1,262144,0,0,0,0,0.0,0.0,0.0,0.0
709,640,1600,64,0,262144,0,0,0,0,0.0,0.0,0.0,0.0
710,640,1600,128,1,163840,0,0,0,0,0.0,0.0,0.0,0.0
711,640,1664,0,1,262144,0,0,0,0,0.0,0.0,0.0,0.0
712,640,1664,64,0,262144,0,0,0,0,0.0,0.0,0.0,0.0
713,640,1664,128,1,163840,0,0,0,0,0.0,0.0,0.0,0.0
714,640,1728,0,1,262144,0,0,81,0,0.0,0.0,0.0,0.0
715,640,1728,64,0,262144,0,0,0,0,0.0,0.0,0.0,0.0
716,640,1728,128,1,163840,0,0,4369,0,0.0,0.0,0.0,0.0
717,640,1792,0,1,262144,0,0,12667,0,0.0,0.0,0.0,0.0
718,640,1792,64,0,262144,0,0,0,0,0.0,0.0,0.0,0.0
719,640,1792,128,1,163840,0,0,570,0,0.0,0.0,0.0,0.0
720,640,1856,0,1,262144,0,0,1450,0,0.0,0.0,0.0,0.0
721,640,1856,64,0,262144,0,0,0,0,0.0,0.0,0.0,0.0
722,640,1856,128,1,163840,0,0,603,0,0.0,0.0,0.0,0.0
723,640,1920,0,1,262144,0,0,4,0,0.0,0.0,0.0,0.0
724,640,1920,64,0,262144,0,0,17,0,0.0,0.0,0.0,0.0
725,640,1920,128,1,163840,0,0,6260,0,0.0,0.0,0.0,0.0
726,640,1984,0,1,262144,0,0,0,0,0.0,0.0,0.0,0.0
727,640,1984,64,0,262144,0,0,0,0,0.0,0.0,0.0,0.0
728,640,1984,128,1,163840,0,0,0,0,0.0,0.0,0.0,0.0
729,640,2048,0,1,262144,0,0,7534,0,0.0,0.0,0.0,0.0
730,640,2048,64,0,262144,0,0,523,0,0.0,0.0,0.0,0.0
731,640,2048,128,1,163840,0,0,0,0,0.0,0.0,0.0,0.0
732,640,2112,0,1,262144,0,0,92,0,0.0,0.0,0.0,0.0
733,640,2112,64,0,262144,0,0,0,0,0.0,0.0,0.0,0.0
734,640,2112,128,1,163840,0,0,0,0,0.0,0.0,0.0,0.0
735,640,2176,0,1,262144,0,0,1599,0,0.0,0.0,0.0,0.0
736,640,2176,64,0,262144,0,0,16,0,0.0,0.0,0.0,0.0
737,640,2176,128,1,163840,0,0,82,0,0.0,0.0,0.0,0.0
738,640,2240,0,1,262144,0,0,8567,0,0.0,0.0,0.0,0.0
739,640,2240,64,0,262144,0,0,3196,0,0.0,0.0,0.0,0.0
740,640,2240,128,1,163840,0,0,2260,0,0.0,0.0,0.0,0.0
741,640,2304,0,1,262144,0,0,0,0,0.0,0.0,0.0,0.0
742,640,2304,64,0,262144,0,0,0,0,0.0,0.0,0.0,0.0
743,640,2304,128,1,163840,0,0,0,0,0.0,0.0,0.0,0.0
744,640,2368,0,1,262144,0,0,56,0,0.0,0.0,0.0,0.0
745,640,2368,64,0,262144,0,0,0,0,0.0,0.0,0.0,0.0
746,640,2368,128,1,163840,0,0,0,0,0.0,0.0,0.0,0.0
747,640,2432,0,1,262144,0,0,0,0,0.0,0.0,0.0,0.0
748,640,2432,64,0,262144,0,0,0,0,0.0,0.0,0.0,0.0
749,640,2432,128,1,163840,0,0,0,0,0.0,0.0,0.0,0.0
750,640,2496,0,1,240064,0,0,0,0,0.0,0.0,0.0,0.0
751,640,2496,64,0,262144,0,0,0,0,0.0,0.0,0.0,0.0
752,640,2496,128,1,163840,0,0,0,0,0.0,0.0,0.0,0.0
753,640,2560,0,1,92224,0,0,0,0,0.0,0.0,0.0,0.0
754,640,2560,64,0,262144,0,0,0,0,0.0,0.0,0.0,0.0
755,640,2560,128,1,163840,0,0,0,0,0.0,0.0,0.0,0.0
756,640,2624,0,1,1664,0,0,0,0,0.0,0.0,0.0,0.0
757,640,2624,64,0,177472,0,0,0,0,0.0,0.0,0.0,0.0
758,640,2624,128,1,163840,0,0,40,0,0.0,0.0,0.0,0.0
759,640,2688,64,0,21184,0,0,0,0,0.0,0.0,0.0,0.0
760,640,2688,128,1,150656,0,0,0,0,0.0,0.0,0.0,0.0
761,640,2752,128,1,24704,0,0,87,0,0.0,0.0,0.0,0.0
762,704,0,0,1,23040,0,0,0,0,0.0,0.0,0.0,0.0
763,704,64,0,1,206006,0,0,0,0,0.0,0.0,0.0,0.0
764,704,64,64,0,199995,1315,0,47,1315,0.0,0.0,0.0,0.0
765,704,64,128,1,125391,2,0,0,2,0.0,0.0,0.0,0.0
766,704,128,0,1,262144,0,0,0,0,0.0,0.0,0.0,0.0
767,704,128,64,0,262144,894,0,19,894,0.0,0.0,0.0,0.0
768,704,128,128,1,163840,7049,779,2219,6270,0.08405265429434614,0.1550711655220464,0.25983989326217477,0.1105121293800539
769,704,192,0,1,262144,11043,3457,2725,7586,0.251089482858803,0.4013933236574746,0.5592041410546749,0.313048990310604
770,704,192,64,0,262144,11647,4148,13180,7499,0.16707616707616707,0.2863157894736842,0.23938134810710987,0.35614321284450934
771,704,192,128,1,163840,0,0,82,0,0.0,0.0,0.0,0.0
772,704,256,0,1,262144,786,558,520,228,0.42725880551301687,0.5987124463519313,0.5176252319109462,0.7099236641221374
773,704,256,64,0,262144,5927,744,5678,5183,0.06411029728565273,0.12049558668718115,0.11585175957645594,0.12552724818626623
774,704,256,128,1,163840,342,0,0,342,0.0,0.0,0.0,0.0
775,704,320,0,1,262144,0,0,0,0,0.0,0.0,0.0,0.0
776,704,320,64,0,262144,2906,0,0,2906,0.0,0.0,0.0,0.0
777,704,320,128,1,163840,0,0,0,0,0.0,0.0,0.0,0.0
778,704,384,0,1,262144,0,0,0,0,0.0,0.0,0.0,0.0
779,704,384,64,0,262144,0,0,0,0,0.0,0.0,0.0,0.0
780,704,384,128,1,163840,0,0,0,0,0.0,0.0,0.0,0.0
781,704,448,0,1,262144,18791,12970,3366,5821,0.5853680552421356,0.7384632903464572,0.7939520078354554,0.690224043425044
782,704,448,64,0,262144,0,0,0,0,0.0,0.0,0.0,0.0
783,704,448,128,1,163840,0,0,0,0,0.0,0.0,0.0,0.0
784,704,512,0,1,262144,29655,27628,9166,2027,0.7116766698436413,0.8315550271636895,0.7508832961895961,0.9316472770190525
785,704,512,64,0,262144,39852,24403,14750,15449,0.44692502106149956,0.6177583697234352,0.623272801573315,0.6123406604436414
786,704,512,128,1,163840,0,0,314,0,0.0,0.0,0.0,0.0
787,704,576,0,1,262144,29,9,506,20,0.016822429906542057,0.03308823529411765,0.017475728155339806,0.3103448275862069
788,704,576,64,0,262144,6504,4323,5458,2181,0.36139441564955693,0.5309180227202948,0.44197934771495756,0.6646678966789668
789,704,576,128,1,163840,323,276,15538,47,0.017401172687724606,0.03420710169176427,0.017452889844441634,0.8544891640866873
790,704,640,0,1,262144,0,0,0,0,0.0,0.0,0.0,0.0
791,704,640,64,0,262144,11316,6565,10178,4751,0.3054340746254769,0.4679425496275705,0.3921041629337634,0.5801519971721456
792,704,640,128,1,163840,19736,12470,13994,7266,0.3697005632967685,0.5398268398268399,0.47120616686819833,0.6318402918524524
793,704,704,0,1,262144,0,0,0,0,0.0,0.0,0.0,0.0
794,704,704,64,0,262144,0,0,0,0,0.0,0.0,0.0,0.0
795,704,704,128,1,163840,8367,7072,1427,1295,0.7220747396365121,0.8386102217478951,0.832097893869867,0.8452252898290905
796,704,768,0,1,262144,0,0,0,0,0.0,0.0,0.0,0.0
797,704,768,64,0,262144,0,0,0,0,0.0,0.0,0.0,0.0
798,704,768,128,1,163840,0,0,0,0,0.0,0.0,0.0,0.0
799,704,832,0,1,262144,0,0,0,0,0.0,0.0,0.0,0.0
800,704,832,64,0,262144,0,0,0,0,0.0,0.0,0.0,0.0
801,704,832,128,1,163840,0,0,0,0,0.0,0.0,0.0,0.0
802,704,896,0,1,262144,0,0,0,0,0.0,0.0,0.0,0.0
803,704,896,64,0,262144,0,0,0,0,0.0,0.0,0.0,0.0
804,704,896,128,1,163840,0,0,0,0,0.0,0.0,0.0,0.0
805,704,960,0,1,262144,0,0,0,0,0.0,0.0,0.0,0.0
806,704,960,64,0,262144,0,0,0,0,0.0,0.0,0.0,0.0
807,704,960,128,1,163840,0,0,0,0,0.0,0.0,0.0,0.0
808,704,1024,0,1,262144,0,0,0,0,0.0,0.0,0.0,0.0
809,704,1024,64,0,262144,0,0,0,0,0.0,0.0,0.0,0.0
810,704,1024,128,1,163840,0,0,0,0,0.0,0.0,0.0,0.0
811,704,1088,0,1,262144,0,0,0,0,0.0,0.0,0.0,0.0
812,704,1088,64,0,262144,0,0,0,0,0.0,0.0,0.0,0.0
813,704,1088,128,1,163840,0,0,0,0,0.0,0.0,0.0,0.0
814,704,1152,0,1,262144,0,0,0,0,0.0,0.0,0.0,0.0
815,704,1152,64,0,262144,0,0,0,0,0.0,0.0,0.0,0.0
816,704,1152,128,1,163840,0,0,0,0,0.0,0.0,0.0,0.0
817,704,1216,0,1,262144,0,0,0,0,0.0,0.0,0.0,0.0
818,704,1216,64,0,262144,0,0,0,0,0.0,0.0,0.0,0.0
819,704,1216,128,1,163840,0,0,0,0,0.0,0.0,0.0,0.0
820,704,1280,0,1,262144,0,0,0,0,0.0,0.0,0.0,0.0
821,704,1280,64,0,262144,0,0,0,0,0.0,0.0,0.0,0.0
822,704,1280,128,1,163840,0,0,0,0,0.0,0.0,0.0,0.0
823,704,1344,0,1,262144,0,0,0,0,0.0,0.0,0.0,0.0
824,704,1344,64,0,262144,0,0,0,0,0.0,0.0,0.0,0.0
825,704,1344,128,1,163840,0,0,0,0,0.0,0.0,0.0,0.0
826,704,1408,0,1,262144,0,0,4637,0,0.0,0.0,0.0,0.0
827,704,1408,64,0,262144,0,0,606,0,0.0,0.0,0.0,0.0
828,704,1408,128,1,163840,0,0,2,0,0.0,0.0,0.0,0.0
829,704,1472,0,1,262144,16661,3105,2238,13556,0.16429440711148738,0.2822214142883112,0.5811341942728804,0.18636336354360483
830,704,1472,64,0,262144,0,0,21,0,0.0,0.0,0.0,0.0
831,704,1472,128,1,163840,0,0,0,0,0.0,0.0,0.0,0.0
832,704,1536,0,1,262144,36,33,867,3,0.036544850498338874,0.07051282051282051,0.03666666666666667,0.9166666666666666
833,704,1536,64,0,262144,0,0,62,0,0.0,0.0,0.0,0.0
834,704,1536,128,1,163840,0,0,0,0,0.0,0.0,0.0,0.0
835,704,1600,0,1,262144,0,0,0,0,0.0,0.0,0.0,0.0
836,704,1600,64,0,262144,0,0,151,0,0.0,0.0,0.0,0.0
837,704,1600,128,1,163840,0,0,0,0,0.0,0.0,0.0,0.0
838,704,1664,0,1,262144,0,0,0,0,0.0,0.0,0.0,0.0
839,704,1664,64,0,262144,0,0,22,0,0.0,0.0,0.0,0.0
840,704,1664,128,1,163840,0,0,0,0,0.0,0.0,0.0,0.0
841,704,1728,0,1,262144,0,0,0,0,0.0,0.0,0.0,0.0
842,704,1728,64,0,262144,0,0,6,0,0.0,0.0,0.0,0.0
843,704,1728,128,1,163840,0,0,0,0,0.0,0.0,0.0,0.0
844,704,1792,0,1,262144,0,0,0,0,0.0,0.0,0.0,0.0
845,704,1792,64,0,262144,0,0,0,0,0.0,0.0,0.0,0.0
846,704,1792,128,1,163840,0,0,0,0,0.0,0.0,0.0,0.0
847,704,1856,0,1,262144,0,0,5,0,0.0,0.0,0.0,0.0
848,704,1856,64,0,262144,0,0,0,0,0.0,0.0,0.0,0.0
849,704,1856,128,1,163840,0,0,11,0,0.0,0.0,0.0,0.0
850,704,1920,0,1,262144,0,0,0,0,0.0,0.0,0.0,0.0
851,704,1920,64,0,262144,0,0,0,0,0.0,0.0,0.0,0.0
852,704,1920,128,1,163840,0,0,37,0,0.0,0.0,0.0,0.0
853,704,1984,0,1,262144,0,0,0,0,0.0,0.0,0.0,0.0
854,704,1984,64,0,262144,0,0,0,0,0.0,0.0,0.0,0.0
855,704,1984,128,1,163840,0,0,0,0,0.0,0.0,0.0,0.0
856,704,2048,0,1,262144,0,0,0,0,0.0,0.0,0.0,0.0
857,704,2048,64,0,262144,0,0,12,0,0.0,0.0,0.0,0.0
858,704,2048,128,1,163840,0,0,0,0,0.0,0.0,0.0,0.0
859,704,2112,0,1,262144,0,0,0,0,0.0,0.0,0.0,0.0
860,704,2112,64,0,262144,0,0,0,0,0.0,0.0,0.0,0.0
861,704,2112,128,1,163840,0,0,51,0,0.0,0.0,0.0,0.0
862,704,2176,0,1,262144,0,0,0,0,0.0,0.0,0.0,0.0
863,704,2176,64,0,262144,0,0,0,0,0.0,0.0,0.0,0.0
864,704,2176,128,1,163840,0,0,0,0,0.0,0.0,0.0,0.0
865,704,2240,0,1,262144,0,0,0,0,0.0,0.0,0.0,0.0
866,704,2240,64,0,262144,0,0,0,0,0.0,0.0,0.0,0.0
867,704,2240,128,1,163840,0,0,0,0,0.0,0.0,0.0,0.0
868,704,2304,0,1,262144,0,0,0,0,0.0,0.0,0.0,0.0
869,704,2304,64,0,262144,0,0,0,0,0.0,0.0,0.0,0.0
870,704,2304,128,1,163840,0,0,0,0,0.0,0.0,0.0,0.0
871,704,2368,0,1,262144,0,0,27,0,0.0,0.0,0.0,0.0
872,704,2368,64,0,262144,0,0,0,0,0.0,0.0,0.0,0.0
873,704,2368,128,1,163840,0,0,23,0,0.0,0.0,0.0,0.0
874,704,2432,0,1,262144,0,0,0,0,0.0,0.0,0.0,0.0
875,704,2432,64,0,262144,0,0,0,0,0.0,0.0,0.0,0.0
876,704,2432,128,1,163840,0,0,0,0,0.0,0.0,0.0,0.0
877,704,2496,0,1,240064,0,0,0,0,0.0,0.0,0.0,0.0
878,704,2496,64,0,262144,0,0,5,0,0.0,0.0,0.0,0.0
879,704,2496,128,1,163840,0,0,0,0,0.0,0.0,0.0,0.0
880,704,2560,0,1,92224,0,0,0,0,0.0,0.0,0.0,0.0
881,704,2560,64,0,262144,0,0,27,0,0.0,0.0,0.0,0.0
882,704,2560,128,1,163840,0,0,0,0,0.0,0.0,0.0,0.0
883,704,2624,0,1,1664,0,0,0,0,0.0,0.0,0.0,0.0
884,704,2624,64,0,177472,0,0,0,0,0.0,0.0,0.0,0.0
885,704,2624,128,1,163840,0,0,5,0,0.0,0.0,0.0,0.0
886,704,2688,64,0,21184,0,0,0,0,0.0,0.0,0.0,0.0
887,704,2688,128,1,150656,0,0,0,0,0.0,0.0,0.0,0.0
888,704,2752,128,1,24704,0,0,0,0,0.0,0.0,0.0,0.0
889,768,0,0,1,23040,0,0,0,0,0.0,0.0,0.0,0.0
890,768,64,0,1,233809,596,0,2301,596,0.0,0.0,0.0,0.0
891,768,64,64,0,229429,7498,3783,7420,3715,0.25358627161817937,0.4045772953318004,0.33767740783718647,0.5045345425446786
892,768,64,128,1,144993,18270,236,9,18034,0.012910990754417638,0.025492843640291654,0.963265306122449,0.012917350848385332
893,768,128,0,1,262144,173,6,4082,167,0.001410105757931845,0.002816240319173903,0.0014677103718199608,0.03468208092485549
894,768,128,64,0,262144,22505,15049,14164,7456,0.41040115629005425,0.581963726362195,0.5151473658987437,0.6686958453676961
895,768,128,128,1,163840,9244,375,660,8869,0.03786348949919224,0.0729642961377566,0.36231884057971014,0.040566854175681524
896,768,192,0,1,262144,22873,14244,11080,8629,0.4195211027007923,0.5910741332448077,0.56247038382562,0.6227429720631312
897,768,192,64,0,262144,23864,17033,38488,6831,0.2731748781113677,0.4291238899036342,0.30678482015813835,0.7137529332886356
898,768,192,128,1,163840,12976,889,6796,12087,0.04496257333603075,0.08605585402449059,0.11567989590110606,0.0685110974106042
899,768,256,0,1,262144,5010,381,107,4629,0.0744576900527653,0.13859585303746816,0.7807377049180327,0.07604790419161676
900,768,256,64,0,262144,53643,10723,12331,42920,0.1625337254069785,0.2796198025998409,0.46512535785546977,0.1998956061368678
901,768,256,128,1,163840,9859,5170,1454,4689,0.4569963758507911,0.6273129891403264,0.7804951690821256,0.5243939547621462
902,768,320,0,1,262144,0,0,0,0,0.0,0.0,0.0,0.0
903,768,320,64,0,262144,4917,0,0,4917,0.0,0.0,0.0,0.0
904,768,320,128,1,163840,0,0,0,0,0.0,0.0,0.0,0.0
905,768,384,0,1,262144,0,0,0,0,0.0,0.0,0.0,0.0
906,768,384,64,0,262144,0,0,0,0,0.0,0.0,0.0,0.0
907,768,384,128,1,163840,0,0,0,0,0.0,0.0,0.0,0.0
908,768,448,0,1,262144,14975,251,1935,14724,0.014843287995269072,0.02925237457024649,0.11482159194876487,0.01676126878130217
909,768,448,64,0,262144,0,0,0,0,0.0,0.0,0.0,0.0
910,768,448,128,1,163840,0,0,0,0,0.0,0.0,0.0,0.0
911,768,512,0,1,262144,58768,29622,8281,29146,0.44179629822965294,0.6128414933123687,0.7815212516159671,0.5040498230329431
912,768,512,64,0,262144,22208,12140,13304,10068,0.34185627393557105,0.5095274070343322,0.47712623801289106,0.546649855907781
913,768,512,128,1,163840,0,0,0,0,0.0,0.0,0.0,0.0
914,768,576,0,1,262144,10957,7882,5792,3075,0.47059525941847274,0.6400064958791767,0.5764224074886646,0.7193574883636031
915,768,576,64,0,262144,31083,23680,24506,7403,0.4259835578981453,0.5974592842094639,0.4914290457809322,0.7618312260721295
916,768,576,128,1,163840,20321,11193,8181,9128,0.3927092835590485,0.563950119662426,0.5777330442861567,0.5508095074061315
917,768,640,0,1,262144,2063,1917,15388,146,0.10985043837029397,0.1979553903345725,0.11077723201386883,0.9292292777508483
918,768,640,64,0,262144,40918,29210,21355,11708,0.46906363913734683,0.6385885902298788,0.5776723029763671,0.713866757906056
919,768,640,128,1,163840,29420,13592,10007,15828,0.34473837725416595,0.5127218544295441,0.5759566083308615,0.4619986403806934
920,768,704,0,1,262144,0,0,0,0,0.0,0.0,0.0,0.0
921,768,704,64,0,262144,210,210,173,0,0.5483028720626631,0.7082630691399663,0.5483028720626631,1.0
922,768,704,128,1,163840,24228,11086,7705,13142,0.3471643754110168,0.5154001720170157,0.5899632802937577,0.45756975400363215
923,768,768,0,1,262144,0,0,7841,0,0.0,0.0,0.0,0.0
924,768,768,64,0,262144,0,0,0,0,0.0,0.0,0.0,0.0
925,768,768,128,1,163840,0,0,2234,0,0.0,0.0,0.0,0.0
926,768,832,0,1,262144,0,0,6158,0,0.0,0.0,0.0,0.0
927,768,832,64,0,262144,0,0,9566,0,0.0,0.0,0.0,0.0
928,768,832,128,1,163840,0,0,0,0,0.0,0.0,0.0,0.0
929,768,896,0,1,262144,0,0,1,0,0.0,0.0,0.0,0.0
930,768,896,64,0,262144,0,0,0,0,0.0,0.0,0.0,0.0
931,768,896,128,1,163840,0,0,0,0,0.0,0.0,0.0,0.0
932,768,960,0,1,262144,0,0,0,0,0.0,0.0,0.0,0.0
933,768,960,64,0,262144,0,0,0,0,0.0,0.0,0.0,0.0
934,768,960,128,1,163840,0,0,0,0,0.0,0.0,0.0,0.0
935,768,1024,0,1,262144,0,0,0,0,0.0,0.0,0.0,0.0
936,768,1024,64,0,262144,0,0,0,0,0.0,0.0,0.0,0.0
937,768,1024,128,1,163840,0,0,0,0,0.0,0.0,0.0,0.0
938,768,1088,0,1,262144,2,0,0,2,0.0,0.0,0.0,0.0
939,768,1088,64,0,262144,0,0,0,0,0.0,0.0,0.0,0.0
940,768,1088,128,1,163840,0,0,0,0,0.0,0.0,0.0,0.0
941,768,1152,0,1,262144,2903,1008,1416,1895,0.233387358184765,0.37844940867279897,0.4158415841584158,0.3472270065449535
942,768,1152,64,0,262144,0,0,0,0,0.0,0.0,0.0,0.0
943,768,1152,128,1,163840,0,0,0,0,0.0,0.0,0.0,0.0
944,768,1216,0,1,262144,0,0,0,0,0.0,0.0,0.0,0.0
945,768,1216,64,0,262144,0,0,0,0,0.0,0.0,0.0,0.0
946,768,1216,128,1,163840,0,0,0,0,0.0,0.0,0.0,0.0
947,768,1280,0,1,262144,0,0,0,0,0.0,0.0,0.0,0.0
948,768,1280,64,0,262144,0,0,0,0,0.0,0.0,0.0,0.0
949,768,1280,128,1,163840,0,0,0,0,0.0,0.0,0.0,0.0
950,768,1344,0,1,262144,0,0,0,0,0.0,0.0,0.0,0.0
951,768,1344,64,0,262144,29,0,0,29,0.0,0.0,0.0,0.0
952,768,1344,128,1,163840,0,0,0,0,0.0,0.0,0.0,0.0
953,768,1408,0,1,262144,0,0,29,0,0.0,0.0,0.0,0.0
954,768,1408,64,0,262144,4515,1970,1136,2545,0.3486108653335693,0.5169925206665792,0.6342562781712814,0.4363233665559247
955,768,1408,128,1,163840,13778,2598,461,11180,0.18245663319053304,0.3086060462077567,0.8492971559333116,0.18856147481492233
956,768,1472,0,1,262144,9350,6443,2455,2907,0.5457856840321897,0.7061595791319597,0.724095302315127,0.6890909090909091
957,768,1472,64,0,262144,7352,2333,3505,5019,0.21488440637376807,0.3537528430629265,0.39962315861596437,0.3173286180631121
958,768,1472,128,1,163840,7528,5166,1107,2362,0.5982628836132021,0.7486414027968987,0.8235294117647058,0.6862380446333688
959,768,1536,0,1,262144,34106,29324,8663,4782,0.6856367930042788,0.8135047785499285,0.7719482981019823,0.8597900662640005
960,768,1536,64,0,262144,18615,15361,4774,3254,0.6567617255975031,0.7928258064516129,0.7629004221504843,0.8251947354284179
961,768,1536,128,1,163840,8049,5157,1201,2892,0.5575135135135135,0.7159019920871799,0.8111041207927021,0.6407007081625047
962,768,1600,0,1,262144,0,0,0,0,0.0,0.0,0.0,0.0
963,768,1600,64,0,262144,0,0,0,0,0.0,0.0,0.0,0.0
964,768,1600,128,1,163840,323,0,0,323,0.0,0.0,0.0,0.0
965,768,1664,0,1,262144,0,0,0,0,0.0,0.0,0.0,0.0
966,768,1664,64,0,262144,0,0,0,0,0.0,0.0,0.0,0.0
967,768,1664,128,1,163840,0,0,0,0,0.0,0.0,0.0,0.0
968,768,1728,0,1,262144,0,0,0,0,0.0,0.0,0.0,0.0
969,768,1728,64,0,262144,303,0,0,303,0.0,0.0,0.0,0.0
970,768,1728,128,1,163840,0,0,0,0,0.0,0.0,0.0,0.0
971,768,1792,0,1,262144,6004,1888,4111,4116,0.18665348492338113,0.3145880196617512,0.31471911985330886,0.3144570286475683
972,768,1792,64,0,262144,674,0,0,674,0.0,0.0,0.0,0.0
973,768,1792,128,1,163840,0,0,0,0,0.0,0.0,0.0,0.0
974,768,1856,0,1,262144,135,0,0,135,0.0,0.0,0.0,0.0
975,768,1856,64,0,262144,235,0,0,235,0.0,0.0,0.0,0.0
976,768,1856,128,1,163840,0,0,0,0,0.0,0.0,0.0,0.0
977,768,1920,0,1,262144,0,0,0,0,0.0,0.0,0.0,0.0
978,768,1920,64,0,262144,0,0,0,0,0.0,0.0,0.0,0.0
979,768,1920,128,1,163840,384,0,0,384,0.0,0.0,0.0,0.0
980,768,1984,0,1,262144,0,0,0,0,0.0,0.0,0.0,0.0
981,768,1984,64,0,262144,0,0,0,0,0.0,0.0,0.0,0.0
982,768,1984,128,1,163840,0,0,0,0,0.0,0.0,0.0,0.0
983,768,2048,0,1,262144,1152,775,4114,377,0.14717052791492594,0.25658003641781163,0.15851912456535078,0.6727430555555556
984,768,2048,64,0,262144,1479,0,42,1479,0.0,0.0,0.0,0.0
985,768,2048,128,1,163840,0,0,0,0,0.0,0.0,0.0,0.0
986,768,2112,0,1,262144,3402,2572,2007,830,0.4755037899796635,0.6445307605563213,0.5616946931644464,0.7560258671369783
987,768,2112,64,0,262144,3039,0,0,3039,0.0,0.0,0.0,0.0
988,768,2112,128,1,163840,0,0,0,0,0.0,0.0,0.0,0.0
989,768,2176,0,1,262144,0,0,0,0,0.0,0.0,0.0,0.0
990,768,2176,64,0,262144,0,0,0,0,0.0,0.0,0.0,0.0
991,768,2176,128,1,163840,0,0,0,0,0.0,0.0,0.0,0.0
992,768,2240,0,1,262144,0,0,0,0,0.0,0.0,0.0,0.0
993,768,2240,64,0,262144,0,0,0,0,0.0,0.0,0.0,0.0
994,768,2240,128,1,163840,0,0,0,0,0.0,0.0,0.0,0.0
995,768,2304,0,1,262144,0,0,0,0,0.0,0.0,0.0,0.0
996,768,2304,64,0,262144,0,0,0,0,0.0,0.0,0.0,0.0
997,768,2304,128,1,163840,0,0,0,0,0.0,0.0,0.0,0.0
998,768,2368,0,1,262144,0,0,0,0,0.0,0.0,0.0,0.0
999,768,2368,64,0,262144,0,0,0,0,0.0,0.0,0.0,0.0
1000,768,2368,128,1,163840,0,0,0,0,0.0,0.0,0.0,0.0
1001,768,2432,0,1,262144,0,0,0,0,0.0,0.0,0.0,0.0
1002,768,2432,64,0,262144,0,0,0,0,0.0,0.0,0.0,0.0
1003,768,2432,128,1,163840,0,0,0,0,0.0,0.0,0.0,0.0
1004,768,2496,0,1,240064,0,0,0,0,0.0,0.0,0.0,0.0
1005,768,2496,64,0,262144,0,0,0,0,0.0,0.0,0.0,0.0
1006,768,2496,128,1,163840,0,0,0,0,0.0,0.0,0.0,0.0
1007,768,2560,0,1,92224,0,0,0,0,0.0,0.0,0.0,0.0
1008,768,2560,64,0,262144,0,0,0,0,0.0,0.0,0.0,0.0
1009,768,2560,128,1,163840,0,0,0,0,0.0,0.0,0.0,0.0
1010,768,2624,0,1,1664,0,0,0,0,0.0,0.0,0.0,0.0
1011,768,2624,64,0,177472,0,0,0,0,0.0,0.0,0.0,0.0
1012,768,2624,128,1,163840,0,0,0,0,0.0,0.0,0.0,0.0
1013,768,2688,64,0,21184,0,0,0,0,0.0,0.0,0.0,0.0
1014,768,2688,128,1,150656,0,0,0,0,0.0,0.0,0.0,0.0
1015,768,2752,128,1,24704,0,0,0,0,0.0,0.0,0.0,0.0
1016,832,0,0,1,26235,412,3,19,409,0.0069605568445475635,0.013824884792626729,0.13636363636363635,0.007281553398058253
1017,832,0,64,1,628,0,0,0,0,0.0,0.0,0.0,0.0
1018,832,0,128,1,28,0,0,0,0,0.0,0.0,0.0,0.0
1019,832,64,0,1,255340,21544,11739,23726,9805,0.25931080185553346,0.4118297110982476,0.3310023967291696,0.5448848867434088
1020,832,64,64,0,252280,12076,2528,2337,9548,0.1753972108513148,0.2984475532731244,0.5196300102774923,0.20934084133819145
1021,832,64,128,1,155292,28558,2620,2227,25938,0.0851063829787234,0.1568627450980392,0.5405405405405406,0.09174311926605505
1022,832,128,0,1,262144,16395,7384,10237,9011,0.2772604385701412,0.4341486359360301,0.4190454571250213,0.4503812137846905
1023,832,128,64,0,262144,36557,23523,24024,13034,0.38829005793895777,0.5593788642632931,0.4947315288030791,0.643460896681894
1024,832,128,128,1,163840,13144,1053,3006,12091,0.06520123839009288,0.12242050805092135,0.25942350332594233,0.0801125989044431
1025,832,192,0,1,262144,15667,9124,7168,6543,0.39956207576089336,0.5709815701367377,0.5600294623127916,0.5823705878598328
1026,832,192,64,0,262144,50700,27762,25611,22938,0.36380076266855366,0.533510132310974,0.520150637963015,0.5475739644970414
1027,832,192,128,1,163840,44163,14639,13465,29524,0.2540258207815645,0.4051365076729351,0.520886706518645,0.33147657541380793
1028,832,256,0,1,262144,744,127,64,617,0.15717821782178218,0.2716577540106952,0.6649214659685864,0.17069892473118278
1029,832,256,64,0,262144,45863,5921,7133,39942,0.111725413238735,0.2009946195495358,0.45357744752566265,0.12910189041275102
1030,832,256,128,1,163840,31457,11229,8702,20228,0.27961353619363033,0.43702809994551256,0.563393708293613,0.3569634739485647
1031,832,320,0,1,262144,0,0,0,0,0.0,0.0,0.0,0.0
1032,832,320,64,0,262144,0,0,0,0,0.0,0.0,0.0,0.0
1033,832,320,128,1,163840,0,0,0,0,0.0,0.0,0.0,0.0
1034,832,384,0,1,262144,0,0,0,0,0.0,0.0,0.0,0.0
1035,832,384,64,0,262144,0,0,0,0,0.0,0.0,0.0,0.0
1036,832,384,128,1,163840,0,0,0,0,0.0,0.0,0.0,0.0
1037,832,448,0,1,262144,15518,74,562,15444,0.004601990049751244,0.009161817506499938,0.11635220125786164,0.004768655754607553
1038,832,448,64,0,262144,0,0,0,0,0.0,0.0,0.0,0.0
1039,832,448,128,1,163840,0,0,0,0,0.0,0.0,0.0,0.0
1040,832,512,0,1,262144,35255,16265,16861,18990,0.3120922557372016,0.4757169389157807,0.4910040451609008,0.4613529995745284
1041,832,512,64,0,262144,8376,3877,3723,4499,0.32043970576080666,0.48535302954431647,0.5101315789473684,0.46287010506208215
1042,832,512,128,1,163840,1617,701,58,916,0.4185074626865672,0.5900673400673401,0.9235836627140975,0.43351886209029067
1043,832,576,0,1,262144,23696,21596,11047,2100,0.621592838845235,0.7666447753776248,0.6615813497533928,0.9113774476704929
1044,832,576,64,0,262144,42832,38295,26781,4537,0.550112766293652,0.7097712866515921,0.5884657938410474,0.8940745237205827
1045,832,576,128,1,163840,25617,16966,9027,8651,0.48972405034060734,0.6574694826583996,0.6527141922825376,0.6622945700121013
1046,832,640,0,1,262144,11267,10764,6219,503,0.615578176827176,0.7620530973451327,0.6338102808691044,0.9553563504038342
1047,832,640,64,0,262144,44589,33931,35745,10658,0.4223740881818408,0.5939001444011727,0.48698260520121706,0.7609724371481755
1048,832,640,128,1,163840,26794,10563,8648,16231,0.29803622820382597,0.4592109553309423,0.5498412367914216,0.3942300515040681
1049,832,704,0,1,262144,36,0,21,36,0.0,0.0,0.0,0.0
1050,832,704,64,0,262144,6894,6248,2936,646,0.6356052899287894,0.7772110959074512,0.6803135888501742,0.9062953292718305
1051,832,704,128,1,163840,29760,23475,8044,6285,0.6209660353401757,0.7661678552195695,0.7447888575145151,0.7888104838709677
1052,832,768,0,1,262144,8575,6062,3742,2513,0.49216529999188113,0.6596659230643669,0.6183190534475724,0.7069387755102041
1053,832,768,64,0,262144,239,130,2919,109,0.04116529449018366,0.07907542579075426,0.042636930141029844,0.5439330543933054
1054,832,768,128,1,163840,94,40,5495,54,0.007156915369475756,0.014212115828744005,0.007226738934056007,0.425531914893617
1055,832,832,0,1,262144,3868,3291,4653,577,0.3862222743809412,0.5572299356586522,0.4142749244712991,0.8508273009307136
1056,832,832,64,0,262144,17766,3854,6407,13912,0.15943407934472345,0.27502051593106647,0.3755969203781308,0.21693121693121692
1057,832,832,128,1,163840,4134,1499,18836,2635,0.0652590335219852,0.12252237525031673,0.07371526924022621,0.36260280599903244
1058,832,896,0,1,262144,0,0,45,0,0.0,0.0,0.0,0.0
1059,832,896,64,0,262144,21600,3855,892,17745,0.1713942735194736,0.2926329373363191,0.8120918474826206,0.17847222222222223
1060,832,896,128,1,163840,1712,2,1190,1710,0.0006891798759476223,0.0013774104683195593,0.0016778523489932886,0.0011682242990654205
1061,832,960,0,1,262144,0,0,24,0,0.0,0.0,0.0,0.0
1062,832,960,64,0,262144,2622,1341,1301,1281,0.34183023196533263,0.5094984802431611,0.5075700227100681,0.511441647597254
1063,832,960,128,1,163840,1990,197,1035,1793,0.06512396694214877,0.122284295468653,0.1599025974025974,0.09899497487437187
1064,832,1024,0,1,262144,0,0,0,0,0.0,0.0,0.0,0.0
1065,832,1024,64,0,262144,6276,1534,13231,4742,0.07863843748398011,0.14581056033458487,0.10389434473416864,0.2444231994901211
1066,832,1024,128,1,163840,15365,2688,262,12677,0.17200998272221155,0.2935298935298935,0.9111864406779661,0.17494305239179955
1067,832,1088,0,1,262144,11752,8580,844,3172,0.6811686249603048,0.8103513411409142,0.9104414261460102,0.7300884955752213
1068,832,1088,64,0,262144,0,0,8,0,0.0,0.0,0.0,0.0
1069,832,1088,128,1,163840,2466,223,21,2243,0.08966626457579413,0.16457564575645756,0.9139344262295082,0.09042984590429846
1070,832,1152,0,1,262144,19992,17671,13627,2321,0.5256253904042357,0.6890621953597192,0.5646047670777685,0.8839035614245698
1071,832,1152,64,0,262144,27404,10339,6121,17065,0.30839671886651754,0.47141163596571223,0.6281287970838396,0.3772806889505182
1072,832,1152,128,1,163840,0,0,54,0,0.0,0.0,0.0,0.0
1073,832,1216,0,1,262144,0,0,1671,0,0.0,0.0,0.0,0.0
1074,832,1216,64,0,262144,0,0,158,0,0.0,0.0,0.0,0.0
1075,832,1216,128,1,163840,0,0,0,0,0.0,0.0,0.0,0.0
1076,832,1280,0,1,262144,0,0,503,0,0.0,0.0,0.0,0.0
1077,832,1280,64,0,262144,1927,1924,15606,3,0.10973592653852735,0.1977694403042607,0.10975470621791215,0.9984431759211209
1078,832,1280,128,1,163840,0,0,0,0,0.0,0.0,0.0,0.0
1079,832,1344,0,1,262144,0,0,0,0,0.0,0.0,0.0,0.0
1080,832,1344,64,0,262144,17700,16807,11395,893,0.5776593916480495,0.7322992462202083,0.595950641798454,0.9495480225988701
1081,832,1344,128,1,163840,0,0,0,0,0.0,0.0,0.0,0.0
1082,832,1408,0,1,262144,33,1,31,32,0.015625,0.03076923076923077,0.03125,0.030303030303030304
1083,832,1408,64,0,262144,7919,6006,5492,1913,0.44784132428603385,0.6186331565123345,0.5223517133414507,0.7584290945826493
1084,832,1408,128,1,163840,31280,20521,6735,10759,0.5398132316190978,0.7011411780784474,0.7528984443792193,0.6560421994884911
1085,832,1472,0,1,262144,19354,15225,4474,4129,0.6389541715628673,0.7797096253808926,0.7728818721762526,0.7866590885605043
1086,832,1472,64,0,262144,39037,34035,17819,5002,0.5986175601519629,0.7489190348879426,0.6563620935704092,0.8718651535722519
1087,832,1472,128,1,163840,31051,21992,3402,9059,0.6383188691841059,0.7792364248383382,0.8660313459872411,0.7082541625068436
1088,832,1536,0,1,262144,46602,38984,6010,7618,0.7409716414506197,0.8512162103148609,0.8664266346623994,0.8365306210033904
1089,832,1536,64,0,262144,46974,44534,12181,2440,0.7528357704336066,0.8589917927649028,0.7852243674512915,0.9480563716098267
1090,832,1536,128,1,163840,19579,14010,5615,5569,0.556084782090974,0.7147229874502602,0.7138853503184713,0.7155625925736758
1091,832,1600,0,1,262144,0,0,0,0,0.0,0.0,0.0,0.0
1092,832,1600,64,0,262144,0,0,0,0,0.0,0.0,0.0,0.0
1093,832,1600,128,1,163840,12153,5830,2124,6323,0.40834909294669747,0.579897548117571,0.7329645461403068,0.47971694231876905
1094,832,1664,0,1,262144,0,0,0,0,0.0,0.0,0.0,0.0
1095,832,1664,64,0,262144,6968,18,168,6950,0.002522421524663677,0.005032149846239866,0.0967741935483871,0.0025832376578645237
1096,832,1664,128,1,163840,538,0,0,538,0.0,0.0,0.0,0.0
1097,832,1728,0,1,262144,6143,5432,562,711,0.8101416853094705,0.8951141138666886,0.9062395729062396,0.8842585056161485
1098,832,1728,64,0,262144,28238,16483,3551,11755,0.5185126930699299,0.6829217765992708,0.8227513227513228,0.5837169771230257
1099,832,1728,128,1,163840,9360,4296,2506,5064,0.36204281139389854,0.5316173740873654,0.631578947368421,0.45897435897435895
1100,832,1792,0,1,262144,43370,29462,6234,13908,0.5939440367712281,0.7452508031265019,0.8253585835948005,0.6793175005764354
1101,832,1792,64,0,262144,35729,18807,2925,16922,0.48654731722460803,0.6546005116513809,0.8654058531198233,0.5263791317976994
1102,832,1792,128,1,163840,12269,4423,506,7846,0.34622309197651663,0.5143621351319921,0.8973422600933252,0.3605020784089983
1103,832,1856,0,1,262144,8236,4021,1975,4215,0.3937910096954265,0.5650646430578977,0.6706137424949966,0.48822243807673626
1104,832,1856,64,0,262144,1018,0,0,1018,0.0,0.0,0.0,0.0
1105,832,1856,128,1,163840,5623,21,1,5602,0.0037339971550497866,0.007440212577502214,0.9545454545454546,0.003734661212875689
1106,832,1920,0,1,262144,1550,30,217,1520,0.01697792869269949,0.0333889816360601,0.1214574898785425,0.01935483870967742
1107,832,1920,64,0,262144,0,0,0,0,0.0,0.0,0.0,0.0
1108,832,1920,128,1,163840,6261,0,0,6261,0.0,0.0,0.0,0.0
1109,832,1984,0,1,262144,0,0,0,0,0.0,0.0,0.0,0.0
1110,832,1984,64,0,262144,0,0,0,0,0.0,0.0,0.0,0.0
1111,832,1984,128,1,163840,1063,0,0,1063,0.0,0.0,0.0,0.0
1112,832,2048,0,1,262144,11301,7951,15628,3350,0.29525790040476807,0.4559059633027523,0.3372068365918826,0.70356605610123
1113,832,2048,64,0,262144,10418,8059,12787,2359,0.34729584141348846,0.5155450358239508,0.38659694905497455,0.7735649836820887
1114,832,2048,128,1,163840,1913,1011,3023,902,0.20482171799027551,0.34000336304018836,0.2506197322756569,0.5284892838473602
1115,832,2112,0,1,262144,35508,27798,6125,7710,0.66769149472774,0.8007374227650473,0.8194440350204876,0.7828658330517066
1116,832,2112,64,0,262144,33203,19859,5619,13344,0.511539848539488,0.6768459978527973,0.7794567862469581,0.5981086046441587
1117,832,2112,128,1,163840,1520,546,910,974,0.22469135802469137,0.36693548387096775,0.375,0.3592105263157895
1118,832,2176,0,1,262144,0,0,0,0,0.0,0.0,0.0,0.0
1119,832,2176,64,0,262144,0,0,0,0,0.0,0.0,0.0,0.0
1120,832,2176,128,1,163840,0,0,0,0,0.0,0.0,0.0,0.0
1121,832,2240,0,1,262144,0,0,0,0,0.0,0.0,0.0,0.0
1122,832,2240,64,0,262144,0,0,0,0,0.0,0.0,0.0,0.0
1123,832,2240,128,1,163840,612,0,0,612,0.0,0.0,0.0,0.0
1124,832,2304,0,1,262144,0,0,0,0,0.0,0.0,0.0,0.0
1125,832,2304,64,0,262144,10262,5086,704,5176,0.4637971913186212,0.6336905058559681,0.8784110535405872,0.4956148898850127
1126,832,2304,128,1,163840,0,0,0,0,0.0,0.0,0.0,0.0
1127,832,2368,0,1,262144,0,0,0,0,0.0,0.0,0.0,0.0
1128,832,2368,64,0,262144,0,0,0,0,0.0,0.0,0.0,0.0
1129,832,2368,128,1,163840,0,0,0,0,0.0,0.0,0.0,0.0
1130,832,2432,0,1,262144,0,0,0,0,0.0,0.0,0.0,0.0
1131,832,2432,64,0,262144,0,0,0,0,0.0,0.0,0.0,0.0
1132,832,2432,128,1,163840,0,0,0,0,0.0,0.0,0.0,0.0
1133,832,2496,0,1,240064,0,0,0,0,0.0,0.0,0.0,0.0
1134,832,2496,64,0,262144,0,0,0,0,0.0,0.0,0.0,0.0
1135,832,2496,128,1,163840,0,0,0,0,0.0,0.0,0.0,0.0
1136,832,2560,0,1,92224,0,0,0,0,0.0,0.0,0.0,0.0
1137,832,2560,64,0,262144,0,0,0,0,0.0,0.0,0.0,0.0
1138,832,2560,128,1,163840,0,0,0,0,0.0,0.0,0.0,0.0
1139,832,2624,0,1,1664,0,0,0,0,0.0,0.0,0.0,0.0
1140,832,2624,64,0,177472,0,0,2179,0,0.0,0.0,0.0,0.0
1141,832,2624,128,1,163840,423,0,14,423,0.0,0.0,0.0,0.0
1142,832,2688,64,0,21184,0,0,0,0,0.0,0.0,0.0,0.0
1143,832,2688,128,1,150656,0,0,0,0,0.0,0.0,0.0,0.0
1144,832,2752,128,1,24704,0,0,114,0,0.0,0.0,0.0,0.0
1145,896,0,0,1,45414,0,0,0,0,0.0,0.0,0.0,0.0
1146,896,0,64,1,18896,0,0,0,0,0.0,0.0,0.0,0.0
1147,896,0,128,1,5480,0,0,0,0,0.0,0.0,0.0,0.0
1148,896,64,0,1,262144,17084,6926,14629,10158,0.21839624128906127,0.3584978907321618,0.3213175597309209,0.40540856942168113
1149,896,64,64,0,262144,9730,0,34,9730,0.0,0.0,0.0,0.0
1150,896,64,128,1,163202,35547,2802,192,32745,0.07840174599177369,0.14540359617031212,0.935871743486974,0.07882521731791713
1151,896,128,0,1,262144,40120,19731,14743,20389,0.3596412882999471,0.5290237820736252,0.5723443754713697,0.49179960119641075
1152,896,128,64,0,262144,45981,37565,30952,8416,0.48828201162050094,0.6561686667016018,0.5482580965307879,0.8169678780365803
1153,896,128,128,1,163840,38554,24966,7723,13588,0.5394904596235711,0.7008688572912426,0.7637431551898192,0.6475592675208798
1154,896,192,0,1,262144,286,30,3,256,0.10380622837370242,0.18808777429467086,0.9090909090909091,0.1048951048951049
1155,896,192,64,0,262144,49934,25214,21284,24720,0.3540397090623157,0.522938443670151,0.5422598821454686,0.5049465294188329
1156,896,192,128,1,163840,23093,6317,4407,16776,0.22970909090909092,0.373599077387113,0.5890525923162999,0.27354609621963366
1157,896,256,0,1,262144,0,0,0,0,0.0,0.0,0.0,0.0
1158,896,256,64,0,262144,12524,495,93,12029,0.03923278116826504,0.07550335570469799,0.8418367346938775,0.03952411370169275
1159,896,256,128,1,163840,29502,14443,9574,15059,0.36961306172586755,0.5397335525701152,0.6013656992963318,0.48956002982848623
1160,896,320,0,1,262144,0,0,0,0,0.0,0.0,0.0,0.0
1161,896,320,64,0,262144,0,0,0,0,0.0,0.0,0.0,0.0
1162,896,320,128,1,163840,0,0,0,0,0.0,0.0,0.0,0.0
1163,896,384,0,1,262144,0,0,203,0,0.0,0.0,0.0,0.0
1164,896,384,64,0,262144,0,0,0,0,0.0,0.0,0.0,0.0
1165,896,384,128,1,163840,0,0,0,0,0.0,0.0,0.0,0.0
1166,896,448,0,1,262144,14502,2930,267,11572,0.1983885164872368,0.3310921520989886,0.9164842039411949,0.2020410977796166
1167,896,448,64,0,262144,0,0,0,0,0.0,0.0,0.0,0.0
1168,896,448,128,1,163840,0,0,0,0,0.0,0.0,0.0,0.0
1169,896,512,0,1,262144,13772,9455,1616,4317,0.6144398232388875,0.7611802117296623,0.8540330593442327,0.6865379029915771
1170,896,512,64,0,262144,16400,7229,3775,9171,0.35831474597273855,0.5275872135454678,0.6569429298436932,0.44079268292682927
1171,896,512,128,1,163840,9170,5213,2906,3957,0.43168267638290825,0.6030423968997628,0.6420741470624461,0.568484187568157
1172,896,576,0,1,262144,34455,30551,13469,3904,0.6374885234955346,0.778617394074546,0.6940254429804634,0.8866927876940938
1173,896,576,64,0,262144,35508,26824,15145,8684,0.5295638955244507,0.6924377557210527,0.639138411684815,0.7554353948405993
1174,896,576,128,1,163840,19159,12608,9041,6551,0.4470921985815603,0.6179180552832778,0.5823825580858238,0.6580719244219427
1175,896,640,0,1,262144,20256,14712,7794,5544,0.5244919786096257,0.688087554370703,0.6536923487070114,0.726303317535545
1176,896,640,64,0,262144,37110,27967,26583,9143,0.4390906379036943,0.6102334715252018,0.5126856095325389,0.7536243600107788
1177,896,640,128,1,163840,19462,11075,8800,8387,0.3918689406269903,0.5630831024226555,0.5572327044025157,0.5690576508067002
1178,896,704,0,1,262144,13470,2946,1601,10524,0.19547475283657356,0.3270244768829439,0.6478997140972069,0.21870824053452115
1179,896,704,64,0,262144,19795,18126,19737,1669,0.4585146210664778,0.6287418918450172,0.4787259329688614,0.9156857792371811
1180,896,704,128,1,163840,30057,20590,8678,9467,0.5315606041048148,0.6941424357353561,0.7034987016536832,0.6850317729647004
1181,896,768,0,1,262144,34986,28099,13148,6887,0.5837661528233681,0.7371873073340942,0.6812374233277572,0.8031498313611158
1182,896,768,64,0,262144,11053,9682,2589,1371,0.7097199824072716,0.8302178014062768,0.7890147502241056,0.8759612774812268
1183,896,768,128,1,163840,6277,5705,2530,572,0.6477801748609061,0.7862458654906285,0.6927747419550698,0.9088736657638999
1184,896,832,0,1,262144,19449,14269,5775,5180,0.5656914050111005,0.7226090699617653,0.7118838555178607,0.7336623990950691
1185,896,832,64,0,262144,39278,16497,9053,22781,0.34133371955887526,0.5089467514037145,0.6456751467710372,0.420006110290748
1186,896,832,128,1,163840,7361,435,5424,6926,0.03402424716464607,0.06580937972768533,0.0742447516641065,0.05909523162613775
1187,896,896,0,1,262144,32269,20671,17010,11598,0.41946873921954586,0.5910221586847748,0.5485788593720974,0.6405838420775357
1188,896,896,64,0,262144,55788,36096,7294,19692,0.5722076028027012,0.7279033656657726,0.8318967504033188,0.6470208647020864
1189,896,896,128,1,163840,27327,8540,1350,18787,0.2977996303657984,0.4589300588440766,0.8634984833164813,0.31251143557653605
1190,896,960,0,1,262144,1011,806,6627,205,0.10552500654621629,0.19090478446234013,0.10843535584555361,0.7972304648862513
1191,896,960,64,0,262144,33117,22294,22380,10823,0.4017154080400742,0.5731768456505252,0.49903747145990957,0.6731889965878551
1192,896,960,128,1,163840,23292,12566,3860,10726,0.46280200353565115,0.6327609648018531,0.7650066967003532,0.5394985402713378
1193,896,1024,0,1,262144,8376,2724,279,5652,0.31473136915077987,0.4787766939098339,0.9070929070929071,0.32521489971346706
1194,896,1024,64,0,262144,20116,16897,12810,3219,0.5131810727084979,0.6782811151476226,0.5687885010266941,0.8399781268641877
1195,896,1024,128,1,163840,29369,18296,6641,11073,0.5080810885865038,0.6738113652266785,0.7336888960179653,0.6229697980864176
1196,896,1088,0,1,262144,42671,35597,3680,7074,0.7679877456797048,0.868770439791087,0.9063064898031927,0.8342199620351058
1197,896,1088,64,0,262144,13452,13130,3809,322,0.7606743525867563,0.8640716001447797,0.7751343054489639,0.9760630389533155
1198,896,1088,128,1,163840,0,0,0,0,0.0,0.0,0.0,0.0
1199,896,1152,0,1,262144,5300,4504,6145,796,0.39353429445172566,0.5648003009593078,0.42295051178514415,0.849811320754717
1200,896,1152,64,0,262144,29770,24955,3439,4815,0.7514529193893221,0.8580909153428238,0.8788828625766006,0.8382599932818273
1201,896,1152,128,1,163840,0,0,5805,0,0.0,0.0,0.0,0.0
1202,896,1216,0,1,262144,8430,8233,13459,197,0.3761249942893691,0.5466436491600823,0.3795408445509865,0.9766310794780546
1203,896,1216,64,0,262144,3094,2413,2373,681,0.4413755258825681,0.6124365482233503,0.5041788549937317,0.7798965740142211
1204,896,1216,128,1,163840,0,0,8108,0,0.0,0.0,0.0,0.0
1205,896,1280,0,1,262144,0,0,216,0,0.0,0.0,0.0,0.0
1206,896,1280,64,0,262144,16086,14960,18066,1126,0.4380416959475287,0.6092197426290927,0.4529764428026403,0.9300012433171702
1207,896,1280,128,1,163840,0,0,0,0,0.0,0.0,0.0,0.0
1208,896,1344,0,1,262144,0,0,0,0,0.0,0.0,0.0,0.0
1209,896,1344,64,0,262144,22211,21588,17358,623,0.5455786095175517,0.7059862321565806,0.5543059621013712,0.9719508351717617
1210,896,1344,128,1,163840,274,96,0,178,0.35036496350364965,0.518918918918919,1.0,0.35036496350364965
1211,896,1408,0,1,262144,0,0,0,0,0.0,0.0,0.0,0.0
1212,896,1408,64,0,262144,2370,933,655,1437,0.3084297520661157,0.4714502273875695,0.5875314861460957,0.39367088607594936
1213,896,1408,128,1,163840,21041,12177,3928,8864,0.4876847290640394,0.6556291390728477,0.7561005898789196,0.5787272468038591
1214,896,1472,0,1,262144,16876,13430,4718,3446,0.6219320181531907,0.766902695294655,0.7400264491955036,0.7958046930552264
1215,896,1472,64,0,262144,44830,37636,15291,7194,0.6260042248132932,0.7699908957926287,0.7110926370283598,0.8395271023867945
1216,896,1472,128,1,163840,46670,30808,3677,15862,0.6119133215484537,0.7592384942394184,0.8933739306945049,0.6601242768373687
1217,896,1536,0,1,262144,47450,39023,8562,8427,0.6966899950010712,0.8212342821065923,0.8200693495849533,0.8224025289778715
1218,896,1536,64,0,262144,45000,36994,8986,8006,0.6852517319305005,0.8132336777313696,0.8045672031317964,0.8220888888888889
1219,896,1536,128,1,163840,4729,4501,2025,228,0.6664198993189221,0.799822301199467,0.6897027275513331,0.9517868471135547
1220,896,1600,0,1,262144,316,6,0,310,0.0189873417721519,0.037267080745341616,1.0,0.0189873417721519
1221,896,1600,64,0,262144,299,237,28,62,0.7247706422018348,0.8404255319148937,0.8943396226415095,0.7926421404682275
1222,896,1600,128,1,163840,24197,22097,8052,2100,0.685199541071041,0.8131969234166267,0.7329264652227271,0.9132123817002108
1223,896,1664,0,1,262144,0,0,3662,0,0.0,0.0,0.0,0.0
1224,896,1664,64,0,262144,30017,2013,3769,28004,0.05958089149351802,0.11246124193413223,0.3481494292632307,0.06706199820101942
1225,896,1664,128,1,163840,2185,0,0,2185,0.0,0.0,0.0,0.0
1226,896,1728,0,1,262144,36812,33523,4794,3289,0.8057251357977215,0.892411718510828,0.8748858209149986,0.9106541345213517
1227,896,1728,64,0,262144,49179,38765,8490,10414,0.672198234753507,0.8039695543065724,0.8203364723309703,0.7882429492262958
1228,896,1728,128,1,163840,35862,22066,4567,13796,0.5457963343144773,0.7061684934794784,0.8285210077723125,0.6153031063521276
1229,896,1792,0,1,262144,33811,24964,5605,8847,0.6333468642175766,0.775520347934141,0.8166443128659754,0.738339593623377
1230,896,1792,64,0,262144,46733,41048,7971,5685,0.7503656039777713,0.8573815690533879,0.837389583630837,0.8783514861018981
1231,896,1792,128,1,163840,26902,13577,764,13325,0.49074676498228875,0.6583905147540189,0.9467261697231714,0.5046836666418854
1232,896,1856,0,1,262144,36468,26483,6466,9985,0.6168304839986957,0.7630119423196047,0.8037573219217579,0.7261983108478666
1233,896,1856,64,0,262144,11296,5556,823,5740,0.45845366779437247,0.6286845827439886,0.8709829126822386,0.4918555240793201
1234,896,1856,128,1,163840,2236,57,33,2179,0.0251211987659762,0.049011177987962166,0.6333333333333333,0.025491949910554562
1235,896,1920,0,1,262144,7742,5077,970,2665,0.5827594123048668,0.736384074262093,0.8395898792789813,0.6557737018858176
1236,896,1920,64,0,262144,22818,18682,2934,4136,0.7254582168375272,0.8408876085880181,0.8642672094744633,0.8187395915505303
1237,896,1920,128,1,163840,21684,9598,2058,12086,0.40426248841715107,0.5757648470305938,0.8234385724090597,0.4426305109758347
1238,896,1984,0,1,262144,10,0,0,10,0.0,0.0,0.0,0.0
1239,896,1984,64,0,262144,0,0,97,0,0.0,0.0,0.0,0.0
1240,896,1984,128,1,163840,11016,3537,4511,7479,0.22779674116055904,0.3710658833403273,0.43948807157057657,0.32107843137254904
1241,896,2048,0,1,262144,44226,34973,4908,9253,0.7117881711238654,0.8316311365284696,0.8769338782879065,0.7907791796680685
1242,896,2048,64,0,262144,35959,30096,7435,5863,0.6935521039775084,0.8190502109130494,0.8018970983986571,0.8369531966962374
1243,896,2048,128,1,163840,9880,3495,1157,6385,0.3166621364501223,0.4810074318744839,0.7512897678417885,0.35374493927125505
1244,896,2112,0,1,262144,42216,33745,8394,8471,0.6667654613712705,0.8000711279710746,0.8008021073115167,0.7993414819025961
1245,896,2112,64,0,262144,49865,43707,10776,6158,0.72074998763213,0.8377161038064936,0.8022135344969991,0.8765065677328788
1246,896,2112,128,1,163840,46155,15158,1714,30997,0.3166558733209384,0.48100020626080886,0.8984115694642011,0.32841512295525943
1247,896,2176,0,1,262144,0,0,0,0,0.0,0.0,0.0,0.0
1248,896,2176,64,0,262144,6050,670,1249,5380,0.09179339635566516,0.16815158740117958,0.3491401771756123,0.11074380165289256
1249,896,2176,128,1,163840,10560,9550,4251,1010,0.6447910336911755,0.7840400640367801,0.6919788421128904,0.9043560606060606
1250,896,2240,0,1,262144,2765,106,72,2659,0.037363412054987666,0.07203533809038397,0.5955056179775281,0.03833634719710669
1251,896,2240,64,0,262144,0,0,0,0,0.0,0.0,0.0,0.0
1252,896,2240,128,1,163840,17159,11554,2608,5605,0.5845095360955127,0.7377797643753392,0.8158452196017512,0.6733492627775511
1253,896,2304,0,1,262144,4055,3449,8706,606,0.27027662408902126,0.4255397902529303,0.283751542575072,0.8505548705302096
1254,896,2304,64,0,262144,32134,28504,5424,3630,0.7589328505245221,0.8629469286427901,0.8401320443291677,0.8870355386817701
1255,896,2304,128,1,163840,0,0,0,0,0.0,0.0,0.0,0.0
1256,896,2368,0,1,262144,0,0,0,0,0.0,0.0,0.0,0.0
1257,896,2368,64,0,262144,0,0,0,0,0.0,0.0,0.0,0.0
1258,896,2368,128,1,163840,0,0,0,0,0.0,0.0,0.0,0.0
1259,896,2432,0,1,262144,961,161,4,800,0.16683937823834197,0.28596802841918295,0.9757575757575757,0.1675338189386056
1260,896,2432,64,0,262144,0,0,0,0,0.0,0.0,0.0,0.0
1261,896,2432,128,1,163840,0,0,0,0,0.0,0.0,0.0,0.0
1262,896,2496,0,1,240064,1610,136,0,1474,0.084472049689441,0.15578465063001146,1.0,0.084472049689441
1263,896,2496,64,0,262144,0,0,0,0,0.0,0.0,0.0,0.0
1264,896,2496,128,1,163840,0,0,0,0,0.0,0.0,0.0,0.0
1265,896,2560,0,1,92224,0,0,0,0,0.0,0.0,0.0,0.0
1266,896,2560,64,0,262144,0,0,0,0,0.0,0.0,0.0,0.0
1267,896,2560,128,1,163840,733,0,0,733,0.0,0.0,0.0,0.0
1268,896,2624,0,1,1664,0,0,0,0,0.0,0.0,0.0,0.0
1269,896,2624,64,0,177472,0,0,20246,0,0.0,0.0,0.0,0.0
1270,896,2624,128,1,163840,15672,2,3783,15670,0.00010280133641737343,0.00020558153877781775,0.0005284015852047556,0.00012761613067891782
1271,896,2688,64,0,21184,0,0,0,0,0.0,0.0,0.0,0.0
1272,896,2688,128,1,150656,0,0,37,0,0.0,0.0,0.0,0.0
1273,896,2752,128,1,24704,0,0,1447,0,0.0,0.0,0.0,0.0
1274,960,0,0,1,80664,0,0,0,0,0.0,0.0,0.0,0.0
1275,960,0,64,1,60996,2358,0,0,2358,0.0,0.0,0.0,0.0
1276,960,0,128,1,33696,5307,0,0,5307,0.0,0.0,0.0,0.0
1277,960,64,0,1,262144,3828,3449,21013,379,0.13884304174550138,0.24383174266525273,0.14099419507808028,0.9009926854754441
1278,960,64,64,0,262144,10254,1199,141,9055,0.11534391534391535,0.20683111954459202,0.8947761194029851,0.11692997854495807
1279,960,64,128,1,163840,45685,16692,1981,28993,0.35018671589812445,0.518723391031418,0.8939109944840143,0.36537156615957095
1280,960,128,0,1,262144,28226,20284,10311,7942,0.5263512987518488,0.6896856564832288,0.6629841477365582,0.7186282151208107
1281,960,128,64,0,262144,26722,11348,35164,15374,0.18336942119380797,0.3099106972171396,0.24398004815961472,0.4246688122146546
1282,960,128,128,1,163840,27728,11889,763,15839,0.4172896704222386,0.5888558692421991,0.939693329117926,0.4287723600692441
1283,960,192,0,1,262144,0,0,779,0,0.0,0.0,0.0,0.0
1284,960,192,64,0,262144,33786,24035,25297,9751,0.4068006025421864,0.5783344161312832,0.48720911375983134,0.7113893328597644
1285,960,192,128,1,163840,30688,4548,1891,26140,0.1395991282728138,0.24499690252376977,0.7063208572759745,0.14820125130344108
1286,960,256,0,1,262144,0,0,0,0,0.0,0.0,0.0,0.0
1287,960,256,64,0,262144,254,254,4329,0,0.05542221252454724,0.1050237750671904,0.05542221252454724,1.0
1288,960,256,128,1,163840,24142,10228,17316,13914,0.24670751121617057,0.39577448438648766,0.3713331397037467,0.4236600115980449
1289,960,320,0,1,262144,0,0,39,0,0.0,0.0,0.0,0.0
1290,960,320,64,0,262144,0,0,774,0,0.0,0.0,0.0,0.0
1291,960,320,128,1,163840,0,0,0,0,0.0,0.0,0.0,0.0
1292,960,384,0,1,262144,0,0,0,0,0.0,0.0,0.0,0.0
1293,960,384,64,0,262144,0,0,0,0,0.0,0.0,0.0,0.0
1294,960,384,128,1,163840,0,0,0,0,0.0,0.0,0.0,0.0
1295,960,448,0,1,262144,127,0,0,127,0.0,0.0,0.0,0.0
1296,960,448,64,0,262144,0,0,0,0,0.0,0.0,0.0,0.0
1297,960,448,128,1,163840,0,0,0,0,0.0,0.0,0.0,0.0
1298,960,512,0,1,262144,3185,31,0,3154,0.009733124018838305,0.01927860696517413,1.0,0.009733124018838305
1299,960,512,64,0,262144,14504,1252,850,13252,0.08154226911553993,0.15078887149223172,0.5956232159847764,0.08632101489244347
1300,960,512,128,1,163840,21786,13029,4474,8757,0.49615384615384617,0.6632390745501285,0.7443866765697309,0.5980446158083172
1301,960,576,0,1,262144,36751,31594,12966,5157,0.6354767986805319,0.7771150274870559,0.7090215439856373,0.8596772876928519
1302,960,576,64,0,262144,18036,14488,10138,3548,0.5142329807624051,0.6791992874220618,0.5883212864452205,0.803282324240408
1303,960,576,128,1,163840,7080,3621,1089,3459,0.44326110907087773,0.6142493638676845,0.7687898089171975,0.5114406779661017
1304,960,640,0,1,262144,51190,34888,15110,16302,0.5262141779788838,0.689567932956477,0.6977879115164607,0.6815393631568666
1305,960,640,64,0,262144,37872,23928,25600,13944,0.3769851273002269,0.5475514874141877,0.48312065902115975,0.6318124207858048
1306,960,640,128,1,163840,11335,8420,3778,2915,0.5571362403229008,0.7155908723919602,0.6902770946056731,0.7428319364799294
1307,960,704,0,1,262144,27,19,3753,8,0.0050264550264550265,0.010002632271650434,0.00503711558854719,0.7037037037037037
1308,960,704,64,0,262144,33909,30202,24735,3707,0.5150057976945638,0.6798730387411926,0.5497569943753754,0.8906779910938099
1309,960,704,128,1,163840,26144,12721,4564,13423,0.4142568711736355,0.5858297451011997,0.7359560312409603,0.48657435740514077
1310,960,768,0,1,262144,33956,21610,13016,12346,0.4600613131227114,0.6301945116794494,0.6240974989891989,0.6364118270703263
1311,960,768,64,0,262144,17108,9420,6407,7688,0.40059536466085477,0.5720358281463489,0.5951854425980919,0.5506195931727846
1312,960,768,128,1,163840,17897,13240,6721,4657,0.5378178568527094,0.6994558613767236,0.6632934221732378,0.739788791417556
1313,960,832,0,1,262144,60928,41832,10625,19096,0.5846295752798625,0.737875380341315,0.797453152105534,0.6865808823529411
1314,960,832,64,0,262144,48663,33910,17875,14753,0.50963359283417,0.6751752150366359,0.6548228251424157,0.6968333230585866
1315,960,832,128,1,163840,16690,127,3,16563,0.0076079793925597555,0.015101070154577883,0.9769230769230769,0.007609346914319952
1316,960,896,0,1,262144,45654,22518,13632,23136,0.3798198562898492,0.550535426140531,0.6229045643153527,0.49323169930345645
1317,960,896,64,0,262144,53558,39651,12500,13907,0.6002452390323655,0.7501915636322357,0.7603114034246706,0.7403375779528735
1318,960,896,128,1,163840,31573,14447,8085,17126,0.3642896767360936,0.5340356713797246,0.6411769927214628,0.45757450986602477
1319,960,960,0,1,262144,2955,123,191,2832,0.039097266369993645,0.07525237075558275,0.39171974522292996,0.0416243654822335
1320,960,960,64,0,262144,41417,33047,20134,8370,0.5369043557375185,0.698682847417493,0.6214061412910626,0.7979090711543569
1321,960,960,128,1,163840,33853,11688,4506,22165,0.30470033108266636,0.46708094391272204,0.7217487958503149,0.34525743656396773
1322,960,1024,0,1,262144,12156,2019,3021,10137,0.13303024313105358,0.23482205163991626,0.4005952380952381,0.1660908193484699
1323,960,1024,64,0,262144,2590,2498,2863,92,0.45809646066385473,0.6283486353917747,0.4659578436858795,0.9644787644787645
1324,960,1024,128,1,163840,22890,7138,6623,15752,0.24185951953376478,0.3895118823497313,0.5187123028849647,0.31183923110528616
1325,960,1088,0,1,262144,44994,29034,5821,15960,0.5713667224244809,0.7272226327192576,0.8329938315880074,0.6452860381384184
1326,960,1088,64,0,262144,40361,33950,9305,6411,0.6835662223654009,0.8120455415231534,0.7848803606519478,0.8411585441391443
1327,960,1088,128,1,163840,0,0,4,0,0.0,0.0,0.0,0.0
1328,960,1152,0,1,262144,9237,8746,13080,491,0.3918985526728503,0.5631136722145318,0.40071474388344175,0.9468442134892281
1329,960,1152,64,0,262144,3021,2611,4041,410,0.36972529028603796,0.5398531996278301,0.3925135297654841,0.8642833498841443
1330,960,1152,128,1,163840,0,0,1013,0,0.0,0.0,0.0,0.0
1331,960,1216,0,1,262144,8204,7614,6422,590,0.5205797894161083,0.6847122302158274,0.542462239954403,0.9280838615309605
1332,960,1216,64,0,262144,11160,9670,8399,1490,0.4944015542716908,0.661671627493243,0.5351707344069954,0.8664874551971327
1333,960,1216,128,1,163840,0,0,0,0,0.0,0.0,0.0,0.0
1334,960,1280,0,1,262144,0,0,0,0,0.0,0.0,0.0,0.0
1335,960,1280,64,0,262144,18649,11870,12042,6779,0.3867583330618097,0.5577876459669651,0.4964034794245567,0.6364952544372352
1336,960,1280,128,1,163840,0,0,0,0,0.0,0.0,0.0,0.0
1337,960,1344,0,1,262144,0,0,0,0,0.0,0.0,0.0,0.0
1338,960,1344,64,0,262144,17400,16176,16778,1224,0.4732869097079993,0.6424911625690114,0.4908660557140256,0.9296551724137931
1339,960,1344,128,1,163840,5099,4621,2398,478,0.6163798852874484,0.7626671067832975,0.6583558911525859,0.906256128652677
1340,960,1408,0,1,262144,0,0,0,0,0.0,0.0,0.0,0.0
1341,960,1408,64,0,262144,0,0,84,0,0.0,0.0,0.0,0.0
1342,960,1408,128,1,163840,15447,10009,4336,5438,0.5059394429560734,0.6719253490870032,0.6977344022307425,0.647957532206901
1343,960,1472,0,1,262144,10020,9588,2756,432,0.7504696305572949,0.857449472366303,0.7767336357744653,0.9568862275449102
1344,960,1472,64,0,262144,44322,37960,14032,6362,0.6505123898961511,0.7882550823348631,0.7301123249730728,0.856459546049366
1345,960,1472,128,1,163840,49648,23355,4212,26293,0.4336242109171927,0.6049342744285436,0.8472086190009794,0.47041169835642926
1346,960,1536,0,1,262144,41251,32927,13329,8324,0.6032795895932576,0.7525569383020787,0.7118427879626427,0.7982109524617585
1347,960,1536,64,0,262144,34767,30141,12411,4626,0.6388782907287295,0.7796531253637528,0.7083333333333334,0.8669427905772715
1348,960,1536,128,1,163840,224,11,44,213,0.041044776119402986,0.07885304659498207,0.2,0.049107142857142856
1349,960,1600,0,1,262144,13102,10861,5411,2241,0.5866688273105385,0.7394975148090148,0.6674655850540806,0.8289574110822775
1350,960,1600,64,0,262144,11284,9515,3200,1769,0.6569317867992267,0.79294970623776,0.7483287455760912,0.8432293512938674
1351,960,1600,128,1,163840,27513,23199,8490,4314,0.6443629697525206,0.7837235228539576,0.7320836883461138,0.8432013957038491
1352,960,1664,0,1,262144,0,0,4368,0,0.0,0.0,0.0,0.0
1353,960,1664,64,0,262144,38485,2879,4519,35606,0.06694726071993302,0.12549310202035613,0.38915923222492566,0.07480836689619332
1354,960,1664,128,1,163840,4046,703,797,3343,0.14515795994218458,0.25351604760187524,0.4686666666666667,0.17375185368264953
1355,960,1728,0,1,262144,45851,34402,8917,11449,0.6281405200116856,0.7716047998205675,0.7941549897273713,0.7502998844081917
1356,960,1728,64,0,262144,49048,37480,16055,11568,0.5757031165998495,0.7307253638517103,0.7001027365275053,0.7641494046648182
1357,960,1728,128,1,163840,40553,14698,4305,25855,0.3276561594364439,0.4935858687621734,0.7734568226069568,0.3624392769955367
1358,960,1792,0,1,262144,53553,33826,10303,19727,0.5297231270358306,0.6925738621240352,0.7665254141267647,0.6316359494332717
1359,960,1792,64,0,262144,44019,41886,10828,2133,0.7636880777435411,0.8660126327106572,0.794589672572751,0.9515436516049888
1360,960,1792,128,1,163840,28718,16087,1993,12631,0.5238188271303442,0.6875080131629557,0.8897676991150443,0.5601713211226409
1361,960,1856,0,1,262144,44957,36323,6337,8634,0.7081335048933598,0.8291313329604986,0.8514533520862635,0.8079498187156616
1362,960,1856,64,0,262144,22209,16158,1818,6051,0.6724934448745161,0.804180664427025,0.8988651535380507,0.727542888018371
1363,960,1856,128,1,163840,0,0,0,0,0.0,0.0,0.0,0.0
1364,960,1920,0,1,262144,31426,20380,3405,11046,0.5851109643708191,0.7382586803354404,0.856842547824259,0.6485076051676956
1365,960,1920,64,0,262144,45727,39352,9649,6375,0.7106327650967929,0.8308419896968161,0.8030856513132385,0.8605856496162005
1366,960,1920,128,1,163840,29074,16630,6818,12444,0.46333444778780786,0.6332584440805757,0.7092289321050836,0.5719887184425948
1367,960,1984,0,1,262144,12723,9599,713,3124,0.7144239356951474,0.8334273930974604,0.9308572536850271,0.7544604260001572
1368,960,1984,64,0,262144,2620,0,136,2620,0.0,0.0,0.0,0.0
1369,960,1984,128,1,163840,31851,14014,11488,17837,0.3233577147603775,0.48869283210991576,0.5495255274096149,0.4399861856770588
1370,960,2048,0,1,262144,31921,25632,8146,6289,0.6397284548381461,0.7802858490996819,0.7588371129137308,0.8029823627079352
1371,960,2048,64,0,262144,41428,31988,16421,9440,0.5529568359003613,0.7121341986041386,0.660786217438906,0.7721347880660423
1372,960,2048,128,1,163840,27665,4532,4924,23133,0.13906532879192365,0.2441744565070984,0.4792724196277496,0.16381709741550696
1373,960,2112,0,1,262144,42795,34795,6501,8000,0.7058382018825057,0.8275558621017707,0.8425755521115846,0.813062273630097
1374,960,2112,64,0,262144,51108,41674,13433,9434,0.6456980833888536,0.7847102574965871,0.7562378645181193,0.8154105032480238
1375,960,2112,128,1,163840,55099,21201,6520,33898,0.3440659536831172,0.5119777831441681,0.764799249666318,0.38478012305123505
1376,960,2176,0,1,262144,0,0,0,0,0.0,0.0,0.0,0.0
1377,960,2176,64,0,262144,1364,190,520,1174,0.10084925690021232,0.18322082931533268,0.2676056338028169,0.13929618768328444
1378,960,2176,128,1,163840,26473,20958,8319,5515,0.6023798574384917,0.7518565022421525,0.7158520340198791,0.7916745363200242
1379,960,2240,0,1,262144,20961,12329,2624,8632,0.5227475090099639,0.6865846188116055,0.824516819367351,0.5881875864701112
1380,960,2240,64,0,262144,5074,4222,785,852,0.7206007851169142,0.8376153159408789,0.8432194927102057,0.8320851399290501
1381,960,2240,128,1,163840,5524,3298,1810,2226,0.4496863921461685,0.6203912716328066,0.6456538762725137,0.5970311368573498
1382,960,2304,0,1,262144,20074,18288,5823,1786,0.7061821832644708,0.8277922371845648,0.7584919746173946,0.9110291919896384
1383,960,2304,64,0,262144,36882,33828,4811,3054,0.8113592209723455,0.8958567815574476,0.8754884960790911,0.9171953798600944
1384,960,2304,128,1,163840,132,5,5,127,0.0364963503649635,0.07042253521126761,0.5,0.03787878787878788
1385,960,2368,0,1,262144,0,0,0,0,0.0,0.0,0.0,0.0
1386,960,2368,64,0,262144,0,0,0,0,0.0,0.0,0.0,0.0
1387,960,2368,128,1,163840,0,0,0,0,0.0,0.0,0.0,0.0
1388,960,2432,0,1,262144,14930,2977,2,11953,0.19937047950709885,0.3324585403986822,0.9993286337697214,0.19939718687206967
1389,960,2432,64,0,262144,0,0,0,0,0.0,0.0,0.0,0.0
1390,960,2432,128,1,163840,0,0,0,0,0.0,0.0,0.0,0.0
1391,960,2496,0,1,240064,5209,2591,636,2618,0.44328485885372115,0.6142721669037459,0.8029129222187791,0.4974083317335381
1392,960,2496,64,0,262144,0,0,0,0,0.0,0.0,0.0,0.0
1393,960,2496,128,1,163840,0,0,0,0,0.0,0.0,0.0,0.0
1394,960,2560,0,1,92224,0,0,0,0,0.0,0.0,0.0,0.0
1395,960,2560,64,0,262144,0,0,0,0,0.0,0.0,0.0,0.0
1396,960,2560,128,1,163840,5971,0,0,5971,0.0,0.0,0.0,0.0
1397,960,2624,0,1,1664,0,0,0,0,0.0,0.0,0.0,0.0
1398,960,2624,64,0,177472,0,0,11659,0,0.0,0.0,0.0,0.0
1399,960,2624,128,1,163840,19492,1232,2386,18260,0.05631227717341622,0.10662051060147122,0.34051962410171366,0.06320541760722348
1400,960,2688,64,0,21184,0,0,0,0,0.0,0.0,0.0,0.0
1401,960,2688,128,1,150656,0,0,890,0,0.0,0.0,0.0,0.0
1402,960,2752,128,1,24704,0,0,0,0,0.0,0.0,0.0,0.0
1403,1024,0,0,1,121224,0,0,0,0,0.0,0.0,0.0,0.0
1404,1024,0,64,1,108977,0,0,0,0,0.0,0.0,0.0,0.0
1405,1024,0,128,1,67596,0,0,0,0,0.0,0.0,0.0,0.0
1406,1024,64,0,1,262144,425,351,14000,74,0.02433275563258232,0.04750947482403898,0.024458225907602257,0.8258823529411765
1407,1024,64,64,0,262144,6083,3440,4265,2643,0.33243138770776964,0.49898462431099505,0.4464633354964309,0.5655104389281604
1408,1024,64,128,1,163840,20917,8658,4409,12259,0.34186211798152094,0.5095338983050848,0.6625851381342313,0.4139216904909882
1409,1024,128,0,1,262144,15693,5522,45355,10171,0.09045341370724676,0.1659005558059186,0.10853627375827977,0.35187663289364685
1410,1024,128,64,0,262144,14984,10349,46727,4635,0.16770105815818898,0.287232861504302,0.18131964398346065,0.6906700480512546
1411,1024,128,128,1,163840,26620,8131,2685,18489,0.27746118409827675,0.43439470028849236,0.7517566568047337,0.3054470323065364
1412,1024,192,0,1,262144,34,0,9905,34,0.0,0.0,0.0,0.0
1413,1024,192,64,0,262144,34676,16569,39144,18107,0.22445136819290165,0.3666154067419708,0.29739917075009425,0.47782327834813704
1414,1024,192,128,1,163840,28344,15244,8740,13100,0.41106676733901415,0.5826326249808897,0.6355903935957304,0.5378210556025966
1415,1024,256,0,1,262144,0,0,0,0,0.0,0.0,0.0,0.0
1416,1024,256,64,0,262144,6110,2430,3389,3680,0.2558164017264975,0.40741051219716656,0.41759752534799793,0.397708674304419
1417,1024,256,128,1,163840,23830,16594,18012,7236,0.3965871612255628,0.5679375727291396,0.4795122233138762,0.6963491397398237
1418,1024,320,0,1,262144,0,0,2,0,0.0,0.0,0.0,0.0
1419,1024,320,64,0,262144,0,0,0,0,0.0,0.0,0.0,0.0
1420,1024,320,128,1,163840,0,0,0,0,0.0,0.0,0.0,0.0
1421,1024,384,0,1,262144,0,0,0,0,0.0,0.0,0.0,0.0
1422,1024,384,64,0,262144,0,0,0,0,0.0,0.0,0.0,0.0
1423,1024,384,128,1,163840,0,0,0,0,0.0,0.0,0.0,0.0
1424,1024,448,0,1,262144,0,0,0,0,0.0,0.0,0.0,0.0
1425,1024,448,64,0,262144,47,0,0,47,0.0,0.0,0.0,0.0
1426,1024,448,128,1,163840,0,0,0,0,0.0,0.0,0.0,0.0
1427,1024,512,0,1,262144,0,0,3714,0,0.0,0.0,0.0,0.0
1428,1024,512,64,0,262144,2738,0,0,2738,0.0,0.0,0.0,0.0
1429,1024,512,128,1,163840,19624,4397,9622,15227,0.15034534637215347,0.26139167137294533,0.3136457664598046,0.2240623726049735
1430,1024,576,0,1,262144,27077,21174,18580,5903,0.4637624022603325,0.6336580329487812,0.5326256477335614,0.7819920966133619
1431,1024,576,64,0,262144,28,27,3661,1,0.007319056654920032,0.014531754574811625,0.007321041214750542,0.9642857142857143
1432,1024,576,128,1,163840,52,0,0,52,0.0,0.0,0.0,0.0
1433,1024,640,0,1,262144,58593,35223,16922,23370,0.4664371316956896,0.6361501923458975,0.6754818295138556,0.601146894680252
1434,1024,640,64,0,262144,47203,35496,32322,11707,0.4463502043382584,0.6172090313942671,0.5234008670264532,0.751986102578226
1435,1024,640,128,1,163840,2769,628,590,2141,0.18696040488240548,0.31502382743917734,0.5155993431855501,0.22679667750090285
1436,1024,704,0,1,262144,6800,5844,2966,956,0.5984026213393405,0.748750800768738,0.6633371169125993,0.8594117647058823
1437,1024,704,64,0,262144,42266,33669,23431,8597,0.5124891547559249,0.6776764688122698,0.5896497373029772,0.7965977381346709
1438,1024,704,128,1,163840,24652,11344,5242,13308,0.37947414196828794,0.5501721712983171,0.6839503195466056,0.460165503813078
1439,1024,768,0,1,262144,28180,1,337,28179,3.506680225830207e-05,7.01311452416018e-05,0.0029585798816568047,3.5486160397445e-05
1440,1024,768,64,0,262144,5137,2396,1802,2741,0.34529471105346593,0.5133369041242635,0.5707479752262983,0.4664200895464279
1441,1024,768,128,1,163840,27316,15375,6690,11941,0.4521260953949303,0.6227091391425852,0.6968048946295038,0.5628569336652511
1442,1024,832,0,1,262144,51860,35340,7100,16520,0.5993894165535957,0.7495227995758218,0.8327049952874647,0.6814500578480525
1443,1024,832,64,0,262144,50131,29805,11859,20326,0.4808033553799,0.6493817746064601,0.7153657834101382,0.5945422991761584
1444,1024,832,128,1,163840,15892,4334,2279,11558,0.23851191458918056,0.38515885358809154,0.6553757749886587,0.27271583186508935
1445,1024,896,0,1,262144,38525,25909,11031,12616,0.522822665267576,0.6866494401378123,0.7013806172171089,0.6725243348475016
1446,1024,896,64,0,262144,47079,35099,10058,11980,0.6142954652851917,0.7610694305910924,0.7772659831255397,0.7455341022536588
1447,1024,896,128,1,163840,33133,6979,2230,26154,0.19735316573820094,0.3296490482263474,0.7578455858399392,0.21063592189056227
1448,1024,960,0,1,262144,12509,5222,2508,7287,0.3477392288739429,0.5160334008597263,0.6755498059508409,0.4174594292109681
1449,1024,960,64,0,262144,28374,22651,23623,5723,0.43562128584341403,0.606874933018969,0.4894973419198686,0.7983012617184747
1450,1024,960,128,1,163840,34755,6811,2707,27944,0.1818109017137366,0.3076818828631446,0.7155915108216012,0.1959718026183283
1451,1024,1024,0,1,262144,5081,2733,18165,2348,0.11756861395508905,0.21040070826436738,0.13077806488659202,0.5378862428655776
1452,1024,1024,64,0,262144,0,0,0,0,0.0,0.0,0.0,0.0
1453,1024,1024,128,1,163840,4701,1680,1414,3021,0.2747342600163532,0.4310455420141116,0.5429864253393665,0.3573707721761327
1454,1024,1088,0,1,262144,42507,26333,8765,16174,0.5135941644562334,0.6786418400876232,0.7502706706934869,0.619497965041052
1455,1024,1088,64,0,262144,42956,26760,10078,16196,0.5045819662857789,0.6707271223400255,0.7264238015093111,0.6229630319396592
1456,1024,1088,128,1,163840,0,0,26,0,0.0,0.0,0.0,0.0
1457,1024,1152,0,1,262144,15421,12848,9174,2573,0.5223825980890425,0.6862697967577385,0.5834165834165834,0.8331496011931782
1458,1024,1152,64,0,262144,298,298,1174,0,0.20244565217391305,0.3367231638418079,0.20244565217391305,1.0
1459,1024,1152,128,1,163840,0,0,0,0,0.0,0.0,0.0,0.0
1460,1024,1216,0,1,262144,1854,1851,1183,3,0.6094830424761277,0.7573649754500819,0.6100856954515491,0.9983818770226537
1461,1024,1216,64,0,262144,18948,17726,14374,1222,0.5319608666946762,0.6944836232565429,0.5522118380062305,0.9355077052987123
1462,1024,1216,128,1,163840,0,0,0,0,0.0,0.0,0.0,0.0
1463,1024,1280,0,1,262144,0,0,0,0,0.0,0.0,0.0,0.0
1464,1024,1280,64,0,262144,20262,18357,14306,1905,0.5310402684563759,0.6936986301369863,0.5620120625784527,0.9059816405093278
1465,1024,1280,128,1,163840,0,0,2,0,0.0,0.0,0.0,0.0
1466,1024,1344,0,1,262144,0,0,0,0,0.0,0.0,0.0,0.0
1467,1024,1344,64,0,262144,8332,7528,3735,804,0.6238501698848098,0.7683592753253381,0.6683832016336677,0.9035045607297167
1468,1024,1344,128,1,163840,12959,2418,1695,10541,0.165006141667804,0.28327085285848175,0.587892049598833,0.18658847133266457
1469,1024,1408,0,1,262144,0,0,0,0,0.0,0.0,0.0,0.0
1470,1024,1408,64,0,262144,0,0,0,0,0.0,0.0,0.0,0.0
1471,1024,1408,128,1,163840,6153,753,259,5400,0.11743605739238927,0.2101884159106769,0.7440711462450593,0.12237932715748416
1472,1024,1472,0,1,262144,663,663,431,0,0.6060329067641682,0.7546955036994878,0.6060329067641682,1.0
1473,1024,1472,64,0,262144,14563,13510,8756,1053,0.579355890046743,0.7336609736892123,0.6067546932542891,0.9276934697521115
1474,1024,1472,128,1,163840,41293,21628,3911,19665,0.47845323422705954,0.6472348575532679,0.8468616625553076,0.5237691618434117
1475,1024,1536,0,1,262144,25996,16644,8417,9352,0.4836544329177927,0.6519772019507609,0.6641394996209249,0.6402523465148484
1476,1024,1536,64,0,262144,35290,30616,12749,4674,0.6373155144778201,0.7784883351344479,0.7060071486221607,0.8675545480306036
1477,1024,1536,128,1,163840,7099,2236,246,4863,0.30442477876106194,0.46675712347354137,0.9008863819500403,0.3149739399915481
1478,1024,1600,0,1,262144,36832,30661,12067,6171,0.6270271375692754,0.7707642031171443,0.7175856581164576,0.8324554735013032
1479,1024,1600,64,0,262144,42396,36849,13608,5547,0.6579708592243411,0.7937061807372945,0.7303050121885962,0.869162185111803
1480,1024,1600,128,1,163840,16784,14843,3070,1941,0.7476075350055404,0.8555782920713606,0.8286160888740022,0.8843541468064824
1481,1024,1664,0,1,262144,5608,4972,2394,636,0.6213446638340415,0.7664559889008786,0.6749932120553896,0.8865905848787446
1482,1024,1664,64,0,262144,32320,26291,5299,6029,0.6988755681969218,0.822750743232671,0.8322570433681544,0.8134591584158416
1483,1024,1664,128,1,163840,22923,9057,3186,13866,0.346891876364472,0.5150998123187169,0.7397696642979662,0.39510535270252584
1484,1024,1728,0,1,262144,47243,25606,2721,21637,0.5124889920742934,0.6776763265846235,0.9039432343700357,0.5420062231441695
1485,1024,1728,64,0,262144,54582,44397,8921,10185,0.6991323244571123,0.8229286376274328,0.8326831464045913,0.8134000219852698
1486,1024,1728,128,1,163840,30602,15511,2581,15091,0.46743814603863426,0.6370805438041648,0.8573402608887907,0.5068622965819227
1487,1024,1792,0,1,262144,63465,37865,6751,25600,0.5392645550871596,0.7006781950574107,0.848686569840416,0.5966280627117309
1488,1024,1792,64,0,262144,13636,11775,4218,1861,0.65951607482917,0.7948293901245401,0.7362596135809416,0.8635230272807275
1489,1024,1792,128,1,163840,23293,14027,5416,9266,0.48859242746177156,0.6564488955447398,0.7214421642750605,0.6021980852616666
1490,1024,1856,0,1,262144,32493,26773,5926,5720,0.6968687368229262,0.8213584488894343,0.8187712162451452,0.8239620841411996
1491,1024,1856,64,0,262144,20673,13096,1910,7577,0.5799052384537041,0.7341012920765716,0.8727175796348128,0.633483287379674
1492,1024,1856,128,1,163840,788,0,0,788,0.0,0.0,0.0,0.0
1493,1024,1920,0,1,262144,38267,31468,5458,6799,0.7196798170383076,0.8369928051813333,0.8521908682229323,0.8223273316434526
1494,1024,1920,64,0,262144,43660,36195,11395,7465,0.6574334756152937,0.7933150684931507,0.7605589409539819,0.8290196976637655
1495,1024,1920,128,1,163840,29799,16638,3025,13161,0.5068852059468681,0.6727588856091545,0.84615775822611,0.5583408839222793
1496,1024,1984,0,1,262144,42736,34520,4565,8216,0.7297942961036764,0.8437931582356608,0.8832032749136497,0.8077499064020965
1497,1024,1984,64,0,262144,15240,3489,1085,11751,0.21372128637059723,0.3521752296356112,0.7627896808045475,0.22893700787401575
1498,1024,1984,128,1,163840,44240,15097,7605,29143,0.29119490789854374,0.4510471751665621,0.6650074883270196,0.34125226039783
1499,1024,2048,0,1,262144,2199,1699,1161,500,0.5056547619047619,0.6716742439217237,0.5940559440559441,0.7726239199636198
1500,1024,2048,64,0,262144,42081,35241,21314,6840,0.5558955753608329,0.7145666896467822,0.6231279285651136,0.83745633421259
1501,1024,2048,128,1,163840,36714,13039,7426,23675,0.2954009968282737,0.45607653159376693,0.6371365746396286,0.35515062374026257
1502,1024,2112,0,1,262144,42661,33462,8433,9199,0.6549105570125651,0.7914754718766261,0.7987110633727175,0.7843697991139448
1503,1024,2112,64,0,262144,42169,38659,10319,3510,0.7365302545343697,0.8482780563265933,0.7893135693576708,0.9167634992530057
1504,1024,2112,128,1,163840,33592,21249,6728,12343,0.5270089285714286,0.6902499634556352,0.7595167458984166,0.6325613241247916
1505,1024,2176,0,1,262144,0,0,0,0,0.0,0.0,0.0,0.0
1506,1024,2176,64,0,262144,0,0,221,0,0.0,0.0,0.0,0.0
1507,1024,2176,128,1,163840,23059,15991,7219,7068,0.5281392430147301,0.6912187425706197,0.6889702714347264,0.6934819376382324
1508,1024,2240,0,1,262144,37102,29644,3893,7458,0.7231125747042322,0.8393097297526861,0.8839192533619584,0.7989865775429896
1509,1024,2240,64,0,262144,32162,30437,4568,1725,0.8286686632180779,0.9063081572796164,0.8695043565204971,0.9463652757913065
1510,1024,2240,128,1,163840,5523,4763,1075,760,0.7218854198241892,0.8384825279464836,0.815861596437136,0.8623936266521818
1511,1024,2304,0,1,262144,6769,6555,1742,214,0.7701797673598872,0.8701712465153325,0.7900445944317223,0.968385285862018
1512,1024,2304,64,0,262144,12562,11713,1883,849,0.8108688127379716,0.8955577643550731,0.8615033833480435,0.9324152205062888
1513,1024,2304,128,1,163840,0,0,790,0,0.0,0.0,0.0,0.0
1514,1024,2368,0,1,262144,0,0,0,0,0.0,0.0,0.0,0.0
1515,1024,2368,64,0,262144,0,0,0,0,0.0,0.0,0.0,0.0
1516,1024,2368,128,1,163840,0,0,0,0,0.0,0.0,0.0,0.0
1517,1024,2432,0,1,262144,27761,7523,384,20238,0.26729436844910287,0.42183469776830773,0.9514354369545972,0.27099167897410037
1518,1024,2432,64,0,262144,0,0,750,0,0.0,0.0,0.0,0.0
1519,1024,2432,128,1,163840,0,0,0,0,0.0,0.0,0.0,0.0
1520,1024,2496,0,1,240064,9127,2360,915,6767,0.2350129456283609,0.3805837768101919,0.7206106870229008,0.2585734633504985
1521,1024,2496,64,0,262144,5329,0,0,5329,0.0,0.0,0.0,0.0
1522,1024,2496,128,1,163840,0,0,0,0,0.0,0.0,0.0,0.0
1523,1024,2560,0,1,92224,0,0,0,0,0.0,0.0,0.0,0.0
1524,1024,2560,64,0,262144,0,0,0,0,0.0,0.0,0.0,0.0
1525,1024,2560,128,1,163840,11587,258,12,11329,0.022243296835934134,0.043518596609597705,0.9555555555555556,0.022266332959350998
1526,1024,2624,0,1,1664,0,0,0,0,0.0,0.0,0.0,0.0
1527,1024,2624,64,0,177472,0,0,0,0,0.0,0.0,0.0,0.0
1528,1024,2624,128,1,163840,14099,7950,581,6149,0.5415531335149864,0.7026071586389748,0.9318954401594186,0.5638697779984396
1529,1024,2688,64,0,21184,0,0,0,0,0.0,0.0,0.0,0.0
1530,1024,2688,128,1,150656,0,0,1880,0,0.0,0.0,0.0,0.0
1531,1024,2752,128,1,24704,0,0,0,0,0.0,0.0,0.0,0.0
1532,1088,0,0,1,164234,0,0,0,0,0.0,0.0,0.0,0.0
1533,1088,0,64,1,155091,0,0,0,0,0.0,0.0,0.0,0.0
1534,1088,0,128,1,100931,0,0,0,0,0.0,0.0,0.0,0.0
1535,1088,64,0,1,262144,0,0,33,0,0.0,0.0,0.0,0.0
1536,1088,64,64,0,262144,0,0,917,0,0.0,0.0,0.0,0.0
1537,1088,64,128,1,163840,0,0,0,0,0.0,0.0,0.0,0.0
1538,1088,128,0,1,262144,158,99,39849,59,0.002474566950783613,0.004936917169500823,0.0024782216881946532,0.6265822784810127
1539,1088,128,64,0,262144,851,455,40582,396,0.010981584727149857,0.021724598930481284,0.011087555133172503,0.5346650998824912
1540,1088,128,128,1,163840,21775,6156,5835,15619,0.2229626946758421,0.36462713972635197,0.5133850387790844,0.28270952927669346
1541,1088,192,0,1,262144,0,0,3102,0,0.0,0.0,0.0,0.0
1542,1088,192,64,0,262144,1408,32,39758,1376,0.0007773405237331779,0.0015534734695859022,0.0008042221663734606,0.022727272727272728
1543,1088,192,128,1,163840,8916,692,10743,8224,0.03520016277531919,0.06800648616775588,0.0605159597726279,0.07761327949753252
1544,1088,256,0,1,262144,0,0,0,0,0.0,0.0,0.0,0.0
1545,1088,256,64,0,262144,4463,949,510,3514,0.19083048461693142,0.320499831138129,0.6504455106237149,0.2126372395249832
1546,1088,256,128,1,163840,213,98,14456,115,0.006680755334378621,0.013272838084919076,0.006733544042874811,0.460093896713615
1547,1088,320,0,1,262144,0,0,0,0,0.0,0.0,0.0,0.0
1548,1088,320,64,0,262144,0,0,0,0,0.0,0.0,0.0,0.0
1549,1088,320,128,1,163840,0,0,0,0,0.0,0.0,0.0,0.0
1550,1088,384,0,1,262144,0,0,3420,0,0.0,0.0,0.0,0.0
1551,1088,384,64,0,262144,0,0,0,0,0.0,0.0,0.0,0.0
1552,1088,384,128,1,163840,0,0,0,0,0.0,0.0,0.0,0.0
1553,1088,448,0,1,262144,0,0,35,0,0.0,0.0,0.0,0.0
1554,1088,448,64,0,262144,0,0,420,0,0.0,0.0,0.0,0.0
1555,1088,448,128,1,163840,0,0,0,0,0.0,0.0,0.0,0.0
1556,1088,512,0,1,262144,0,0,0,0,0.0,0.0,0.0,0.0
1557,1088,512,64,0,262144,0,0,0,0,0.0,0.0,0.0,0.0
1558,1088,512,128,1,163840,218,0,284,218,0.0,0.0,0.0,0.0
1559,1088,576,0,1,262144,17966,6681,4837,11285,0.2929877647677937,0.4531949531949532,0.5800486195520056,0.3718690860514305
1560,1088,576,64,0,262144,0,0,0,0,0.0,0.0,0.0,0.0
1561,1088,576,128,1,163840,0,0,0,0,0.0,0.0,0.0,0.0
1562,1088,640,0,1,262144,37650,22257,25365,15393,0.35320161866222327,0.5220236419926823,0.4673680231825627,0.5911553784860558
1563,1088,640,64,0,262144,34868,17553,14394,17315,0.3563192724615322,0.5254209384120332,0.5494412620903372,0.5034128714007112
1564,1088,640,128,1,163840,64,17,1,47,0.26153846153846155,0.4146341463414634,0.9444444444444444,0.265625
1565,1088,704,0,1,262144,39070,14471,9065,24599,0.3006336345694401,0.46228795962048363,0.614845343303875,0.37038648579472744
1566,1088,704,64,0,262144,44177,28743,32817,15434,0.3733148037509416,0.5436696709761011,0.4669103313840156,0.6506326821649274
1567,1088,704,128,1,163840,23211,1991,1270,21220,0.08132837710877823,0.15042308854638864,0.6105489113768783,0.08577829477402955
1568,1088,768,0,1,262144,23736,828,449,22908,0.03423609675418648,0.06620557310198696,0.6483946750195771,0.03488372093023256
1569,1088,768,64,0,262144,15655,10685,20785,4970,0.29322173435784854,0.45347480106100796,0.33952971083571654,0.6825295432769083
1570,1088,768,128,1,163840,28942,13385,7465,15557,0.36764907847391987,0.5376365681233933,0.6419664268585132,0.4624766774929169
1571,1088,832,0,1,262144,41144,13616,9454,27528,0.26910154551563303,0.4240819758931074,0.5902037277850022,0.33093525179856115
1572,1088,832,64,0,262144,36353,9583,4195,26770,0.23633718062543158,0.3823183259859169,0.6955291043692844,0.26360960580969933
1573,1088,832,128,1,163840,15234,20,1268,15214,0.0012119743061447098,0.00242101440503571,0.015527950310559006,0.0013128528291978469
1574,1088,896,0,1,262144,8872,5782,10010,3090,0.3062175616989726,0.4688614985403827,0.36613475177304966,0.6517132551848512
1575,1088,896,64,0,262144,42695,30401,13397,12294,0.5419845967339371,0.702970182558126,0.6941184528973926,0.7120505914041457
1576,1088,896,128,1,163840,18419,64,3,18355,0.0034741070459233525,0.006924158822893,0.9552238805970149,0.003474672892122265
1577,1088,960,0,1,262144,5468,278,1947,5190,0.03749157113958193,0.07227349538541532,0.1249438202247191,0.05084125822970007
1578,1088,960,64,0,262144,27426,14677,20268,12749,0.30773262884220237,0.4706353914479486,0.42000286163971956,0.5351491285641362
1579,1088,960,128,1,163840,28033,853,3300,27180,0.027223693869083715,0.053004411856086495,0.20539369130748855,0.030428423643562942
1580,1088,1024,0,1,262144,20244,5046,4665,15198,0.20257738166927616,0.33690535803705557,0.5196169292554834,0.24925903971547125
1581,1088,1024,64,0,262144,1403,0,0,1403,0.0,0.0,0.0,0.0
1582,1088,1024,128,1,163840,0,0,0,0,0.0,0.0,0.0,0.0
1583,1088,1088,0,1,262144,23074,17016,9492,6058,0.5225081373211324,0.6863781210923319,0.6419194205522861,0.7374534107653636
1584,1088,1088,64,0,262144,28552,3591,5181,24961,0.10645362108321228,0.19242310577644411,0.40937072503419975,0.12577052395629026
1585,1088,1088,128,1,163840,0,0,0,0,0.0,0.0,0.0,0.0
1586,1088,1152,0,1,262144,13528,12420,9980,1108,0.5283307810107197,0.6913827655310621,0.5544642857142857,0.9180958013010053
1587,1088,1152,64,0,262144,6543,4649,4727,1894,0.41251109139307895,0.584081914693134,0.4958404436860068,0.710530337765551
1588,1088,1152,128,1,163840,0,0,0,0,0.0,0.0,0.0,0.0
1589,1088,1216,0,1,262144,0,0,0,0,0.0,0.0,0.0,0.0
1590,1088,1216,64,0,262144,22242,3907,1690,18335,0.163254220290824,0.2806853694457416,0.698052528140075,0.1756586637892276
1591,1088,1216,128,1,163840,0,0,0,0,0.0,0.0,0.0,0.0
1592,1088,1280,0,1,262144,0,0,0,0,0.0,0.0,0.0,0.0
1593,1088,1280,64,0,262144,18617,920,430,17697,0.04830156980101853,0.09215205088395853,0.6814814814814815,0.0494171993339421
1594,1088,1280,128,1,163840,2542,241,140,2301,0.08985831469052946,0.16489907629148134,0.6325459317585301,0.09480723839496459
1595,1088,1344,0,1,262144,0,0,0,0,0.0,0.0,0.0,0.0
1596,1088,1344,64,0,262144,783,662,91,121,0.7574370709382151,0.8619791666666666,0.8791500664010624,0.8454661558109834
1597,1088,1344,128,1,163840,9981,2853,1458,7128,0.24940991345397326,0.3992443324937028,0.6617954070981211,0.28584310189359785
1598,1088,1408,0,1,262144,0,0,0,0,0.0,0.0,0.0,0.0
1599,1088,1408,64,0,262144,0,0,0,0,0.0,0.0,0.0,0.0
1600,1088,1408,128,1,163840,2,0,0,2,0.0,0.0,0.0,0.0
1601,1088,1472,0,1,262144,0,0,0,0,0.0,0.0,0.0,0.0
1602,1088,1472,64,0,262144,69,69,536,0,0.1140495867768595,0.20474777448071216,0.1140495867768595,1.0
1603,1088,1472,128,1,163840,11429,4566,4264,6863,0.29095775186388834,0.45076262401895456,0.5171007927519818,0.39951001837431094
1604,1088,1536,0,1,262144,11967,3146,2316,8821,0.22026184975145277,0.3610075162086178,0.5759794946905895,0.2628896131026991
1605,1088,1536,64,0,262144,46451,34692,25234,11759,0.4839506172839506,0.6522462562396006,0.5789139939258419,0.7468515209575682
1606,1088,1536,128,1,163840,31582,10525,3757,21057,0.2978295933671015,0.4589656375370661,0.7369416048172525,0.3332594515863467
1607,1088,1600,0,1,262144,50223,31238,17430,18985,0.46173857774230265,0.6317662881354218,0.6418591271472014,0.6219859426955777
1608,1088,1600,64,0,262144,44943,38967,31723,5976,0.5082696371272794,0.6739771518511152,0.5512377988400057,0.8670315733262132
1609,1088,1600,128,1,163840,4374,2536,328,1838,0.5393449595916632,0.7007460624481902,0.8854748603351955,0.5797896662094193
1610,1088,1664,0,1,262144,23619,10494,4723,13125,0.37026321360525016,0.5404264084869709,0.6896234474600775,0.4443033151276515
1611,1088,1664,64,0,262144,17495,8135,3226,9360,0.392596882389846,0.5638342112558913,0.7160461227004665,0.4649899971420406
1612,1088,1664,128,1,163840,40528,16565,6553,23963,0.35184044519020413,0.5205354617729315,0.7165412232892119,0.40872976707461506
1613,1088,1728,0,1,262144,38912,20792,6127,18120,0.4616443526721286,0.6316780847928787,0.7723912478175267,0.5343338815789473
1614,1088,1728,64,0,262144,44296,33876,8095,10420,0.6465996068026951,0.7853756361065065,0.8071287317433467,0.764764312804768
1615,1088,1728,128,1,163840,26463,14835,843,11628,0.5432871896286531,0.7040649248949954,0.946230386528894,0.5605940369572611
1616,1088,1792,0,1,262144,73011,38072,6726,34939,0.4774696815781883,0.6463343208074086,0.8498593687218179,0.5214556710632644
1617,1088,1792,64,0,262144,14857,5007,391,9850,0.32837093389296956,0.49439644532214266,0.9275657650981846,0.33701285589284513
1618,1088,1792,128,1,163840,4796,1799,695,2997,0.3276270260426152,0.4935528120713306,0.7213311948676825,0.3751042535446205
1619,1088,1856,0,1,262144,14327,1444,1766,12883,0.089728453364817,0.1646803900325027,0.44984423676012464,0.1007887205974733
1620,1088,1856,64,0,262144,42703,13844,3899,28859,0.2970687953306725,0.4580617410581345,0.7802513667361777,0.32419267967121745
1621,1088,1856,128,1,163840,18702,3647,956,15055,0.1855224336148133,0.31298004720017164,0.7923093634586139,0.1950058817238798
1622,1088,1920,0,1,262144,24353,10749,1116,13604,0.4220424830185716,0.5935722568888399,0.9059418457648546,0.44138299182852214
1623,1088,1920,64,0,262144,19688,2677,1001,17011,0.1293924307603074,0.22913635196439272,0.7278412180532898,0.13597114993904916
1624,1088,1920,128,1,163840,31695,2683,229,29012,0.08404335296328781,0.15505533562574045,0.9213598901098901,0.08465057580059947
1625,1088,1984,0,1,262144,43684,31229,9734,12455,0.5846156726197163,0.7378643070634517,0.7623709200986256,0.7148841681164728
1626,1088,1984,64,0,262144,26799,18302,6898,8497,0.5431344036561119,0.703936614165657,0.7262698412698413,0.6829359304451659
1627,1088,1984,128,1,163840,24630,8075,1389,16555,0.3103501287520658,0.4736903854050566,0.8532333051563821,0.3278522127486805
1628,1088,2048,0,1,262144,0,0,0,0,0.0,0.0,0.0,0.0
1629,1088,2048,64,0,262144,19858,18288,12201,1570,0.5704482360647556,0.7264782410074085,0.5998228869428318,0.9209386645180784
1630,1088,2048,128,1,163840,42614,19578,9424,23036,0.3762250662977055,0.5467493297587132,0.6750568926280947,0.45942647956070776
1631,1088,2112,0,1,262144,39491,29557,7886,9934,0.62386812166241,0.7683728910494709,0.7893865341986486,0.7484490136993239
1632,1088,2112,64,0,262144,40280,37959,17641,2321,0.6553581602527581,0.79180225281602,0.6827158273381295,0.9423783515392254
1633,1088,2112,128,1,163840,23250,12913,8993,10337,0.4004900288434699,0.5719284259013199,0.5894732036884872,0.5553978494623656
1634,1088,2176,0,1,262144,1868,1719,2275,149,0.41491672700941346,0.586489252814739,0.43039559339008515,0.9202355460385439
1635,1088,2176,64,0,262144,642,642,1478,0,0.30283018867924527,0.46488052136133234,0.30283018867924527,1.0
1636,1088,2176,128,1,163840,15964,4760,3963,11204,0.23887188237065288,0.38562806335318184,0.545683824372349,0.2981708844901027
1637,1088,2240,0,1,262144,43752,36242,5095,7510,0.7419493520584682,0.8518609926077402,0.8767448048963399,0.8283507039678186
1638,1088,2240,64,0,262144,43751,40228,8714,3523,0.7667587915753359,0.8679835586290227,0.8219525152220997,0.9194761262599712
1639,1088,2240,128,1,163840,4232,3698,1354,534,0.6620121732903688,0.7966393795777682,0.731987331749802,0.8738185255198487
1640,1088,2304,0,1,262144,4,0,1,4,0.0,0.0,0.0,0.0
1641,1088,2304,64,0,262144,29,0,584,29,0.0,0.0,0.0,0.0
1642,1088,2304,128,1,163840,0,0,6604,0,0.0,0.0,0.0,0.0
1643,1088,2368,0,1,262144,0,0,0,0,0.0,0.0,0.0,0.0
1644,1088,2368,64,0,262144,0,0,22,0,0.0,0.0,0.0,0.0
1645,1088,2368,128,1,163840,0,0,165,0,0.0,0.0,0.0,0.0
1646,1088,2432,0,1,262144,10709,0,0,10709,0.0,0.0,0.0,0.0
1647,1088,2432,64,0,262144,0,0,557,0,0.0,0.0,0.0,0.0
1648,1088,2432,128,1,163840,0,0,57,0,0.0,0.0,0.0,0.0
1649,1088,2496,0,1,240064,2678,0,0,2678,0.0,0.0,0.0,0.0
1650,1088,2496,64,0,262144,4790,0,0,4790,0.0,0.0,0.0,0.0
1651,1088,2496,128,1,163840,0,0,0,0,0.0,0.0,0.0,0.0
1652,1088,2560,0,1,92224,0,0,0,0,0.0,0.0,0.0,0.0
1653,1088,2560,64,0,262144,0,0,0,0,0.0,0.0,0.0,0.0
1654,1088,2560,128,1,163840,15002,6308,4931,8694,0.3164601414739377,0.4807743607332038,0.5612598985674883,0.4204772696973737
1655,1088,2624,0,1,1664,0,0,0,0,0.0,0.0,0.0,0.0
1656,1088,2624,64,0,177472,0,0,0,0,0.0,0.0,0.0,0.0
1657,1088,2624,128,1,163840,7575,4937,660,2638,0.5995142683667274,0.7496204069237777,0.8820796855458282,0.6517491749174917
1658,1088,2688,64,0,21184,0,0,0,0,0.0,0.0,0.0,0.0
1659,1088,2688,128,1,150656,0,0,0,0,0.0,0.0,0.0,0.0
1660,1088,2752,128,1,24704,0,0,0,0,0.0,0.0,0.0,0.0
1661,1152,0,0,1,214783,0,0,11,0,0.0,0.0,0.0,0.0
1662,1152,0,64,1,206020,0,0,0,0,0.0,0.0,0.0,0.0
1663,1152,0,128,1,131128,0,0,0,0,0.0,0.0,0.0,0.0
1664,1152,64,0,1,262144,0,0,0,0,0.0,0.0,0.0,0.0
1665,1152,64,64,0,262144,0,0,2113,0,0.0,0.0,0.0,0.0
1666,1152,64,128,1,163840,0,0,0,0,0.0,0.0,0.0,0.0
1667,1152,128,0,1,262144,0,0,22969,0,0.0,0.0,0.0,0.0
1668,1152,128,64,0,262144,0,0,15836,0,0.0,0.0,0.0,0.0
1669,1152,128,128,1,163840,918,76,659,842,0.04819277108433735,0.09195402298850575,0.10340136054421768,0.08278867102396514
1670,1152,192,0,1,262144,0,0,219,0,0.0,0.0,0.0,0.0
1671,1152,192,64,0,262144,0,0,20141,0,0.0,0.0,0.0,0.0
1672,1152,192,128,1,163840,59,0,0,59,0.0,0.0,0.0,0.0
1673,1152,256,0,1,262144,0,0,0,0,0.0,0.0,0.0,0.0
1674,1152,256,64,0,262144,0,0,0,0,0.0,0.0,0.0,0.0
1675,1152,256,128,1,163840,0,0,8154,0,0.0,0.0,0.0,0.0
1676,1152,320,0,1,262144,0,0,0,0,0.0,0.0,0.0,0.0
1677,1152,320,64,0,262144,0,0,0,0,0.0,0.0,0.0,0.0
1678,1152,320,128,1,163840,0,0,0,0,0.0,0.0,0.0,0.0
1679,1152,384,0,1,262144,0,0,386,0,0.0,0.0,0.0,0.0
1680,1152,384,64,0,262144,0,0,0,0,0.0,0.0,0.0,0.0
1681,1152,384,128,1,163840,0,0,0,0,0.0,0.0,0.0,0.0
1682,1152,448,0,1,262144,0,0,33,0,0.0,0.0,0.0,0.0
1683,1152,448,64,0,262144,0,0,0,0,0.0,0.0,0.0,0.0
1684,1152,448,128,1,163840,0,0,0,0,0.0,0.0,0.0,0.0
1685,1152,512,0,1,262144,0,0,190,0,0.0,0.0,0.0,0.0
1686,1152,512,64,0,262144,0,0,0,0,0.0,0.0,0.0,0.0
1687,1152,512,128,1,163840,0,0,334,0,0.0,0.0,0.0,0.0
1688,1152,576,0,1,262144,7257,0,2560,7257,0.0,0.0,0.0,0.0
1689,1152,576,64,0,262144,0,0,0,0,0.0,0.0,0.0,0.0
1690,1152,576,128,1,163840,0,0,0,0,0.0,0.0,0.0,0.0
1691,1152,640,0,1,262144,32576,8506,10351,24070,0.1981503482656603,0.3307604067427527,0.45107917484223364,0.26111247544204325
1692,1152,640,64,0,262144,10029,2740,8599,7289,0.1470904015460597,0.2564582553350805,0.24164388394038275,0.27320769767673747
1693,1152,640,128,1,163840,0,0,0,0,0.0,0.0,0.0,0.0
1694,1152,704,0,1,262144,55509,4006,5170,51503,0.06601954547701841,0.12386179176006802,0.4365736704446382,0.07216847718388009
1695,1152,704,64,0,262144,46782,3863,15463,42919,0.06206120973572175,0.11686936528105524,0.19988616371727208,0.08257449446368262
1696,1152,704,128,1,163840,19020,144,627,18876,0.007329363261566651,0.01455206912232833,0.1867704280155642,0.007570977917981073
1697,1152,768,0,1,262144,2205,0,99,2205,0.0,0.0,0.0,0.0
1698,1152,768,64,0,262144,42757,3143,9542,39614,0.06009675137191916,0.1133797482053317,0.24777296018919984,0.07350843136796315
1699,1152,768,128,1,163840,15182,378,2051,14804,0.02193466024487901,0.042927715632275286,0.15561959654178675,0.024897905414306417
1700,1152,832,0,1,262144,95,0,8639,95,0.0,0.0,0.0,0.0
1701,1152,832,64,0,262144,1761,0,294,1761,0.0,0.0,0.0,0.0
1702,1152,832,128,1,163840,15759,48,419,15711,0.0029669922116454446,0.005916430420313078,0.10278372591006424,0.0030458785455929945
1703,1152,896,0,1,262144,0,0,195,0,0.0,0.0,0.0,0.0
1704,1152,896,64,0,262144,13774,75,70,13699,0.00541750939034961,0.010776636252604353,0.5172413793103449,0.005445041382314506
1705,1152,896,128,1,163840,69,0,0,69,0.0,0.0,0.0,0.0
1706,1152,960,0,1,262144,0,0,0,0,0.0,0.0,0.0,0.0
1707,1152,960,64,0,262144,13290,6175,4303,7115,0.3509918717671801,0.5196061932009425,0.5893300248138957,0.4646350639578631
1708,1152,960,128,1,163840,22462,3716,863,18746,0.15931404072883174,0.27484190673421843,0.8115309019436558,0.16543495681595582
1709,1152,1024,0,1,262144,22682,6812,5914,15870,0.23821513498391383,0.38477180298237684,0.5352820996385352,0.30032624988978046
1710,1152,1024,64,0,262144,104,0,0,104,0.0,0.0,0.0,0.0
1711,1152,1024,128,1,163840,0,0,0,0,0.0,0.0,0.0,0.0
1712,1152,1088,0,1,262144,1709,1649,4756,60,0.2550657385924207,0.40645797387231947,0.2574551131928181,0.9648917495611469
1713,1152,1088,64,0,262144,517,0,6,517,0.0,0.0,0.0,0.0
1714,1152,1088,128,1,163840,0,0,0,0,0.0,0.0,0.0,0.0
1715,1152,1152,0,1,262144,377,146,6579,231,0.020989074180563543,0.0411151788228668,0.02171003717472119,0.38726790450928383
1716,1152,1152,64,0,262144,8841,1580,937,7261,0.1615872366537124,0.27821799612607856,0.6277314263011522,0.17871281529238775
1717,1152,1152,128,1,163840,0,0,0,0,0.0,0.0,0.0,0.0
1718,1152,1216,0,1,262144,0,0,0,0,0.0,0.0,0.0,0.0
1719,1152,1216,64,0,262144,14178,2312,980,11866,0.1525267185644544,0.2646823125357756,0.7023086269744836,0.1630695443645084
1720,1152,1216,128,1,163840,0,0,0,0,0.0,0.0,0.0,0.0
1721,1152,1280,0,1,262144,0,0,0,0,0.0,0.0,0.0,0.0
1722,1152,1280,64,0,262144,833,172,110,661,0.1823966065747614,0.30852017937219733,0.6099290780141844,0.2064825930372149
1723,1152,1280,128,1,163840,109,0,0,109,0.0,0.0,0.0,0.0
1724,1152,1344,0,1,262144,0,0,0,0,0.0,0.0,0.0,0.0
1725,1152,1344,64,0,262144,0,0,88,0,0.0,0.0,0.0,0.0
1726,1152,1344,128,1,163840,22,0,0,22,0.0,0.0,0.0,0.0
1727,1152,1408,0,1,262144,0,0,0,0,0.0,0.0,0.0,0.0
1728,1152,1408,64,0,262144,0,0,0,0,0.0,0.0,0.0,0.0
1729,1152,1408,128,1,163840,0,0,0,0,0.0,0.0,0.0,0.0
1730,1152,1472,0,1,262144,0,0,11,0,0.0,0.0,0.0,0.0
1731,1152,1472,64,0,262144,0,0,0,0,0.0,0.0,0.0,0.0
1732,1152,1472,128,1,163840,0,0,0,0,0.0,0.0,0.0,0.0
1733,1152,1536,0,1,262144,3989,1571,2872,2418,0.2289753680221542,0.3726280834914611,0.35358991672293494,0.39383304086237153
1734,1152,1536,64,0,262144,45360,38491,24936,6869,0.5475560487083191,0.7076396995964591,0.6068551247891276,0.8485670194003527
1735,1152,1536,128,1,163840,31058,19585,9456,11473,0.4834131411363973,0.6517579327443053,0.6743913777073792,0.630594371820465
1736,1152,1600,0,1,262144,56398,26495,16661,29903,0.36265210309475904,0.5322739417803403,0.613935489850774,0.4697861626298805
1737,1152,1600,64,0,262144,33526,31098,20867,2428,0.5717279797032706,0.7275151770361793,0.5984412585394016,0.9275785957167572
1738,1152,1600,128,1,163840,0,0,0,0,0.0,0.0,0.0,0.0
1739,1152,1664,0,1,262144,10081,147,622,9934,0.013734466971877043,0.027096774193548386,0.19115734720416125,0.01458188671758754
1740,1152,1664,64,0,262144,14963,13682,10618,1281,0.5348500840467535,0.6969411405139699,0.563045267489712,0.9143888257702333
1741,1152,1664,128,1,163840,30012,5698,4265,24314,0.16623391778743765,0.2850781738586617,0.5719160895312657,0.18985739037718247
1742,1152,1728,0,1,262144,9969,882,144,9087,0.08721447641649362,0.16043656207366985,0.8596491228070176,0.08847427023773699
1743,1152,1728,64,0,262144,20972,0,0,20972,0.0,0.0,0.0,0.0
1744,1152,1728,128,1,163840,11371,27,0,11344,0.0023744613490458183,0.004737673276013336,1.0,0.0023744613490458183
1745,1152,1792,0,1,262144,37612,14249,9030,23363,0.30549719137258263,0.4680166198617201,0.612096739550668,0.3788418589811762
1746,1152,1792,64,0,262144,3956,1106,96,2850,0.27295162882527146,0.4288483908491663,0.9201331114808652,0.27957532861476236
1747,1152,1792,128,1,163840,0,0,0,0,0.0,0.0,0.0,0.0
1748,1152,1856,0,1,262144,13513,485,162,13028,0.03546617915904936,0.06850282485875706,0.749613601236476,0.03589136387182713
1749,1152,1856,64,0,262144,37406,25,30,37381,0.0006678063895715355,0.0013347214436347135,0.45454545454545453,0.0006683419772229054
1750,1152,1856,128,1,163840,11020,213,432,10807,0.01859937128885784,0.0365195027861123,0.3302325581395349,0.019328493647912885
1751,1152,1920,0,1,262144,194,0,0,194,0.0,0.0,0.0,0.0
1752,1152,1920,64,0,262144,14142,121,136,14021,0.00847457627118644,0.01680672268907563,0.4708171206225681,0.008556074105501344
1753,1152,1920,128,1,163840,25858,0,0,25858,0.0,0.0,0.0,0.0
1754,1152,1984,0,1,262144,45202,17055,13470,28147,0.29068380147259343,0.45043379507969417,0.5587223587223588,0.3773063138799168
1755,1152,1984,64,0,262144,43573,38242,21152,5331,0.5908381614522982,0.7428010916118757,0.6438697511533151,0.8776535928212426
1756,1152,1984,128,1,163840,9862,217,533,9645,0.020875420875420877,0.040897097625329816,0.28933333333333333,0.022003650375177448
1757,1152,2048,0,1,262144,0,0,0,0,0.0,0.0,0.0,0.0
1758,1152,2048,64,0,262144,3862,3743,6138,119,0.3743,0.5447136724150476,0.3788078129743953,0.9691869497669601
1759,1152,2048,128,1,163840,39153,12135,6216,27018,0.2674733849104014,0.4220575959933222,0.6612718652934445,0.3099379357903609
1760,1152,2112,0,1,262144,24231,9338,1902,14893,0.35732598630084567,0.5265146175749204,0.8307829181494661,0.3853741075481821
1761,1152,2112,64,0,262144,32070,19958,4718,12112,0.5425138632162662,0.7034152186938286,0.808802074890582,0.6223261615216713
1762,1152,2112,128,1,163840,27737,6138,1076,21599,0.21302884114809287,0.35123458556264486,0.8508455780426948,0.22129285791541983
1763,1152,2176,0,1,262144,17095,7638,1681,9457,0.4067959096719216,0.5783296736579087,0.8196158386092929,0.4467973091547236
1764,1152,2176,64,0,262144,8498,5928,7277,2570,0.37578446909667196,0.546283923881491,0.4489208633093525,0.6975759002118146
1765,1152,2176,128,1,163840,3601,0,0,3601,0.0,0.0,0.0,0.0
1766,1152,2240,0,1,262144,43134,33464,4656,9670,0.7002301736765013,0.8236886799419105,0.8778593913955929,0.7758149023971809
1767,1152,2240,64,0,262144,39319,32094,9575,7225,0.6563995582280034,0.7925618610164469,0.7702128680793876,0.816246598336682
1768,1152,2240,128,1,163840,59,0,0,59,0.0,0.0,0.0,0.0
1769,1152,2304,0,1,262144,0,0,0,0,0.0,0.0,0.0,0.0
1770,1152,2304,64,0,262144,0,0,0,0,0.0,0.0,0.0,0.0
1771,1152,2304,128,1,163840,0,0,0,0,0.0,0.0,0.0,0.0
1772,1152,2368,0,1,262144,0,0,0,0,0.0,0.0,0.0,0.0
1773,1152,2368,64,0,262144,0,0,0,0,0.0,0.0,0.0,0.0
1774,1152,2368,128,1,163840,0,0,0,0,0.0,0.0,0.0,0.0
1775,1152,2432,0,1,262144,0,0,0,0,0.0,0.0,0.0,0.0
1776,1152,2432,64,0,262144,0,0,0,0,0.0,0.0,0.0,0.0
1777,1152,2432,128,1,163840,0,0,0,0,0.0,0.0,0.0,0.0
1778,1152,2496,0,1,240064,0,0,0,0,0.0,0.0,0.0,0.0
1779,1152,2496,64,0,262144,0,0,0,0,0.0,0.0,0.0,0.0
1780,1152,2496,128,1,163840,0,0,0,0,0.0,0.0,0.0,0.0
1781,1152,2560,0,1,92203,0,0,0,0,0.0,0.0,0.0,0.0
1782,1152,2560,64,0,262099,0,0,0,0,0.0,0.0,0.0,0.0
1783,1152,2560,128,1,163840,10767,1429,7886,9338,0.07660966064440036,0.14231650234040435,0.15340848094471282,0.13272034921519457
1784,1152,2624,0,1,1664,0,0,0,0,0.0,0.0,0.0,0.0
1785,1152,2624,64,0,177386,0,0,0,0,0.0,0.0,0.0,0.0
1786,1152,2624,128,1,163840,811,0,0,811,0.0,0.0,0.0,0.0
1787,1152,2688,64,0,21184,0,0,0,0,0.0,0.0,0.0,0.0
1788,1152,2688,128,1,150656,0,0,0,0,0.0,0.0,0.0,0.0
1789,1152,2752,128,1,24704,0,0,30,0,0.0,0.0,0.0,0.0
1790,1216,0,0,1,241836,0,0,0,0,0.0,0.0,0.0,0.0
1791,1216,0,64,1,242860,0,0,0,0,0.0,0.0,0.0,0.0
1792,1216,0,128,1,150280,0,0,0,0,0.0,0.0,0.0,0.0
1793,1216,64,0,1,262144,0,0,0,0,0.0,0.0,0.0,0.0
1794,1216,64,64,0,262144,0,0,4020,0,0.0,0.0,0.0,0.0
1795,1216,64,128,1,163840,0,0,202,0,0.0,0.0,0.0,0.0
1796,1216,128,0,1,262144,0,0,26,0,0.0,0.0,0.0,0.0
1797,1216,128,64,0,262144,0,0,5243,0,0.0,0.0,0.0,0.0
1798,1216,128,128,1,163840,0,0,0,0,0.0,0.0,0.0,0.0
1799,1216,192,0,1,262144,0,0,0,0,0.0,0.0,0.0,0.0
1800,1216,192,64,0,262144,0,0,23863,0,0.0,0.0,0.0,0.0
1801,1216,192,128,1,163840,0,0,0,0,0.0,0.0,0.0,0.0
1802,1216,256,0,1,262144,0,0,0,0,0.0,0.0,0.0,0.0
1803,1216,256,64,0,262144,0,0,0,0,0.0,0.0,0.0,0.0
1804,1216,256,128,1,163840,0,0,0,0,0.0,0.0,0.0,0.0
1805,1216,320,0,1,262144,0,0,0,0,0.0,0.0,0.0,0.0
1806,1216,320,64,0,262144,0,0,0,0,0.0,0.0,0.0,0.0
1807,1216,320,128,1,163840,0,0,0,0,0.0,0.0,0.0,0.0
1808,1216,384,0,1,262144,0,0,0,0,0.0,0.0,0.0,0.0
1809,1216,384,64,0,262144,0,0,0,0,0.0,0.0,0.0,0.0
1810,1216,384,128,1,163840,0,0,0,0,0.0,0.0,0.0,0.0
1811,1216,448,0,1,262144,0,0,0,0,0.0,0.0,0.0,0.0
1812,1216,448,64,0,262144,0,0,0,0,0.0,0.0,0.0,0.0
1813,1216,448,128,1,163840,0,0,0,0,0.0,0.0,0.0,0.0
1814,1216,512,0,1,262144,0,0,0,0,0.0,0.0,0.0,0.0
1815,1216,512,64,0,262144,0,0,0,0,0.0,0.0,0.0,0.0
1816,1216,512,128,1,163840,0,0,0,0,0.0,0.0,0.0,0.0
1817,1216,576,0,1,262144,67,0,0,67,0.0,0.0,0.0,0.0
1818,1216,576,64,0,262144,0,0,0,0,0.0,0.0,0.0,0.0
1819,1216,576,128,1,163840,0,0,0,0,0.0,0.0,0.0,0.0
1820,1216,640,0,1,262144,26362,4888,2809,21474,0.16756367625381371,0.287031327989665,0.6350526179030791,0.18541840528032774
1821,1216,640,64,0,262144,0,0,5,0,0.0,0.0,0.0,0.0
1822,1216,640,128,1,163840,0,0,0,0,0.0,0.0,0.0,0.0
1823,1216,704,0,1,262144,29700,6136,9944,23564,0.15477751992735345,0.26806465705548277,0.38159203980099504,0.2065993265993266
1824,1216,704,64,0,262144,37879,896,1330,36983,0.022851896248310338,0.044682707891784065,0.4025157232704403,0.023654267536101798
1825,1216,704,128,1,163840,4072,0,0,4072,0.0,0.0,0.0,0.0
1826,1216,768,0,1,262144,28792,1956,423,26836,0.06695190826630155,0.12550126720349042,0.8221941992433796,0.06793553764934704
1827,1216,768,64,0,262144,45216,1438,14320,43778,0.02415345337274926,0.047167645225833964,0.09125523543596903,0.031802901627742394
1828,1216,768,128,1,163840,13569,0,0,13569,0.0,0.0,0.0,0.0
1829,1216,832,0,1,262144,0,0,61,0,0.0,0.0,0.0,0.0
1830,1216,832,64,0,262144,19463,106,1209,19357,0.005127708978328174,0.010203099432091635,0.0806083650190114,0.0054462313106920825
1831,1216,832,128,1,163840,30480,206,647,30274,0.006618048639444855,0.013149076054000574,0.24150058616647127,0.006758530183727034
1832,1216,896,0,1,262144,0,0,0,0,0.0,0.0,0.0,0.0
1833,1216,896,64,0,262144,0,0,0,0,0.0,0.0,0.0,0.0
1834,1216,896,128,1,163840,227,0,0,227,0.0,0.0,0.0,0.0
1835,1216,960,0,1,262144,0,0,0,0,0.0,0.0,0.0,0.0
1836,1216,960,64,0,262144,0,0,0,0,0.0,0.0,0.0,0.0
1837,1216,960,128,1,163840,1675,0,0,1675,0.0,0.0,0.0,0.0
1838,1216,1024,0,1,262144,0,0,233,0,0.0,0.0,0.0,0.0
1839,1216,1024,64,0,262144,0,0,0,0,0.0,0.0,0.0,0.0
1840,1216,1024,128,1,163840,0,0,0,0,0.0,0.0,0.0,0.0
1841,1216,1088,0,1,262144,0,0,0,0,0.0,0.0,0.0,0.0
1842,1216,1088,64,0,262144,0,0,0,0,0.0,0.0,0.0,0.0
1843,1216,1088,128,1,163840,0,0,0,0,0.0,0.0,0.0,0.0
1844,1216,1152,0,1,262144,0,0,0,0,0.0,0.0,0.0,0.0
1845,1216,1152,64,0,262144,0,0,0,0,0.0,0.0,0.0,0.0
1846,1216,1152,128,1,163840,0,0,0,0,0.0,0.0,0.0,0.0
1847,1216,1216,0,1,262144,0,0,0,0,0.0,0.0,0.0,0.0
1848,1216,1216,64,0,262144,4,0,0,4,0.0,0.0,0.0,0.0
1849,1216,1216,128,1,163840,0,0,0,0,0.0,0.0,0.0,0.0
1850,1216,1280,0,1,262144,0,0,0,0,0.0,0.0,0.0,0.0
1851,1216,1280,64,0,262144,0,0,0,0,0.0,0.0,0.0,0.0
1852,1216,1280,128,1,163840,0,0,0,0,0.0,0.0,0.0,0.0
1853,1216,1344,0,1,262144,0,0,0,0,0.0,0.0,0.0,0.0
1854,1216,1344,64,0,262144,0,0,0,0,0.0,0.0,0.0,0.0
1855,1216,1344,128,1,163840,0,0,0,0,0.0,0.0,0.0,0.0
1856,1216,1408,0,1,262144,0,0,0,0,0.0,0.0,0.0,0.0
1857,1216,1408,64,0,262144,0,0,0,0,0.0,0.0,0.0,0.0
1858,1216,1408,128,1,163840,0,0,0,0,0.0,0.0,0.0,0.0
1859,1216,1472,0,1,262144,0,0,0,0,0.0,0.0,0.0,0.0
1860,1216,1472,64,0,262144,0,0,0,0,0.0,0.0,0.0,0.0
1861,1216,1472,128,1,163840,0,0,0,0,0.0,0.0,0.0,0.0
1862,1216,1536,0,1,262144,0,0,104,0,0.0,0.0,0.0,0.0
1863,1216,1536,64,0,262144,11958,10876,13479,1082,0.42756614380626645,0.5990141271720871,0.44656128105111886,0.9095166415788594
1864,1216,1536,128,1,163840,24173,577,342,23596,0.02353661023862941,0.04599075402518731,0.6278563656147987,0.023869606585860258
1865,1216,1600,0,1,262144,38299,12480,6936,25819,0.27589256106996796,0.4324698951745647,0.6427688504326329,0.3258570719862137
1866,1216,1600,64,0,262144,41274,29964,17406,11310,0.5106339468302659,0.6760525247055639,0.6325522482583914,0.725977613025149
1867,1216,1600,128,1,163840,5009,6,13,5003,0.0011947431302270011,0.002386634844868735,0.3157894736842105,0.0011978438810141745
1868,1216,1664,0,1,262144,20963,12399,13610,8564,0.35863245885517603,0.527931533679639,0.4767195970625553,0.5914706864475504
1869,1216,1664,64,0,262144,41329,25239,26975,16090,0.36950983836964163,0.5396234886629678,0.483376106025204,0.610684991168429
1870,1216,1664,128,1,163840,23771,5580,3737,18191,0.20285007997673404,0.3372823984526112,0.5989052270044005,0.23473980901097977
1871,1216,1728,0,1,262144,0,0,245,0,0.0,0.0,0.0,0.0
1872,1216,1728,64,0,262144,19,0,34,19,0.0,0.0,0.0,0.0
1873,1216,1728,128,1,163840,0,0,0,0,0.0,0.0,0.0,0.0
1874,1216,1792,0,1,262144,10420,14,529,10406,0.0012786555849849301,0.0025540454255222112,0.02578268876611418,0.001343570057581574
1875,1216,1792,64,0,262144,0,0,0,0,0.0,0.0,0.0,0.0
1876,1216,1792,128,1,163840,0,0,0,0,0.0,0.0,0.0,0.0
1877,1216,1856,0,1,262144,2,2,40,0,0.047619047619047616,0.09090909090909091,0.047619047619047616,1.0
1878,1216,1856,64,0,262144,2371,0,0,2371,0.0,0.0,0.0,0.0
1879,1216,1856,128,1,163840,104,0,0,104,0.0,0.0,0.0,0.0
1880,1216,1920,0,1,262144,4064,144,36,3920,0.0351219512195122,0.06786050895381715,0.8,0.03543307086614173
1881,1216,1920,64,0,262144,7593,2822,918,4771,0.33157090823639995,0.49801464748963203,0.7545454545454545,0.3716581061504017
1882,1216,1920,128,1,163840,6458,0,0,6458,0.0,0.0,0.0,0.0
1883,1216,1984,0,1,262144,40564,14479,9587,26085,0.28870810153336923,0.44805817731703546,0.6016371644643896,0.3569421161621142
1884,1216,1984,64,0,262144,41952,38856,32304,3096,0.5232708468002586,0.6870358582643752,0.5460370994940978,0.9262013729977117
1885,1216,1984,128,1,163840,13827,6202,7611,7625,0.28929937494169233,0.4487698986975398,0.4489973213639325,0.44854270629926957
1886,1216,2048,0,1,262144,0,0,0,0,0.0,0.0,0.0,0.0
1887,1216,2048,64,0,262144,0,0,626,0,0.0,0.0,0.0,0.0
1888,1216,2048,128,1,163840,21750,799,2760,20951,0.03259893920848633,0.06313959461061283,0.2245012644001124,0.036735632183908046
1889,1216,2112,0,1,262144,3168,36,190,3132,0.01072066706372841,0.02121390689451974,0.1592920353982301,0.011363636363636364
1890,1216,2112,64,0,262144,12075,6919,3875,5156,0.4337931034482759,0.6050986050986051,0.6410042616268298,0.5730020703933747
1891,1216,2112,128,1,163840,20574,5288,554,15286,0.2502839833396441,0.4003634161114476,0.905169462512838,0.2570234276271022
1892,1216,2176,0,1,262144,39278,13669,4451,25609,0.31258432619085735,0.4762883724171574,0.7543598233995585,0.3480065176434645
1893,1216,2176,64,0,262144,28752,21042,9444,7710,0.5508953817153629,0.7104223640230933,0.6902184609328872,0.7318447412353923
1894,1216,2176,128,1,163840,4652,1775,1056,2877,0.31096706377014716,0.47440865962849127,0.6269869304132816,0.3815563198624248
1895,1216,2240,0,1,262144,42498,32757,3902,9741,0.7059698275862069,0.8276463231299822,0.8935595624539676,0.7707892136100523
1896,1216,2240,64,0,262144,31245,25894,7048,5351,0.6762071396861045,0.8068300434667456,0.7860482059377087,0.8287405984957593
1897,1216,2240,128,1,163840,0,0,0,0,0.0,0.0,0.0,0.0
1898,1216,2304,0,1,262144,0,0,0,0,0.0,0.0,0.0,0.0
1899,1216,2304,64,0,262144,0,0,0,0,0.0,0.0,0.0,0.0
1900,1216,2304,128,1,163840,0,0,0,0,0.0,0.0,0.0,0.0
1901,1216,2368,0,1,262144,0,0,0,0,0.0,0.0,0.0,0.0
1902,1216,2368,64,0,262144,0,0,0,0,0.0,0.0,0.0,0.0
1903,1216,2368,128,1,163840,0,0,0,0,0.0,0.0,0.0,0.0
1904,1216,2432,0,1,262144,0,0,1474,0,0.0,0.0,0.0,0.0
1905,1216,2432,64,0,262144,0,0,596,0,0.0,0.0,0.0,0.0
1906,1216,2432,128,1,163840,0,0,0,0,0.0,0.0,0.0,0.0
1907,1216,2496,0,1,235535,0,0,0,0,0.0,0.0,0.0,0.0
1908,1216,2496,64,0,262144,0,0,15845,0,0.0,0.0,0.0,0.0
1909,1216,2496,128,1,163840,0,0,2270,0,0.0,0.0,0.0,0.0
1910,1216,2560,0,1,86917,0,0,0,0,0.0,0.0,0.0,0.0
1911,1216,2560,64,0,259648,0,0,893,0,0.0,0.0,0.0,0.0
1912,1216,2560,128,1,163840,151,0,6245,151,0.0,0.0,0.0,0.0
1913,1216,2624,0,1,1664,0,0,0,0,0.0,0.0,0.0,0.0
1914,1216,2624,64,0,172800,0,0,0,0,0.0,0.0,0.0,0.0
1915,1216,2624,128,1,163840,0,0,0,0,0.0,0.0,0.0,0.0
1916,1216,2688,64,0,17539,0,0,0,0,0.0,0.0,0.0,0.0
1917,1216,2688,128,1,146732,0,0,0,0,0.0,0.0,0.0,0.0
1918,1216,2752,128,1,21959,0,0,0,0,0.0,0.0,0.0,0.0
1919,1280,0,0,1,242596,0,0,0,0,0.0,0.0,0.0,0.0
1920,1280,0,64,1,244864,0,0,0,0,0.0,0.0,0.0,0.0
1921,1280,0,128,1,151168,0,0,0,0,0.0,0.0,0.0,0.0
1922,1280,64,0,1,262144,0,0,13,0,0.0,0.0,0.0,0.0
1923,1280,64,64,0,262144,0,0,2138,0,0.0,0.0,0.0,0.0
1924,1280,64,128,1,163840,0,0,234,0,0.0,0.0,0.0,0.0
1925,1280,128,0,1,262144,0,0,3510,0,0.0,0.0,0.0,0.0
1926,1280,128,64,0,262144,0,0,3548,0,0.0,0.0,0.0,0.0
1927,1280,128,128,1,163840,0,0,0,0,0.0,0.0,0.0,0.0
1928,1280,192,0,1,262144,0,0,0,0,0.0,0.0,0.0,0.0
1929,1280,192,64,0,262144,0,0,40146,0,0.0,0.0,0.0,0.0
1930,1280,192,128,1,163840,0,0,0,0,0.0,0.0,0.0,0.0
1931,1280,256,0,1,262144,0,0,0,0,0.0,0.0,0.0,0.0
1932,1280,256,64,0,262144,0,0,99,0,0.0,0.0,0.0,0.0
1933,1280,256,128,1,163840,0,0,4179,0,0.0,0.0,0.0,0.0
1934,1280,320,0,1,262144,0,0,0,0,0.0,0.0,0.0,0.0
1935,1280,320,64,0,262144,0,0,0,0,0.0,0.0,0.0,0.0
1936,1280,320,128,1,163840,0,0,0,0,0.0,0.0,0.0,0.0
1937,1280,384,0,1,262144,0,0,0,0,0.0,0.0,0.0,0.0
1938,1280,384,64,0,262144,0,0,0,0,0.0,0.0,0.0,0.0
1939,1280,384,128,1,163840,0,0,0,0,0.0,0.0,0.0,0.0
1940,1280,448,0,1,262144,0,0,0,0,0.0,0.0,0.0,0.0
1941,1280,448,64,0,262144,0,0,0,0,0.0,0.0,0.0,0.0
1942,1280,448,128,1,163840,0,0,0,0,0.0,0.0,0.0,0.0
1943,1280,512,0,1,262144,0,0,779,0,0.0,0.0,0.0,0.0
1944,1280,512,64,0,262144,0,0,0,0,0.0,0.0,0.0,0.0
1945,1280,512,128,1,163840,0,0,0,0,0.0,0.0,0.0,0.0
1946,1280,576,0,1,262144,0,0,0,0,0.0,0.0,0.0,0.0
1947,1280,576,64,0,262144,0,0,0,0,0.0,0.0,0.0,0.0
1948,1280,576,128,1,163840,0,0,0,0,0.0,0.0,0.0,0.0
1949,1280,640,0,1,262144,11432,0,0,11432,0.0,0.0,0.0,0.0
1950,1280,640,64,0,262144,0,0,0,0,0.0,0.0,0.0,0.0
1951,1280,640,128,1,163840,0,0,0,0,0.0,0.0,0.0,0.0
1952,1280,704,0,1,262144,30518,0,0,30518,0.0,0.0,0.0,0.0
1953,1280,704,64,0,262144,8632,161,403,8471,0.017819590481460985,0.03501522401043932,0.2854609929078014,0.018651529193697867
1954,1280,704,128,1,163840,0,0,0,0,0.0,0.0,0.0,0.0
1955,1280,768,0,1,262144,21264,0,246,21264,0.0,0.0,0.0,0.0
1956,1280,768,64,0,262144,45809,3772,16892,42037,0.060158530166982985,0.11348968754231041,0.18253968253968253,0.0823418978803292
1957,1280,768,128,1,163840,9589,0,0,9589,0.0,0.0,0.0,0.0
1958,1280,832,0,1,262144,2201,0,0,2201,0.0,0.0,0.0,0.0
1959,1280,832,64,0,262144,51362,3607,11533,47755,0.05734955083869942,0.10847794051306728,0.23824306472919418,0.07022701608192827
1960,1280,832,128,1,163840,15871,36,395,15835,0.0022132054592401327,0.004416635995583364,0.08352668213457076,0.0022682880725852185
1961,1280,896,0,1,262144,0,0,0,0,0.0,0.0,0.0,0.0
1962,1280,896,64,0,262144,0,0,234,0,0.0,0.0,0.0,0.0
1963,1280,896,128,1,163840,18255,0,65,18255,0.0,0.0,0.0,0.0
1964,1280,960,0,1,262144,0,0,0,0,0.0,0.0,0.0,0.0
1965,1280,960,64,0,262144,0,0,0,0,0.0,0.0,0.0,0.0
1966,1280,960,128,1,163840,0,0,0,0,0.0,0.0,0.0,0.0
1967,1280,1024,0,1,262144,0,0,0,0,0.0,0.0,0.0,0.0
1968,1280,1024,64,0,262144,0,0,0,0,0.0,0.0,0.0,0.0
1969,1280,1024,128,1,163840,0,0,0,0,0.0,0.0,0.0,0.0
1970,1280,1088,0,1,262144,0,0,0,0,0.0,0.0,0.0,0.0
1971,1280,1088,64,0,262144,0,0,0,0,0.0,0.0,0.0,0.0
1972,1280,1088,128,1,163840,0,0,0,0,0.0,0.0,0.0,0.0
1973,1280,1152,0,1,262144,0,0,0,0,0.0,0.0,0.0,0.0
1974,1280,1152,64,0,262144,0,0,0,0,0.0,0.0,0.0,0.0
1975,1280,1152,128,1,163840,0,0,0,0,0.0,0.0,0.0,0.0
1976,1280,1216,0,1,262144,0,0,0,0,0.0,0.0,0.0,0.0
1977,1280,1216,64,0,262144,0,0,0,0,0.0,0.0,0.0,0.0
1978,1280,1216,128,1,163840,0,0,0,0,0.0,0.0,0.0,0.0
1979,1280,1280,0,1,262144,0,0,0,0,0.0,0.0,0.0,0.0
1980,1280,1280,64,0,262144,0,0,0,0,0.0,0.0,0.0,0.0
1981,1280,1280,128,1,163840,0,0,0,0,0.0,0.0,0.0,0.0
1982,1280,1344,0,1,262144,0,0,0,0,0.0,0.0,0.0,0.0
1983,1280,1344,64,0,262144,0,0,0,0,0.0,0.0,0.0,0.0
1984,1280,1344,128,1,163840,0,0,0,0,0.0,0.0,0.0,0.0
1985,1280,1408,0,1,262144,0,0,0,0,0.0,0.0,0.0,0.0
1986,1280,1408,64,0,262144,0,0,0,0,0.0,0.0,0.0,0.0
1987,1280,1408,128,1,163840,0,0,0,0,0.0,0.0,0.0,0.0
1988,1280,1472,0,1,262144,0,0,16,0,0.0,0.0,0.0,0.0
1989,1280,1472,64,0,262144,0,0,0,0,0.0,0.0,0.0,0.0
1990,1280,1472,128,1,163840,0,0,0,0,0.0,0.0,0.0,0.0
1991,1280,1536,0,1,262144,0,0,0,0,0.0,0.0,0.0,0.0
1992,1280,1536,64,0,262144,0,0,47,0,0.0,0.0,0.0,0.0
1993,1280,1536,128,1,163840,1336,0,0,1336,0.0,0.0,0.0,0.0
1994,1280,1600,0,1,262144,10636,5834,2615,4802,0.4402686589691344,0.6113701860099554,0.6904959166765298,0.5485144791274915
1995,1280,1600,64,0,262144,47757,40576,25229,7181,0.5559422354972187,0.7146052376675296,0.6166096801154928,0.8496346085390624
1996,1280,1600,128,1,163840,28267,3274,3887,24993,0.10182247931828077,0.1848255617026081,0.4571987152632314,0.1158241058478084
1997,1280,1664,0,1,262144,47285,8956,13462,38329,0.14743114886331835,0.25697602685680676,0.39950040146311,0.1894046737866131
1998,1280,1664,64,0,262144,38582,16103,19207,22479,0.2786516465071207,0.4358523250148866,0.45604644576607195,0.4173707946710902
1999,1280,1664,128,1,163840,9110,0,0,9110,0.0,0.0,0.0,0.0
2000,1280,1728,0,1,262144,0,0,360,0,0.0,0.0,0.0,0.0
2001,1280,1728,64,0,262144,0,0,240,0,0.0,0.0,0.0,0.0
2002,1280,1728,128,1,163840,270,0,0,270,0.0,0.0,0.0,0.0
2003,1280,1792,0,1,262144,25,0,0,25,0.0,0.0,0.0,0.0
2004,1280,1792,64,0,262144,0,0,0,0,0.0,0.0,0.0,0.0
2005,1280,1792,128,1,163840,0,0,0,0,0.0,0.0,0.0,0.0
2006,1280,1856,0,1,262144,0,0,0,0,0.0,0.0,0.0,0.0
2007,1280,1856,64,0,262144,0,0,574,0,0.0,0.0,0.0,0.0
2008,1280,1856,128,1,163840,0,0,0,0,0.0,0.0,0.0,0.0
2009,1280,1920,0,1,262144,40167,12997,5978,27170,0.2816556506663777,0.4395184471272531,0.6849538866930172,0.3235740782234172
2010,1280,1920,64,0,262144,43603,22757,44934,20846,0.2570337824864181,0.40895286358653654,0.3361894491143579,0.521913629796115
2011,1280,1920,128,1,163840,4110,1297,417,2813,0.286503203004197,0.4453983516483517,0.7567094515752626,0.31557177615571774
2012,1280,1984,0,1,262144,5712,639,981,5073,0.09547288211564321,0.17430441898527005,0.39444444444444443,0.11186974789915967
2013,1280,1984,64,0,262144,5779,3990,5822,1789,0.3439358675976209,0.5118337502405234,0.4066449245821443,0.6904308703928015
2014,1280,1984,128,1,163840,25880,6811,6256,19069,0.21194299228279811,0.3497573625696459,0.5212367031453279,0.2631761978361669
2015,1280,2048,0,1,262144,0,0,0,0,0.0,0.0,0.0,0.0
2016,1280,2048,64,0,262144,0,0,0,0,0.0,0.0,0.0,0.0
2017,1280,2048,128,1,163840,1888,0,0,1888,0.0,0.0,0.0,0.0
2018,1280,2112,0,1,262144,0,0,162,0,0.0,0.0,0.0,0.0
2019,1280,2112,64,0,262144,762,0,41,762,0.0,0.0,0.0,0.0
2020,1280,2112,128,1,163840,12565,0,0,12565,0.0,0.0,0.0,0.0
2021,1280,2176,0,1,262144,54096,18710,8507,35386,0.2988674664153475,0.46019701646723155,0.6874379983098798,0.34586660751257026
2022,1280,2176,64,0,262144,41795,27918,33414,13877,0.3712055738010079,0.5414294995490997,0.45519467814517706,0.667974638114607
2023,1280,2176,128,1,163840,14187,3926,1544,10261,0.2495709109401818,0.39945057740245205,0.7177330895795246,0.2767322196376965
2024,1280,2240,0,1,262144,31177,21265,2058,9912,0.6398375206860237,0.7803669724770642,0.9117609226943361,0.6820733232831895
2025,1280,2240,64,0,262144,28813,22759,5790,6054,0.6577175389417103,0.7935218437292981,0.7971907947738975,0.7898865095616562
2026,1280,2240,128,1,163840,0,0,0,0,0.0,0.0,0.0,0.0
2027,1280,2304,0,1,262144,0,0,0,0,0.0,0.0,0.0,0.0
2028,1280,2304,64,0,262144,0,0,0,0,0.0,0.0,0.0,0.0
2029,1280,2304,128,1,163840,0,0,0,0,0.0,0.0,0.0,0.0
2030,1280,2368,0,1,262144,0,0,0,0,0.0,0.0,0.0,0.0
2031,1280,2368,64,0,262144,0,0,0,0,0.0,0.0,0.0,0.0
2032,1280,2368,128,1,163840,0,0,0,0,0.0,0.0,0.0,0.0
2033,1280,2432,0,1,262144,0,0,1067,0,0.0,0.0,0.0,0.0
2034,1280,2432,64,0,262144,0,0,46,0,0.0,0.0,0.0,0.0
2035,1280,2432,128,1,163840,0,0,0,0,0.0,0.0,0.0,0.0
2036,1280,2496,0,1,228220,0,0,0,0,0.0,0.0,0.0,0.0
2037,1280,2496,64,0,262144,0,0,4418,0,0.0,0.0,0.0,0.0
2038,1280,2496,128,1,163840,0,0,450,0,0.0,0.0,0.0,0.0
2039,1280,2560,0,1,79264,0,0,0,0,0.0,0.0,0.0,0.0
2040,1280,2560,64,0,258256,0,0,0,0,0.0,0.0,0.0,0.0
2041,1280,2560,128,1,163840,0,0,0,0,0.0,0.0,0.0,0.0
2042,1280,2624,0,1,1301,0,0,0,0,0.0,0.0,0.0,0.0
2043,1280,2624,64,0,166245,0,0,0,0,0.0,0.0,0.0,0.0
2044,1280,2624,128,1,163840,0,0,0,0,0.0,0.0,0.0,0.0
2045,1280,2688,64,0,13546,0,0,0,0,0.0,0.0,0.0,0.0
2046,1280,2688,128,1,141377,0,0,0,0,0.0,0.0,0.0,0.0
2047,1280,2752,128,1,17427,0,0,0,0,0.0,0.0,0.0,0.0
2048,1344,0,0,1,242496,0,0,0,0,0.0,0.0,0.0,0.0
2049,1344,0,64,1,244864,0,0,180,0,0.0,0.0,0.0,0.0
2050,1344,0,128,1,151168,0,0,0,0,0.0,0.0,0.0,0.0
2051,1344,64,0,1,262144,0,0,48,0,0.0,0.0,0.0,0.0
2052,1344,64,64,0,262144,0,0,731,0,0.0,0.0,0.0,0.0
2053,1344,64,128,1,163840,0,0,0,0,0.0,0.0,0.0,0.0
2054,1344,128,0,1,262144,0,0,19,0,0.0,0.0,0.0,0.0
2055,1344,128,64,0,262144,0,0,487,0,0.0,0.0,0.0,0.0
2056,1344,128,128,1,163840,0,0,0,0,0.0,0.0,0.0,0.0
2057,1344,192,0,1,262144,0,0,0,0,0.0,0.0,0.0,0.0
2058,1344,192,64,0,262144,0,0,4743,0,0.0,0.0,0.0,0.0
2059,1344,192,128,1,163840,0,0,0,0,0.0,0.0,0.0,0.0
2060,1344,256,0,1,262144,0,0,0,0,0.0,0.0,0.0,0.0
2061,1344,256,64,0,262144,0,0,49,0,0.0,0.0,0.0,0.0
2062,1344,256,128,1,163840,0,0,0,0,0.0,0.0,0.0,0.0
2063,1344,320,0,1,262144,0,0,0,0,0.0,0.0,0.0,0.0
2064,1344,320,64,0,262144,0,0,0,0,0.0,0.0,0.0,0.0
2065,1344,320,128,1,163840,0,0,0,0,0.0,0.0,0.0,0.0
2066,1344,384,0,1,262144,0,0,0,0,0.0,0.0,0.0,0.0
2067,1344,384,64,0,262144,0,0,0,0,0.0,0.0,0.0,0.0
2068,1344,384,128,1,163840,0,0,0,0,0.0,0.0,0.0,0.0
2069,1344,448,0,1,262144,0,0,376,0,0.0,0.0,0.0,0.0
2070,1344,448,64,0,262144,0,0,0,0,0.0,0.0,0.0,0.0
2071,1344,448,128,1,163840,0,0,0,0,0.0,0.0,0.0,0.0
2072,1344,512,0,1,262144,0,0,0,0,0.0,0.0,0.0,0.0
2073,1344,512,64,0,262144,0,0,0,0,0.0,0.0,0.0,0.0
2074,1344,512,128,1,163840,0,0,0,0,0.0,0.0,0.0,0.0
2075,1344,576,0,1,262144,0,0,0,0,0.0,0.0,0.0,0.0
2076,1344,576,64,0,262144,0,0,0,0,0.0,0.0,0.0,0.0
2077,1344,576,128,1,163840,0,0,0,0,0.0,0.0,0.0,0.0
2078,1344,640,0,1,262144,470,0,0,470,0.0,0.0,0.0,0.0
2079,1344,640,64,0,262144,0,0,0,0,0.0,0.0,0.0,0.0
2080,1344,640,128,1,163840,0,0,0,0,0.0,0.0,0.0,0.0
2081,1344,704,0,1,262144,23190,0,51,23190,0.0,0.0,0.0,0.0
2082,1344,704,64,0,262144,9,0,0,9,0.0,0.0,0.0,0.0
2083,1344,704,128,1,163840,0,0,0,0,0.0,0.0,0.0,0.0
2084,1344,768,0,1,262144,27657,5,77,27652,0.00018028412778538978,0.0003605032625545261,0.06097560975609756,0.00018078605777922406
2085,1344,768,64,0,262144,17676,5,2301,17671,0.0002502878310056565,0.0005004504053648283,0.002168256721595837,0.0002828694274722788
2086,1344,768,128,1,163840,22,0,0,22,0.0,0.0,0.0,0.0
2087,1344,832,0,1,262144,684,0,100,684,0.0,0.0,0.0,0.0
2088,1344,832,64,0,262144,58327,3543,19748,54784,0.04537944284341979,0.0868190840255826,0.15211884418874244,0.06074373789154251
2089,1344,832,128,1,163840,7394,0,0,7394,0.0,0.0,0.0,0.0
2090,1344,896,0,1,262144,0,0,0,0,0.0,0.0,0.0,0.0
2091,1344,896,64,0,262144,16395,4108,5139,12287,0.19076808767530418,0.32041182435067467,0.44425218989942683,0.25056419640134187
2092,1344,896,128,1,163840,29561,0,0,29561,0.0,0.0,0.0,0.0
2093,1344,960,0,1,262144,0,0,0,0,0.0,0.0,0.0,0.0
2094,1344,960,64,0,262144,0,0,0,0,0.0,0.0,0.0,0.0
2095,1344,960,128,1,163840,1118,0,0,1118,0.0,0.0,0.0,0.0
2096,1344,1024,0,1,262144,0,0,0,0,0.0,0.0,0.0,0.0
2097,1344,1024,64,0,262144,0,0,507,0,0.0,0.0,0.0,0.0
2098,1344,1024,128,1,163840,0,0,0,0,0.0,0.0,0.0,0.0
2099,1344,1088,0,1,262144,0,0,0,0,0.0,0.0,0.0,0.0
2100,1344,1088,64,0,262144,0,0,0,0,0.0,0.0,0.0,0.0
2101,1344,1088,128,1,163840,0,0,0,0,0.0,0.0,0.0,0.0
2102,1344,1152,0,1,262144,0,0,0,0,0.0,0.0,0.0,0.0
2103,1344,1152,64,0,262144,0,0,1,0,0.0,0.0,0.0,0.0
2104,1344,1152,128,1,163840,0,0,0,0,0.0,0.0,0.0,0.0
2105,1344,1216,0,1,262144,0,0,0,0,0.0,0.0,0.0,0.0
2106,1344,1216,64,0,262144,0,0,0,0,0.0,0.0,0.0,0.0
2107,1344,1216,128,1,163840,0,0,0,0,0.0,0.0,0.0,0.0
2108,1344,1280,0,1,262144,0,0,0,0,0.0,0.0,0.0,0.0
2109,1344,1280,64,0,262144,0,0,0,0,0.0,0.0,0.0,0.0
2110,1344,1280,128,1,163840,0,0,0,0,0.0,0.0,0.0,0.0
2111,1344,1344,0,1,262144,0,0,0,0,0.0,0.0,0.0,0.0
2112,1344,1344,64,0,262144,0,0,0,0,0.0,0.0,0.0,0.0
2113,1344,1344,128,1,163840,0,0,0,0,0.0,0.0,0.0,0.0
2114,1344,1408,0,1,262144,0,0,0,0,0.0,0.0,0.0,0.0
2115,1344,1408,64,0,262144,0,0,48,0,0.0,0.0,0.0,0.0
2116,1344,1408,128,1,163840,0,0,0,0,0.0,0.0,0.0,0.0
2117,1344,1472,0,1,262144,0,0,0,0,0.0,0.0,0.0,0.0
2118,1344,1472,64,0,262144,0,0,24,0,0.0,0.0,0.0,0.0
2119,1344,1472,128,1,163840,0,0,0,0,0.0,0.0,0.0,0.0
2120,1344,1536,0,1,262144,0,0,0,0,0.0,0.0,0.0,0.0
2121,1344,1536,64,0,262144,0,0,26,0,0.0,0.0,0.0,0.0
2122,1344,1536,128,1,163840,0,0,0,0,0.0,0.0,0.0,0.0
2123,1344,1600,0,1,262144,951,834,132,117,0.7700831024930748,0.8701095461658842,0.8633540372670807,0.8769716088328076
2124,1344,1600,64,0,262144,32154,16444,23759,15710,0.2940997621304527,0.45452409580275577,0.4090242021739671,0.5114138209865025
2125,1344,1600,128,1,163840,29464,622,250,28842,0.020932893585515245,0.041007383966244725,0.713302752293578,0.021110507738256856
2126,1344,1664,0,1,262144,53831,6148,5606,47683,0.10343725288961421,0.18748189372569948,0.5230559809426578,0.11420928461295536
2127,1344,1664,64,0,262144,46357,10498,8616,35859,0.1909664744510942,0.32069160391623774,0.5492309302082243,0.22645986582393166
2128,1344,1664,128,1,163840,433,0,727,433,0.0,0.0,0.0,0.0
2129,1344,1728,0,1,262144,1625,293,94,1332,0.17044793484584062,0.2912524850894632,0.7571059431524548,0.1803076923076923
2130,1344,1728,64,0,262144,1412,315,68,1097,0.21283783783783783,0.35097493036211697,0.8224543080939948,0.22308781869688385
2131,1344,1728,128,1,163840,0,0,73,0,0.0,0.0,0.0,0.0
2132,1344,1792,0,1,262144,0,0,0,0,0.0,0.0,0.0,0.0
2133,1344,1792,64,0,262144,0,0,0,0,0.0,0.0,0.0,0.0
2134,1344,1792,128,1,163840,0,0,0,0,0.0,0.0,0.0,0.0
2135,1344,1856,0,1,262144,0,0,0,0,0.0,0.0,0.0,0.0
2136,1344,1856,64,0,262144,6682,1636,5498,5046,0.1343185550082102,0.2368268674001158,0.22932436220913932,0.24483687518706973
2137,1344,1856,128,1,163840,0,0,0,0,0.0,0.0,0.0,0.0
2138,1344,1920,0,1,262144,45371,19734,20532,25637,0.29944008618727525,0.46087555612644066,0.4900908955446282,0.43494743338255715
2139,1344,1920,64,0,262144,43472,9775,19310,33697,0.15569749291198115,0.2694433342062103,0.33608389204057076,0.22485737946264261
2140,1344,1920,128,1,163840,21577,2921,1656,18656,0.12572633753712392,0.2233692742983865,0.6381909547738693,0.13537563145942438
2141,1344,1984,0,1,262144,0,0,17,0,0.0,0.0,0.0,0.0
2142,1344,1984,64,0,262144,0,0,45,0,0.0,0.0,0.0,0.0
2143,1344,1984,128,1,163840,10832,0,0,10832,0.0,0.0,0.0,0.0
2144,1344,2048,0,1,262144,0,0,0,0,0.0,0.0,0.0,0.0
2145,1344,2048,64,0,262144,0,0,0,0,0.0,0.0,0.0,0.0
2146,1344,2048,128,1,163840,0,0,0,0,0.0,0.0,0.0,0.0
2147,1344,2112,0,1,262144,0,0,257,0,0.0,0.0,0.0,0.0
2148,1344,2112,64,0,262144,0,0,0,0,0.0,0.0,0.0,0.0
2149,1344,2112,128,1,163840,8528,0,0,8528,0.0,0.0,0.0,0.0
2150,1344,2176,0,1,262144,63450,15430,6843,48020,0.21950976626406613,0.3599967336654107,0.6927670273425224,0.24318360914105594
2151,1344,2176,64,0,262144,42560,10560,25071,32000,0.1561414144401236,0.2701078129196455,0.29637113749263283,0.24812030075187969
2152,1344,2176,128,1,163840,17960,6935,1597,11025,0.35460448944112083,0.5235542805375207,0.8128223159868729,0.3861358574610245
2153,1344,2240,0,1,262144,17918,12817,5839,5101,0.539504146146399,0.7008804068463936,0.6870175814751286,0.7153142091751311
2154,1344,2240,64,0,262144,25167,7171,472,17996,0.27969109559655214,0.4371228284059738,0.9382441449692529,0.284936623355982
2155,1344,2240,128,1,163840,0,0,0,0,0.0,0.0,0.0,0.0
2156,1344,2304,0,1,262144,0,0,5,0,0.0,0.0,0.0,0.0
2157,1344,2304,64,0,262144,0,0,37,0,0.0,0.0,0.0,0.0
2158,1344,2304,128,1,163840,0,0,0,0,0.0,0.0,0.0,0.0
2159,1344,2368,0,1,262144,0,0,276,0,0.0,0.0,0.0,0.0
2160,1344,2368,64,0,262144,0,0,0,0,0.0,0.0,0.0,0.0
2161,1344,2368,128,1,163840,0,0,0,0,0.0,0.0,0.0,0.0
2162,1344,2432,0,1,262144,0,0,0,0,0.0,0.0,0.0,0.0
2163,1344,2432,64,0,262144,0,0,0,0,0.0,0.0,0.0,0.0
2164,1344,2432,128,1,163840,0,0,0,0,0.0,0.0,0.0,0.0
2165,1344,2496,0,1,216384,0,0,0,0,0.0,0.0,0.0,0.0
2166,1344,2496,64,0,262144,0,0,0,0,0.0,0.0,0.0,0.0
2167,1344,2496,128,1,163840,0,0,0,0,0.0,0.0,0.0,0.0
2168,1344,2560,0,1,65427,0,0,0,0,0.0,0.0,0.0,0.0
2169,1344,2560,64,0,254080,0,0,0,0,0.0,0.0,0.0,0.0
2170,1344,2560,128,1,163840,0,0,0,0,0.0,0.0,0.0,0.0
2171,1344,2624,0,1,192,0,0,0,0,0.0,0.0,0.0,0.0
2172,1344,2624,64,0,149120,0,0,0,0,0.0,0.0,0.0,0.0
2173,1344,2624,128,1,163840,0,0,0,0,0.0,0.0,0.0,0.0
2174,1344,2688,64,0,4013,0,0,0,0,0.0,0.0,0.0,0.0
2175,1344,2688,128,1,129803,0,0,0,0,0.0,0.0,0.0,0.0
2176,1344,2752,128,1,10024,0,0,0,0,0.0,0.0,0.0,0.0
2177,1408,0,0,1,242496,0,0,0,0,0.0,0.0,0.0,0.0
2178,1408,0,64,1,244864,0,0,0,0,0.0,0.0,0.0,0.0
2179,1408,0,128,1,151168,0,0,0,0,0.0,0.0,0.0,0.0
2180,1408,64,0,1,262144,0,0,0,0,0.0,0.0,0.0,0.0
2181,1408,64,64,0,262144,0,0,0,0,0.0,0.0,0.0,0.0
2182,1408,64,128,1,163840,0,0,0,0,0.0,0.0,0.0,0.0
2183,1408,128,0,1,262144,0,0,0,0,0.0,0.0,0.0,0.0
2184,1408,128,64,0,262144,0,0,1696,0,0.0,0.0,0.0,0.0
2185,1408,128,128,1,163840,0,0,0,0,0.0,0.0,0.0,0.0
2186,1408,192,0,1,262144,0,0,0,0,0.0,0.0,0.0,0.0
2187,1408,192,64,0,262144,0,0,1773,0,0.0,0.0,0.0,0.0
2188,1408,192,128,1,163840,0,0,0,0,0.0,0.0,0.0,0.0
2189,1408,256,0,1,262144,0,0,0,0,0.0,0.0,0.0,0.0
2190,1408,256,64,0,262144,0,0,0,0,0.0,0.0,0.0,0.0
2191,1408,256,128,1,163840,0,0,720,0,0.0,0.0,0.0,0.0
2192,1408,320,0,1,262144,0,0,0,0,0.0,0.0,0.0,0.0
2193,1408,320,64,0,262144,0,0,0,0,0.0,0.0,0.0,0.0
2194,1408,320,128,1,163840,0,0,0,0,0.0,0.0,0.0,0.0
2195,1408,384,0,1,262144,0,0,0,0,0.0,0.0,0.0,0.0
2196,1408,384,64,0,262144,0,0,0,0,0.0,0.0,0.0,0.0
2197,1408,384,128,1,163840,0,0,0,0,0.0,0.0,0.0,0.0
2198,1408,448,0,1,262144,0,0,0,0,0.0,0.0,0.0,0.0
2199,1408,448,64,0,262144,0,0,0,0,0.0,0.0,0.0,0.0
2200,1408,448,128,1,163840,0,0,0,0,0.0,0.0,0.0,0.0
2201,1408,512,0,1,262144,0,0,0,0,0.0,0.0,0.0,0.0
2202,1408,512,64,0,262144,0,0,0,0,0.0,0.0,0.0,0.0
2203,1408,512,128,1,163840,0,0,0,0,0.0,0.0,0.0,0.0
2204,1408,576,0,1,262144,0,0,0,0,0.0,0.0,0.0,0.0
2205,1408,576,64,0,262144,0,0,0,0,0.0,0.0,0.0,0.0
2206,1408,576,128,1,163840,0,0,0,0,0.0,0.0,0.0,0.0
2207,1408,640,0,1,262144,0,0,0,0,0.0,0.0,0.0,0.0
2208,1408,640,64,0,262144,0,0,0,0,0.0,0.0,0.0,0.0
2209,1408,640,128,1,163840,0,0,0,0,0.0,0.0,0.0,0.0
2210,1408,704,0,1,262144,6114,0,0,6114,0.0,0.0,0.0,0.0
2211,1408,704,64,0,262144,0,0,80,0,0.0,0.0,0.0,0.0
2212,1408,704,128,1,163840,0,0,0,0,0.0,0.0,0.0,0.0
2213,1408,768,0,1,262144,26063,0,0,26063,0.0,0.0,0.0,0.0
2214,1408,768,64,0,262144,2,0,2734,2,0.0,0.0,0.0,0.0
2215,1408,768,128,1,163840,0,0,0,0,0.0,0.0,0.0,0.0
2216,1408,832,0,1,262144,22231,0,113,22231,0.0,0.0,0.0,0.0
2217,1408,832,64,0,262144,19718,596,1760,19122,0.027749324890585715,0.05400018120866178,0.2529711375212224,0.03022618926868851
2218,1408,832,128,1,163840,397,0,0,397,0.0,0.0,0.0,0.0
2219,1408,896,0,1,262144,128,0,0,128,0.0,0.0,0.0,0.0
2220,1408,896,64,0,262144,45520,9283,10625,36237,0.16533974530234216,0.2837623036009048,0.4662949568012859,0.2039323374340949
2221,1408,896,128,1,163840,8059,0,0,8059,0.0,0.0,0.0,0.0
2222,1408,960,0,1,262144,0,0,0,0,0.0,0.0,0.0,0.0
2223,1408,960,64,0,262144,1855,1544,987,311,0.5432793807178043,0.7040583675330597,0.6100355590675622,0.832345013477089
2224,1408,960,128,1,163840,24665,702,2189,23963,0.026141356967304685,0.05095079111627232,0.24282255274991352,0.028461382525846343
2225,1408,1024,0,1,262144,0,0,0,0,0.0,0.0,0.0,0.0
2226,1408,1024,64,0,262144,0,0,0,0,0.0,0.0,0.0,0.0
2227,1408,1024,128,1,163840,0,0,0,0,0.0,0.0,0.0,0.0
2228,1408,1088,0,1,262144,0,0,0,0,0.0,0.0,0.0,0.0
2229,1408,1088,64,0,262144,0,0,268,0,0.0,0.0,0.0,0.0
2230,1408,1088,128,1,163840,0,0,0,0,0.0,0.0,0.0,0.0
2231,1408,1152,0,1,262144,0,0,0,0,0.0,0.0,0.0,0.0
2232,1408,1152,64,0,262144,0,0,0,0,0.0,0.0,0.0,0.0
2233,1408,1152,128,1,163840,0,0,0,0,0.0,0.0,0.0,0.0
2234,1408,1216,0,1,262144,0,0,2,0,0.0,0.0,0.0,0.0
2235,1408,1216,64,0,262144,0,0,0,0,0.0,0.0,0.0,0.0
2236,1408,1216,128,1,163840,0,0,0,0,0.0,0.0,0.0,0.0
2237,1408,1280,0,1,262144,0,0,0,0,0.0,0.0,0.0,0.0
2238,1408,1280,64,0,262144,0,0,0,0,0.0,0.0,0.0,0.0
2239,1408,1280,128,1,163840,0,0,0,0,0.0,0.0,0.0,0.0
2240,1408,1344,0,1,262144,0,0,0,0,0.0,0.0,0.0,0.0
2241,1408,1344,64,0,262144,0,0,0,0,0.0,0.0,0.0,0.0
2242,1408,1344,128,1,163840,0,0,0,0,0.0,0.0,0.0,0.0
2243,1408,1408,0,1,262144,0,0,0,0,0.0,0.0,0.0,0.0
2244,1408,1408,64,0,262144,0,0,0,0,0.0,0.0,0.0,0.0
2245,1408,1408,128,1,163840,0,0,0,0,0.0,0.0,0.0,0.0
2246,1408,1472,0,1,262144,0,0,20,0,0.0,0.0,0.0,0.0
2247,1408,1472,64,0,262144,0,0,0,0,0.0,0.0,0.0,0.0
2248,1408,1472,128,1,163840,0,0,0,0,0.0,0.0,0.0,0.0
2249,1408,1536,0,1,262144,0,0,0,0,0.0,0.0,0.0,0.0
2250,1408,1536,64,0,262144,0,0,2622,0,0.0,0.0,0.0,0.0
2251,1408,1536,128,1,163840,0,0,0,0,0.0,0.0,0.0,0.0
2252,1408,1600,0,1,262144,0,0,0,0,0.0,0.0,0.0,0.0
2253,1408,1600,64,0,262144,2501,6,377,2495,0.0020847810979847115,0.004160887656033287,0.015665796344647518,0.0023990403838464614
2254,1408,1600,128,1,163840,14770,0,0,14770,0.0,0.0,0.0,0.0
2255,1408,1664,0,1,262144,24917,279,37,24638,0.01118057225294542,0.02211389846629414,0.8829113924050633,0.01119717461973753
2256,1408,1664,64,0,262144,34664,5990,15455,28674,0.11951555298389832,0.21351298365681085,0.2793191886220564,0.17280175398107547
2257,1408,1664,128,1,163840,4497,0,0,4497,0.0,0.0,0.0,0.0
2258,1408,1728,0,1,262144,22732,538,455,22194,0.023202656661060077,0.04535300316122234,0.5417925478348439,0.02366707724793243
2259,1408,1728,64,0,262144,14236,166,173,14070,0.011520577416892221,0.022778730703259004,0.4896755162241888,0.011660578814273672
2260,1408,1728,128,1,163840,0,0,0,0,0.0,0.0,0.0,0.0
2261,1408,1792,0,1,262144,0,0,0,0,0.0,0.0,0.0,0.0
2262,1408,1792,64,0,262144,214,0,0,214,0.0,0.0,0.0,0.0
2263,1408,1792,128,1,163840,0,0,0,0,0.0,0.0,0.0,0.0
2264,1408,1856,0,1,262144,4818,0,0,4818,0.0,0.0,0.0,0.0
2265,1408,1856,64,0,262144,42519,669,521,41850,0.01554368029739777,0.030611544533162508,0.5621848739495798,0.015734142383405068
2266,1408,1856,128,1,163840,7650,0,0,7650,0.0,0.0,0.0,0.0
2267,1408,1920,0,1,262144,26193,1295,653,24898,0.04823809878566639,0.0920365303294126,0.6647843942505134,0.04944069026075669
2268,1408,1920,64,0,262144,8248,0,537,8248,0.0,0.0,0.0,0.0
2269,1408,1920,128,1,163840,24808,152,450,24656,0.0060178953202945605,0.011963793781975601,0.25249169435215946,0.006127055788455337
2270,1408,1984,0,1,262144,0,0,0,0,0.0,0.0,0.0,0.0
2271,1408,1984,64,0,262144,0,0,0,0,0.0,0.0,0.0,0.0
2272,1408,1984,128,1,163840,54,0,0,54,0.0,0.0,0.0,0.0
2273,1408,2048,0,1,262144,0,0,0,0,0.0,0.0,0.0,0.0
2274,1408,2048,64,0,262144,0,0,0,0,0.0,0.0,0.0,0.0
2275,1408,2048,128,1,163840,0,0,0,0,0.0,0.0,0.0,0.0
2276,1408,2112,0,1,262144,0,0,0,0,0.0,0.0,0.0,0.0
2277,1408,2112,64,0,262144,0,0,0,0,0.0,0.0,0.0,0.0
2278,1408,2112,128,1,163840,3540,0,0,3540,0.0,0.0,0.0,0.0
2279,1408,2176,0,1,262144,32399,2024,2395,30375,0.05817094901419785,0.10994622195665164,0.4580221769631138,0.06247106392172598
2280,1408,2176,64,0,262144,44155,3457,6075,40698,0.06882341230340434,0.12878350438653677,0.3626731011330256,0.07829237911901257
2281,1408,2176,128,1,163840,14656,1475,1294,13181,0.09247648902821316,0.16929698708751795,0.5326832791621524,0.10064137554585152
2282,1408,2240,0,1,262144,5513,2168,2456,3345,0.272054210063998,0.42773996251356416,0.4688581314878893,0.39325231271539995
2283,1408,2240,64,0,262144,10042,393,115,9649,0.03869252732105937,0.07450236966824644,0.7736220472440944,0.03913563035251942
2284,1408,2240,128,1,163840,0,0,0,0,0.0,0.0,0.0,0.0
2285,1408,2304,0,1,262144,0,0,0,0,0.0,0.0,0.0,0.0
2286,1408,2304,64,0,262144,0,0,0,0,0.0,0.0,0.0,0.0
2287,1408,2304,128,1,163840,0,0,0,0,0.0,0.0,0.0,0.0
2288,1408,2368,0,1,262144,0,0,0,0,0.0,0.0,0.0,0.0
2289,1408,2368,64,0,262144,0,0,73,0,0.0,0.0,0.0,0.0
2290,1408,2368,128,1,163840,0,0,0,0,0.0,0.0,0.0,0.0
2291,1408,2432,0,1,262144,0,0,121,0,0.0,0.0,0.0,0.0
2292,1408,2432,64,0,262144,0,0,0,0,0.0,0.0,0.0,0.0
2293,1408,2432,128,1,163840,0,0,0,0,0.0,0.0,0.0,0.0
2294,1408,2496,0,1,202134,0,0,237,0,0.0,0.0,0.0,0.0
2295,1408,2496,64,0,262144,0,0,0,0,0.0,0.0,0.0,0.0
2296,1408,2496,128,1,163840,0,0,0,0,0.0,0.0,0.0,0.0
2297,1408,2560,0,1,49008,0,0,0,0,0.0,0.0,0.0,0.0
2298,1408,2560,64,0,248421,0,0,0,0,0.0,0.0,0.0,0.0
2299,1408,2560,128,1,163840,0,0,0,0,0.0,0.0,0.0,0.0
2300,1408,2624,0,1,31,0,0,0,0,0.0,0.0,0.0,0.0
2301,1408,2624,64,0,128976,0,0,0,0,0.0,0.0,0.0,0.0
2302,1408,2624,128,1,163840,0,0,0,0,0.0,0.0,0.0,0.0
2303,1408,2688,64,0,1465,0,0,0,0,0.0,0.0,0.0,0.0
2304,1408,2688,128,1,117250,0,0,0,0,0.0,0.0,0.0,0.0
2305,1408,2752,128,1,3270,0,0,161,0,0.0,0.0,0.0,0.0
2306,1472,0,0,1,81790,0,0,21,0,0.0,0.0,0.0,0.0
2307,1472,0,64,1,85865,0,0,0,0,0.0,0.0,0.0,0.0
2308,1472,0,128,1,58031,0,0,24,0,0.0,0.0,0.0,0.0
2309,1472,64,0,1,121572,0,0,0,0,0.0,0.0,0.0,0.0
2310,1472,64,64,1,122517,0,0,0,0,0.0,0.0,0.0,0.0
2311,1472,64,128,1,77151,0,0,0,0,0.0,0.0,0.0,0.0
2312,1472,128,0,1,123404,0,0,0,0,0.0,0.0,0.0,0.0
2313,1472,128,64,1,128531,0,0,3,0,0.0,0.0,0.0,0.0
2314,1472,128,128,1,80598,0,0,0,0,0.0,0.0,0.0,0.0
2315,1472,192,0,1,124582,0,0,0,0,0.0,0.0,0.0,0.0
2316,1472,192,64,1,125737,0,0,0,0,0.0,0.0,0.0,0.0
2317,1472,192,128,1,77899,0,0,0,0,0.0,0.0,0.0,0.0
2318,1472,256,0,1,120599,0,0,0,0,0.0,0.0,0.0,0.0
2319,1472,256,64,1,118606,0,0,0,0,0.0,0.0,0.0,0.0
2320,1472,256,128,1,78986,0,0,1437,0,0.0,0.0,0.0,0.0
2321,1472,320,0,1,127780,0,0,0,0,0.0,0.0,0.0,0.0
2322,1472,320,64,1,124700,0,0,0,0,0.0,0.0,0.0,0.0
2323,1472,320,128,1,74371,0,0,0,0,0.0,0.0,0.0,0.0
2324,1472,384,0,1,129108,0,0,0,0,0.0,0.0,0.0,0.0
2325,1472,384,64,1,128835,0,0,0,0,0.0,0.0,0.0,0.0
2326,1472,384,128,1,78352,0,0,0,0,0.0,0.0,0.0,0.0
2327,1472,448,0,1,131146,0,0,0,0,0.0,0.0,0.0,0.0
2328,1472,448,64,1,127514,0,0,0,0,0.0,0.0,0.0,0.0
2329,1472,448,128,1,82146,0,0,0,0,0.0,0.0,0.0,0.0
2330,1472,512,0,1,124819,0,0,0,0,0.0,0.0,0.0,0.0
2331,1472,512,64,1,125196,0,0,0,0,0.0,0.0,0.0,0.0
2332,1472,512,128,1,78564,0,0,0,0,0.0,0.0,0.0,0.0
2333,1472,576,0,1,125211,0,0,0,0,0.0,0.0,0.0,0.0
2334,1472,576,64,1,125746,0,0,0,0,0.0,0.0,0.0,0.0
2335,1472,576,128,1,77991,0,0,0,0,0.0,0.0,0.0,0.0
2336,1472,640,0,1,125635,0,0,0,0,0.0,0.0,0.0,0.0
2337,1472,640,64,1,123248,0,0,0,0,0.0,0.0,0.0,0.0
2338,1472,640,128,1,78838,0,0,0,0,0.0,0.0,0.0,0.0
2339,1472,704,0,1,124930,456,0,0,456,0.0,0.0,0.0,0.0
2340,1472,704,64,1,125798,0,0,0,0,0.0,0.0,0.0,0.0
2341,1472,704,128,1,77175,0,0,0,0,0.0,0.0,0.0,0.0
2342,1472,768,0,1,124346,7029,0,0,7029,0.0,0.0,0.0,0.0
2343,1472,768,64,1,126635,0,0,0,0,0.0,0.0,0.0,0.0
2344,1472,768,128,1,77705,0,0,12,0,0.0,0.0,0.0,0.0
2345,1472,832,0,1,124579,13141,0,0,13141,0.0,0.0,0.0,0.0
2346,1472,832,64,1,124036,0,0,0,0,0.0,0.0,0.0,0.0
2347,1472,832,128,1,78480,0,0,0,0,0.0,0.0,0.0,0.0
2348,1472,896,0,1,131938,5666,0,0,5666,0.0,0.0,0.0,0.0
2349,1472,896,64,1,127298,15210,0,0,15210,0.0,0.0,0.0,0.0
2350,1472,896,128,1,77174,0,0,0,0,0.0,0.0,0.0,0.0
2351,1472,960,0,1,121017,0,0,0,0,0.0,0.0,0.0,0.0
2352,1472,960,64,1,125787,9292,466,648,8826,0.04688128772635815,0.08956371324236018,0.41831238779174146,0.05015066724063711
2353,1472,960,128,1,77595,14359,1365,1125,12994,0.08815551537070525,0.1620274200249273,0.5481927710843374,0.09506233024583885
2354,1472,1024,0,1,124512,0,0,0,0,0.0,0.0,0.0,0.0
2355,1472,1024,64,1,122908,0,0,0,0,0.0,0.0,0.0,0.0
2356,1472,1024,128,1,79855,6,0,0,6,0.0,0.0,0.0,0.0
2357,1472,1088,0,1,127447,0,0,0,0,0.0,0.0,0.0,0.0
2358,1472,1088,64,1,124978,0,0,1449,0,0.0,0.0,0.0,0.0
2359,1472,1088,128,1,75401,0,0,2472,0,0.0,0.0,0.0,0.0
2360,1472,1152,0,1,123463,0,0,0,0,0.0,0.0,0.0,0.0
2361,1472,1152,64,1,123022,0,0,0,0,0.0,0.0,0.0,0.0
2362,1472,1152,128,1,76893,0,0,0,0,0.0,0.0,0.0,0.0
2363,1472,1216,0,1,124089,0,0,0,0,0.0,0.0,0.0,0.0
2364,1472,1216,64,1,124045,0,0,0,0,0.0,0.0,0.0,0.0
2365,1472,1216,128,1,78990,0,0,0,0,0.0,0.0,0.0,0.0
2366,1472,1280,0,1,123699,0,0,0,0,0.0,0.0,0.0,0.0
2367,1472,1280,64,1,129274,0,0,0,0,0.0,0.0,0.0,0.0
2368,1472,1280,128,1,80159,0,0,0,0,0.0,0.0,0.0,0.0
2369,1472,1344,0,1,122301,0,0,0,0,0.0,0.0,0.0,0.0
2370,1472,1344,64,1,125021,0,0,0,0,0.0,0.0,0.0,0.0
2371,1472,1344,128,1,77881,0,0,0,0,0.0,0.0,0.0,0.0
2372,1472,1408,0,1,124277,0,0,0,0,0.0,0.0,0.0,0.0
2373,1472,1408,64,1,126737,0,0,0,0,0.0,0.0,0.0,0.0
2374,1472,1408,128,1,77520,0,0,0,0,0.0,0.0,0.0,0.0
2375,1472,1472,0,1,128539,0,0,0,0,0.0,0.0,0.0,0.0
2376,1472,1472,64,1,124432,0,0,0,0,0.0,0.0,0.0,0.0
2377,1472,1472,128,1,78077,0,0,0,0,0.0,0.0,0.0,0.0
2378,1472,1536,0,1,124714,0,0,0,0,0.0,0.0,0.0,0.0
2379,1472,1536,64,1,122689,0,0,0,0,0.0,0.0,0.0,0.0
2380,1472,1536,128,1,79178,0,0,0,0,0.0,0.0,0.0,0.0
2381,1472,1600,0,1,123864,0,0,0,0,0.0,0.0,0.0,0.0
2382,1472,1600,64,1,126738,0,0,0,0,0.0,0.0,0.0,0.0
2383,1472,1600,128,1,79271,0,0,0,0,0.0,0.0,0.0,0.0
2384,1472,1664,0,1,123941,1274,0,0,1274,0.0,0.0,0.0,0.0
2385,1472,1664,64,1,123584,494,0,0,494,0.0,0.0,0.0,0.0
2386,1472,1664,128,1,79861,0,0,0,0,0.0,0.0,0.0,0.0
2387,1472,1728,0,1,125709,7867,0,0,7867,0.0,0.0,0.0,0.0
2388,1472,1728,64,1,127257,50,0,0,50,0.0,0.0,0.0,0.0
2389,1472,1728,128,1,77102,0,0,0,0,0.0,0.0,0.0,0.0
2390,1472,1792,0,1,128536,0,0,0,0,0.0,0.0,0.0,0.0
2391,1472,1792,64,1,126530,2233,0,0,2233,0.0,0.0,0.0,0.0
2392,1472,1792,128,1,78399,0,0,0,0,0.0,0.0,0.0,0.0
2393,1472,1856,0,1,124258,1340,0,0,1340,0.0,0.0,0.0,0.0
2394,1472,1856,64,1,122713,16989,0,0,16989,0.0,0.0,0.0,0.0
2395,1472,1856,128,1,78311,10903,0,0,10903,0.0,0.0,0.0,0.0
2396,1472,1920,0,1,119674,0,0,0,0,0.0,0.0,0.0,0.0
2397,1472,1920,64,1,120946,0,0,0,0,0.0,0.0,0.0,0.0
2398,1472,1920,128,1,77310,1367,0,0,1367,0.0,0.0,0.0,0.0
2399,1472,1984,0,1,129940,0,0,0,0,0.0,0.0,0.0,0.0
2400,1472,1984,64,1,126421,0,0,0,0,0.0,0.0,0.0,0.0
2401,1472,1984,128,1,78561,0,0,0,0,0.0,0.0,0.0,0.0
2402,1472,2048,0,1,118141,0,0,0,0,0.0,0.0,0.0,0.0
2403,1472,2048,64,1,120052,0,0,0,0,0.0,0.0,0.0,0.0
2404,1472,2048,128,1,76877,0,0,0,0,0.0,0.0,0.0,0.0
2405,1472,2112,0,1,119241,0,0,0,0,0.0,0.0,0.0,0.0
2406,1472,2112,64,1,117204,0,0,0,0,0.0,0.0,0.0,0.0
2407,1472,2112,128,1,76625,34,0,0,34,0.0,0.0,0.0,0.0
2408,1472,2176,0,1,126342,3790,0,0,3790,0.0,0.0,0.0,0.0
2409,1472,2176,64,1,130268,12180,1,32,12179,8.188666885031116e-05,0.00016375992794563171,0.030303030303030304,8.210180623973728e-05
2410,1472,2176,128,1,78167,863,0,0,863,0.0,0.0,0.0,0.0
2411,1472,2240,0,1,118246,0,0,0,0,0.0,0.0,0.0,0.0
2412,1472,2240,64,1,119451,0,0,0,0,0.0,0.0,0.0,0.0
2413,1472,2240,128,1,76905,0,0,0,0,0.0,0.0,0.0,0.0
2414,1472,2304,0,1,123170,0,0,0,0,0.0,0.0,0.0,0.0
2415,1472,2304,64,1,118144,0,0,0,0,0.0,0.0,0.0,0.0
2416,1472,2304,128,1,76323,0,0,0,0,0.0,0.0,0.0,0.0
2417,1472,2368,0,1,120792,0,0,0,0,0.0,0.0,0.0,0.0
2418,1472,2368,64,1,120987,0,0,0,0,0.0,0.0,0.0,0.0
2419,1472,2368,128,1,74600,0,0,0,0,0.0,0.0,0.0,0.0
2420,1472,2432,0,1,117030,0,0,0,0,0.0,0.0,0.0,0.0
2421,1472,2432,64,1,123803,0,0,0,0,0.0,0.0,0.0,0.0
2422,1472,2432,128,1,76275,0,0,0,0,0.0,0.0,0.0,0.0
2423,1472,2496,0,1,78548,0,0,773,0,0.0,0.0,0.0,0.0
2424,1472,2496,64,1,121166,0,0,0,0,0.0,0.0,0.0,0.0
2425,1472,2496,128,1,78817,0,0,0,0,0.0,0.0,0.0,0.0
2426,1472,2560,0,1,13467,0,0,0,0,0.0,0.0,0.0,0.0
2427,1472,2560,64,1,105897,0,0,0,0,0.0,0.0,0.0,0.0
2428,1472,2560,128,1,74760,0,0,0,0,0.0,0.0,0.0,0.0
2429,1472,2624,64,1,41018,0,0,0,0,0.0,0.0,0.0,0.0
2430,1472,2624,128,1,75291,0,0,0,0,0.0,0.0,0.0,0.0
2431,1472,2688,64,1,106,0,0,0,0,0.0,0.0,0.0,0.0
2432,1472,2688,128,1,39959,0,0,473,0,0.0,0.0,0.0,0.0
